USE BINAES
GO 
--POBLACION BIBLIOTECA
insert into IDIOMA (id, idioma) values (1, 'Español');
insert into IDIOMA (id, idioma) values (2, 'Ingles');
GO
insert into FORMATO (id, formato) values (1, 'Digital');
insert into FORMATO (id, formato) values (2, 'Fisico');
GO
insert into PALABRAS_CLAVE (id, palabra_clave) values ('id4916', 'bidireccional');
insert into PALABRAS_CLAVE (id, palabra_clave) values ('id3113', 'estructura');
insert into PALABRAS_CLAVE (id, palabra_clave) values ('id1504', 'coherente');
insert into PALABRAS_CLAVE (id, palabra_clave) values ('id4936', 'Progresivo');
insert into PALABRAS_CLAVE (id, palabra_clave) values ('id4074', 'homogéneo');
insert into PALABRAS_CLAVE (id, palabra_clave) values ('id1178', 'Configurable');
insert into PALABRAS_CLAVE (id, palabra_clave) values ('id3179', 'extranet');
insert into PALABRAS_CLAVE (id, palabra_clave) values ('id3838', 'Llave pública');
insert into PALABRAS_CLAVE (id, palabra_clave) values ('id3135', 'incremental');
insert into PALABRAS_CLAVE (id, palabra_clave) values ('id3350', 'Operatorio');
insert into PALABRAS_CLAVE (id, palabra_clave) values ('id4685', 'valor añadido');
insert into PALABRAS_CLAVE (id, palabra_clave) values ('id2274', 'explícito');
insert into PALABRAS_CLAVE (id, palabra_clave) values ('id3153', 'solución de internet');
insert into PALABRAS_CLAVE (id, palabra_clave) values ('id4417', 'administración cero');
insert into PALABRAS_CLAVE (id, palabra_clave) values ('id3375', 'incremental');
insert into PALABRAS_CLAVE (id, palabra_clave) values ('id4496', '6ta generación');
insert into PALABRAS_CLAVE (id, palabra_clave) values ('id1496', 'basado en las necesidades');
insert into PALABRAS_CLAVE (id, palabra_clave) values ('id1400', 'superestructura');
insert into PALABRAS_CLAVE (id, palabra_clave) values ('id2195', 'matrices');
insert into PALABRAS_CLAVE (id, palabra_clave) values ('id2075', 'estrategia');
insert into PALABRAS_CLAVE (id, palabra_clave) values ('id3787', 'moratoria');
insert into PALABRAS_CLAVE (id, palabra_clave) values ('id3076', 'Extendido');
insert into PALABRAS_CLAVE (id, palabra_clave) values ('id2034', 'híbrido');
insert into PALABRAS_CLAVE (id, palabra_clave) values ('id1799', 'Configurable');
insert into PALABRAS_CLAVE (id, palabra_clave) values ('id1891', 'Progresivo');
insert into PALABRAS_CLAVE (id, palabra_clave) values ('id1863', 'homogéneo');
insert into PALABRAS_CLAVE (id, palabra_clave) values ('id3342', 'Proactivo');
insert into PALABRAS_CLAVE (id, palabra_clave) values ('id1366', 'multicapa');
insert into PALABRAS_CLAVE (id, palabra_clave) values ('id4265', 'direccional');
insert into PALABRAS_CLAVE (id, palabra_clave) values ('id2561', 'orientado al cliente');
insert into PALABRAS_CLAVE (id, palabra_clave) values ('id3943', 'Integrado');
insert into PALABRAS_CLAVE (id, palabra_clave) values ('id1613', 'vanguardia');
insert into PALABRAS_CLAVE (id, palabra_clave) values ('id1482', 'horas');
insert into PALABRAS_CLAVE (id, palabra_clave) values ('id4934', 'explícito');
insert into PALABRAS_CLAVE (id, palabra_clave) values ('id2432', 'Llave pública');
insert into PALABRAS_CLAVE (id, palabra_clave) values ('id4260', 'Extendido');
insert into PALABRAS_CLAVE (id, palabra_clave) values ('id2250', 'local');
insert into PALABRAS_CLAVE (id, palabra_clave) values ('id3591', 'dificación');
insert into PALABRAS_CLAVE (id, palabra_clave) values ('id1920', 'Servidor de cliente');
insert into PALABRAS_CLAVE (id, palabra_clave) values ('id1182', 'Conmutable');
insert into PALABRAS_CLAVE (id, palabra_clave) values ('id3771', 'local');
insert into PALABRAS_CLAVE (id, palabra_clave) values ('id4380', 'Interfaz gráfica');
insert into PALABRAS_CLAVE (id, palabra_clave) values ('id4230', 'administración cero');
insert into PALABRAS_CLAVE (id, palabra_clave) values ('id4029', 'Expandido');
insert into PALABRAS_CLAVE (id, palabra_clave) values ('id3685', 'multimedia');
insert into PALABRAS_CLAVE (id, palabra_clave) values ('id3999', '4ta generación');
insert into PALABRAS_CLAVE (id, palabra_clave) values ('id2852', 'Obligatorio');
insert into PALABRAS_CLAVE (id, palabra_clave) values ('id1841', 'neutral');
insert into PALABRAS_CLAVE (id, palabra_clave) values ('id3637', 'horas');
insert into PALABRAS_CLAVE (id, palabra_clave) values ('id1267', 'administración cero');
insert into PALABRAS_CLAVE (id, palabra_clave) values ('id1852', 'neutral');
insert into PALABRAS_CLAVE (id, palabra_clave) values ('id1156', 'bien modulado');
insert into PALABRAS_CLAVE (id, palabra_clave) values ('id3470', 'Arriba');
insert into PALABRAS_CLAVE (id, palabra_clave) values ('id4556', 'estructura');
insert into PALABRAS_CLAVE (id, palabra_clave) values ('id4387', 'Ergonómico');
insert into PALABRAS_CLAVE (id, palabra_clave) values ('id1544', 'vanguardia');
insert into PALABRAS_CLAVE (id, palabra_clave) values ('id2142', 'multi-estado');
insert into PALABRAS_CLAVE (id, palabra_clave) values ('id1916', 'Arriba');
insert into PALABRAS_CLAVE (id, palabra_clave) values ('id1169', 'reducido');
insert into PALABRAS_CLAVE (id, palabra_clave) values ('id3941', 'sitio web');
insert into PALABRAS_CLAVE (id, palabra_clave) values ('id3817', 'centro');
insert into PALABRAS_CLAVE (id, palabra_clave) values ('id3449', 'Extendido');
insert into PALABRAS_CLAVE (id, palabra_clave) values ('id2953', 'sinergia');
insert into PALABRAS_CLAVE (id, palabra_clave) values ('id2203', 'dificación');
insert into PALABRAS_CLAVE (id, palabra_clave) values ('id3019', '4ta generación');
insert into PALABRAS_CLAVE (id, palabra_clave) values ('id1442', 'híbrido');
insert into PALABRAS_CLAVE (id, palabra_clave) values ('id4708', 'estructura');
insert into PALABRAS_CLAVE (id, palabra_clave) values ('id1529', 'grupo de trabajo');
insert into PALABRAS_CLAVE (id, palabra_clave) values ('id2965', 'Proactivo');
insert into PALABRAS_CLAVE (id, palabra_clave) values ('id4717', 'moratoria');
insert into PALABRAS_CLAVE (id, palabra_clave) values ('id2393', 'conglomeración');
insert into PALABRAS_CLAVE (id, palabra_clave) values ('id4850', 'estrategia');
insert into PALABRAS_CLAVE (id, palabra_clave) values ('id2729', 'metodología');
insert into PALABRAS_CLAVE (id, palabra_clave) values ('id1596', 'valor añadido');
insert into PALABRAS_CLAVE (id, palabra_clave) values ('id1776', '4ta generación');
insert into PALABRAS_CLAVE (id, palabra_clave) values ('id3926', 'la mejora de procesos');
insert into PALABRAS_CLAVE (id, palabra_clave) values ('id2906', 'productividad');
insert into PALABRAS_CLAVE (id, palabra_clave) values ('id2441', 'Multilateral');
insert into PALABRAS_CLAVE (id, palabra_clave) values ('id4803', 'Interfaz gráfica');
insert into PALABRAS_CLAVE (id, palabra_clave) values ('id1503', '24 horas');
insert into PALABRAS_CLAVE (id, palabra_clave) values ('id4485', 'Opcional');
insert into PALABRAS_CLAVE (id, palabra_clave) values ('id2280', 'la mejora de procesos');
insert into PALABRAS_CLAVE (id, palabra_clave) values ('id1656', 'Conmutable');
insert into PALABRAS_CLAVE (id, palabra_clave) values ('id4628', 'red neuronal');
insert into PALABRAS_CLAVE (id, palabra_clave) values ('id3361', 'Ergonómico');
insert into PALABRAS_CLAVE (id, palabra_clave) values ('id1657', 'metodología');
insert into PALABRAS_CLAVE (id, palabra_clave) values ('id1351', 'basado en las necesidades');
insert into PALABRAS_CLAVE (id, palabra_clave) values ('id2326', 'Multilateral');
insert into PALABRAS_CLAVE (id, palabra_clave) values ('id2882', 'Operatorio');
insert into PALABRAS_CLAVE (id, palabra_clave) values ('id1970', 'Progresivo');
insert into PALABRAS_CLAVE (id, palabra_clave) values ('id1410', 'Mejorado');
insert into PALABRAS_CLAVE (id, palabra_clave) values ('id4699', 'Interfaz gráfica');
insert into PALABRAS_CLAVE (id, palabra_clave) values ('id3475', 'centro');
insert into PALABRAS_CLAVE (id, palabra_clave) values ('id2957', 'basado en las necesidades');
insert into PALABRAS_CLAVE (id, palabra_clave) values ('id3824', 'Obligatorio');
insert into PALABRAS_CLAVE (id, palabra_clave) values ('id1941', 'Operatorio');
insert into PALABRAS_CLAVE (id, palabra_clave) values ('id4755', 'modelo');
insert into PALABRAS_CLAVE (id, palabra_clave) values ('id1493', 'lealtad del cliente');

GO
insert into EDITORIAL (id, nombre) values ('id3372', 'ESE EDICIONES');
insert into EDITORIAL (id, nombre) values ('id3390', 'Editorial Santillana');
insert into EDITORIAL (id, nombre) values ('id4516', 'EDITORIAL EDISAL S.A DE C.V');
insert into EDITORIAL (id, nombre) values ('id1254', 'Editoriales Lis');
insert into EDITORIAL (id, nombre) values ('id3371', 'Editorial Jurídica Salvadoreña');
insert into EDITORIAL (id, nombre) values ('id2465', 'Editorial Nuevo Mundo');
insert into EDITORIAL (id, nombre) values ('id1740', 'Librería Berea Internacional El Salvador');
insert into EDITORIAL (id, nombre) values ('id1020', 'Editorial Equipo Rama S.A. de C.V.');
insert into EDITORIAL (id, nombre) values ('id2586', 'La Ceiba library');
insert into EDITORIAL (id, nombre) values ('id1654', 'LIBRERIA CLASICOS ROXSIL');
insert into EDITORIAL (id, nombre) values ('id3311', 'Editorial Pensar');
insert into EDITORIAL (id, nombre) values ('id2713', 'Editorial Ocean Sur');
insert into EDITORIAL (id, nombre) values ('id1818', 'Colección Monte Sinaí S.A. de C.V.');
insert into EDITORIAL (id, nombre) values ('id2624', 'Distribuidora de Textos Escolares');
insert into EDITORIAL (id, nombre) values ('id4762', 'S.A. de C.V.');
insert into EDITORIAL (id, nombre) values ('id3387', 'Imprenta Angel Editores');
insert into EDITORIAL (id, nombre) values ('id3493', 'Editorial Lo Nuestro');
insert into EDITORIAL (id, nombre) values ('id4756', 'ESE EDICIONES');
GO
insert into AUTOR (id, nombre) values ('00219100', 'Belita McDougal');
insert into AUTOR (id, nombre) values ('00219101', 'Antone Ughetti');
insert into AUTOR (id, nombre) values ('00219102', 'Aloysius Mirfin');
insert into AUTOR (id, nombre) values ('00219103', 'Boniface Thurby');
insert into AUTOR (id, nombre) values ('00219104', 'Evy Skaife');
insert into AUTOR (id, nombre) values ('00219105', 'Theodor Rickesies');
insert into AUTOR (id, nombre) values ('00219106', 'Whitby Besse');
insert into AUTOR (id, nombre) values ('00219107', 'Meara Danilishin');
insert into AUTOR (id, nombre) values ('00219108', 'Brice Dubbin');
insert into AUTOR (id, nombre) values ('00219109', 'Rosella Girardetti');
insert into AUTOR (id, nombre) values ('00219110', 'Cassandra Bulloch');
insert into AUTOR (id, nombre) values ('00219111', 'Abey Stummeyer');
insert into AUTOR (id, nombre) values ('00219112', 'Lanie O'' Cloney');
insert into AUTOR (id, nombre) values ('00219113', 'Gideon Rosas');
insert into AUTOR (id, nombre) values ('00219114', 'Sheelah Speachley');
insert into AUTOR (id, nombre) values ('00219115', 'Judye Hoy');
insert into AUTOR (id, nombre) values ('00219116', 'Giorgi Heardman');
insert into AUTOR (id, nombre) values ('00219117', 'Bear Soppit');
insert into AUTOR (id, nombre) values ('00219118', 'Stu Dreher');
insert into AUTOR (id, nombre) values ('00219119', 'Gaelan Rackam');
insert into AUTOR (id, nombre) values ('00219120', 'Merridie Ballam');
insert into AUTOR (id, nombre) values ('00219121', 'Boniface Tweedlie');
insert into AUTOR (id, nombre) values ('00219122', 'Maryann Avon');
insert into AUTOR (id, nombre) values ('00219123', 'Zonnya Magrane');
insert into AUTOR (id, nombre) values ('00219124', 'Nerti MacAlaster');
insert into AUTOR (id, nombre) values ('00219125', 'Muriel Dumphries');
insert into AUTOR (id, nombre) values ('00219126', 'Tiffanie Grimsdell');
insert into AUTOR (id, nombre) values ('00219127', 'Brewster Spelsbury');
insert into AUTOR (id, nombre) values ('00219128', 'Fanny Cureton');
insert into AUTOR (id, nombre) values ('00219129', 'Bethena Coppenhall');
insert into AUTOR (id, nombre) values ('00219130', 'Susi Filer');
insert into AUTOR (id, nombre) values ('00219131', 'Brinna Lewington');
insert into AUTOR (id, nombre) values ('00219132', 'Larissa Linnard');
insert into AUTOR (id, nombre) values ('00219133', 'Brit Hebden');
insert into AUTOR (id, nombre) values ('00219134', 'Laure Cardenas');
insert into AUTOR (id, nombre) values ('00219135', 'Townie Lording');
insert into AUTOR (id, nombre) values ('00219136', 'Dinnie Turbitt');
insert into AUTOR (id, nombre) values ('00219137', 'Merv Somers');
insert into AUTOR (id, nombre) values ('00219138', 'Ash Kibbey');
insert into AUTOR (id, nombre) values ('00219139', 'Nadine Leiden');
insert into AUTOR (id, nombre) values ('00219140', 'Margy English');
insert into AUTOR (id, nombre) values ('00219141', 'Isabelita Bontoft');
insert into AUTOR (id, nombre) values ('00219142', 'Callida Pauling');
insert into AUTOR (id, nombre) values ('00219143', 'Brandais Garrett');
insert into AUTOR (id, nombre) values ('00219144', 'Fonzie Ramm');
insert into AUTOR (id, nombre) values ('00219145', 'Emmye Meace');
insert into AUTOR (id, nombre) values ('00219146', 'Rice Aleksashin');
insert into AUTOR (id, nombre) values ('00219147', 'Ronnica Coster');
insert into AUTOR (id, nombre) values ('00219148', 'Adah Verrier');
insert into AUTOR (id, nombre) values ('00219149', 'Truda Morando');
insert into AUTOR (id, nombre) values ('00219150', 'Octavia Hookes');
insert into AUTOR (id, nombre) values ('00219151', 'Marlo Cumberpatch');
insert into AUTOR (id, nombre) values ('00219152', 'Vickie Mellmer');
insert into AUTOR (id, nombre) values ('00219153', 'Nell Peetermann');
insert into AUTOR (id, nombre) values ('00219154', 'Jae Zoane');
insert into AUTOR (id, nombre) values ('00219155', 'Stace Dudley');
insert into AUTOR (id, nombre) values ('00219156', 'Rosaline Markwell');
insert into AUTOR (id, nombre) values ('00219157', 'Arte Steggles');
insert into AUTOR (id, nombre) values ('00219158', 'Yoshi Greedy');
insert into AUTOR (id, nombre) values ('00219159', 'Dwain Rushford');
insert into AUTOR (id, nombre) values ('00219160', 'Jabez Scoone');
insert into AUTOR (id, nombre) values ('00219161', 'Upton Nissle');
insert into AUTOR (id, nombre) values ('00219162', 'Enrico Priscott');
insert into AUTOR (id, nombre) values ('00219163', 'Bruce Bordis');
insert into AUTOR (id, nombre) values ('00219164', 'Keane Purvess');
insert into AUTOR (id, nombre) values ('00219165', 'Helli Linford');
insert into AUTOR (id, nombre) values ('00219166', 'Cathlene Leahair');
insert into AUTOR (id, nombre) values ('00219167', 'Meyer Roadknight');
insert into AUTOR (id, nombre) values ('00219168', 'Terry Pouton');
insert into AUTOR (id, nombre) values ('00219169', 'Isabeau Danilchev');
insert into AUTOR (id, nombre) values ('00219170', 'Tracie Broadley');
insert into AUTOR (id, nombre) values ('00219171', 'Quinton Hecks');
insert into AUTOR (id, nombre) values ('00219172', 'Bradley Henner');
insert into AUTOR (id, nombre) values ('00219173', 'Marley Swynley');
insert into AUTOR (id, nombre) values ('00219174', 'Polly Laville');
insert into AUTOR (id, nombre) values ('00219175', 'Faye Stathers');
insert into AUTOR (id, nombre) values ('00219176', 'Josee Janodet');
insert into AUTOR (id, nombre) values ('00219177', 'Wynne Pinnijar');
insert into AUTOR (id, nombre) values ('00219178', 'Mellisent Sealy');
insert into AUTOR (id, nombre) values ('00219179', 'Alberto Rembrant');
insert into AUTOR (id, nombre) values ('00219180', 'Corene Owers');
insert into AUTOR (id, nombre) values ('00219181', 'Andee Turrell');
insert into AUTOR (id, nombre) values ('00219182', 'Ted Lindeberg');
insert into AUTOR (id, nombre) values ('00219183', 'Michel Pulhoster');
insert into AUTOR (id, nombre) values ('00219184', 'Maggy Tomaschke');
insert into AUTOR (id, nombre) values ('00219185', 'Nananne Leyton');
insert into AUTOR (id, nombre) values ('00219186', 'Jameson Franzonetti');
insert into AUTOR (id, nombre) values ('00219187', 'Sharline Scheffler');
insert into AUTOR (id, nombre) values ('00219188', 'Shea Jorry');
insert into AUTOR (id, nombre) values ('00219189', 'Betteann Achurch');
insert into AUTOR (id, nombre) values ('00219190', 'Zebadiah Purchon');
insert into AUTOR (id, nombre) values ('00219191', 'Odelle Rubinchik');
insert into AUTOR (id, nombre) values ('00219192', 'Rafi Fawthrop');
insert into AUTOR (id, nombre) values ('00219193', 'Georgeta Vanyarkin');
insert into AUTOR (id, nombre) values ('00219194', 'Georgie Drust');
insert into AUTOR (id, nombre) values ('00219195', 'Delainey Ratt');
insert into AUTOR (id, nombre) values ('00219196', 'Hans Creasy');
insert into AUTOR (id, nombre) values ('00219197', 'Sibbie Fladgate');
insert into AUTOR (id, nombre) values ('00219198', 'Jo Camerati');
insert into AUTOR (id, nombre) values ('00219199', 'Wye Curnnok');
insert into AUTOR (id, nombre) values ('00219200', 'Adrianne Bellas');
GO

insert into ETIQUETA (id, etiqueta) values ('000011', 'ISNB');
insert into ETIQUETA (id, etiqueta) values ('000012', 'ISSN');
insert into ETIQUETA (id, etiqueta) values ('000013', 'DOI');
GO
insert into TIPO (id, tipo) values ('id1', 'libros');
insert into TIPO (id, tipo) values ('id2', 'revistas');
insert into TIPO (id, tipo) values ('id3', 'periódicos');
insert into TIPO (id, tipo) values ('id4', 'memorias');
insert into TIPO (id, tipo) values ('id5', 'álbumes');
insert into TIPO (id, tipo) values ('id6', 'tesis');
insert into TIPO (id, tipo) values ('id7', 'audio');
insert into TIPO (id, tipo) values ('id8', 'video');
GO

insert into PISO (id,piso) values ('007122P','Primer piso');
insert into PISO (id,piso) values ('007123P','Segundo piso');
insert into PISO (id,piso) values ('007124P','Tercer piso');
insert into PISO (id,piso) values ('007125P','Cuarto piso');
GO
insert into GENERO (id, genero) values ('089470GE', 'Cuento');
insert into GENERO (id, genero) values ('089989GE', 'epopeya');
insert into GENERO (id, genero) values ('089679GE', 'novela');
insert into GENERO (id, genero) values ('089805GE', 'poema épico');
insert into GENERO (id, genero) values ('089947GE', 'cantares de gesta');
insert into GENERO (id, genero) values ('089291GE', 'fábula');
insert into GENERO (id, genero) values ('089464GE', 'leyendas');
insert into GENERO (id, genero) values ('089304GE', 'romances líricos');
insert into GENERO (id, genero) values ('089488GE', 'epístola');
insert into GENERO (id, genero) values ('089721GE', 'Poema');
insert into GENERO (id, genero) values ('089432GE', 'oda');
insert into GENERO (id, genero) values ('089980GE', 'sonetos');
insert into GENERO (id, genero) values ('089929GE', 'elegía');
insert into GENERO (id, genero) values ('089641GE', 'égloga sátira');
insert into GENERO (id, genero) values ('089125GE', 'himnos');
insert into GENERO (id, genero) values ('089439GE', 'Teatro');
insert into GENERO (id, genero) values ('089385GE', 'drama');
insert into GENERO (id, genero) values ('089590GE', 'comedia');
insert into GENERO (id, genero) values ('089166GE', 'amor');
insert into GENERO (id, genero) values ('089958GE', 'ópera');
insert into GENERO (id, genero) values ('089636GE', 'melodrama');
insert into GENERO (id, genero) values ('089686GE', 'farsa');
insert into GENERO (id, genero) values ('089376GE', 'tragedia');
insert into GENERO (id, genero) values ('089803GE', 'Ensayo');
insert into GENERO (id, genero) values ('089834GE', 'manuales');
GO
insert into COLECCION (id, nombre_coleccion, id_genero, id_tipo) values ('057100CO', 'Ciencias', '089947GE', 'id8');
insert into COLECCION (id, nombre_coleccion, id_genero, id_tipo) values ('057101CO', 'Lenguaje', '089980GE', 'id3');
insert into COLECCION (id, nombre_coleccion, id_genero, id_tipo) values ('057102CO', 'Musica', '089488GE', 'id4');
insert into COLECCION (id, nombre_coleccion, id_genero, id_tipo) values ('057103CO', 'Diseño', '089470GE', 'id8');
insert into COLECCION (id, nombre_coleccion, id_genero, id_tipo) values ('057104CO', 'Arquitectura', '089488GE', 'id1');
insert into COLECCION (id, nombre_coleccion, id_genero, id_tipo) values ('057105CO', 'Espiritual', '089989GE', 'id7');
insert into COLECCION (id, nombre_coleccion, id_genero, id_tipo) values ('057106CO', 'Programacion', '089803GE', 'id1');
insert into COLECCION (id, nombre_coleccion, id_genero, id_tipo) values ('057107CO', 'Mecanica', '089686GE', 'id1');
insert into COLECCION (id, nombre_coleccion, id_genero, id_tipo) values ('057108CO', 'Electronica', '089376GE', 'id2');
insert into COLECCION (id, nombre_coleccion, id_genero, id_tipo) values ('057109CO', 'Liderzgo', '089125GE', 'id2');
insert into COLECCION (id, nombre_coleccion, id_genero, id_tipo) values ('057110CO', 'Manga', '089929GE', 'id3');
insert into COLECCION (id, nombre_coleccion, id_genero, id_tipo) values ('057111CO', 'Miedo', '089721GE', 'id2');
insert into COLECCION (id, nombre_coleccion, id_genero, id_tipo) values ('057112CO', 'Ingenieria', '089679GE', 'id8');
insert into COLECCION (id, nombre_coleccion, id_genero, id_tipo) values ('057113CO', 'Psicologia', '089432GE', 'id1');
insert into COLECCION (id, nombre_coleccion, id_genero, id_tipo) values ('057114CO', 'Drama', '089166GE', 'id1');
insert into COLECCION (id, nombre_coleccion, id_genero, id_tipo) values ('057115CO', 'Suspenso', '089958GE', 'id4');
insert into COLECCION (id, nombre_coleccion, id_genero, id_tipo) values ('057116CO', 'Comedia', '089636GE', 'id5');
insert into COLECCION (id, nombre_coleccion, id_genero, id_tipo) values ('057117CO', 'Tutorial', '089432GE', 'id3');
insert into COLECCION (id, nombre_coleccion, id_genero, id_tipo) values ('057118CO', 'Infantil', '089641GE', 'id8');
insert into COLECCION (id, nombre_coleccion, id_genero, id_tipo) values ('057119CO', 'Auto-ayuda', '089636GE', 'id2');
insert into COLECCION (id, nombre_coleccion, id_genero, id_tipo) values ('057120CO', 'Matematicas', '089376GE', 'id7');
insert into COLECCION (id, nombre_coleccion, id_genero, id_tipo) values ('057121CO', 'Sociales', '089641GE', 'id8');
insert into COLECCION (id, nombre_coleccion, id_genero, id_tipo) values ('057122CO', 'Ciencias', '089590GE', 'id4');
GO
insert into EJEMPLAR (id, fecha_publicacion, id_autor, id_etiqueta, id_idioma, id_formato  , id_palabra_clave, id_editorial, Nombre, id_coleccion) values ('022100LB', CONVERT (DATE,'09/06/2022',103), '00219120', '000011', 2, 2, 'id1366', 'id4756', 'In This Our Life', '057112CO');
insert into EJEMPLAR (id, fecha_publicacion, id_autor, id_etiqueta, id_idioma, id_formato  , id_palabra_clave, id_editorial, Nombre, id_coleccion) values ('022101LB', CONVERT (DATE,'15/08/1960',103), '00219180', '000012', 2, 2, 'id2852', 'id4762', 'Solo Sunny', '057104CO');
insert into EJEMPLAR (id, fecha_publicacion, id_autor, id_etiqueta, id_idioma, id_formato  , id_palabra_clave, id_editorial, Nombre, id_coleccion) values ('022102LB', CONVERT (DATE,'01/12/1976',103), '00219133', '000011', 2, 2, 'id4685', 'id2624', 'Little Trip to Heaven, A', '057106CO');
insert into EJEMPLAR (id, fecha_publicacion, id_autor, id_etiqueta, id_idioma, id_formato  , id_palabra_clave, id_editorial, Nombre, id_coleccion) values ('022103LB', CONVERT (DATE,'15/10/2015',103), '00219137', '000011', 1, 1, 'id4803', 'id1654', 'Mummy''s Tomb, The', '057115CO');
insert into EJEMPLAR (id, fecha_publicacion, id_autor, id_etiqueta, id_idioma, id_formato  , id_palabra_clave, id_editorial, Nombre, id_coleccion) values ('022104LB', CONVERT (DATE,'07/01/1980',103), '00219172', '000011', 2, 1, 'id3361', 'id3371', 'Detour ', '057104CO');
insert into EJEMPLAR (id, fecha_publicacion, id_autor, id_etiqueta, id_idioma, id_formato  , id_palabra_clave, id_editorial, Nombre, id_coleccion) values ('022105LB', CONVERT (DATE,'21/12/1986',103), '00219115', '000011', 1, 1, 'id2906', 'id3371', 'Extraordinary Adventures of Adèle Blanc-Sec, The', '057119CO');
insert into EJEMPLAR (id, fecha_publicacion, id_autor, id_etiqueta, id_idioma, id_formato  , id_palabra_clave, id_editorial, Nombre, id_coleccion) values ('022106LB', CONVERT (DATE,'06/07/2012',103), '00219180', '000013', 2, 2, 'id3375', 'id1818', 'Innocent Blood', '057115CO');
insert into EJEMPLAR (id, fecha_publicacion, id_autor, id_etiqueta, id_idioma, id_formato  , id_palabra_clave, id_editorial, Nombre, id_coleccion) values ('022107LB', CONVERT (DATE,'22/11/1974',103), '00219138', '000012', 2, 2, 'id3449', 'id2586', 'Blood Simple', '057101CO');
insert into EJEMPLAR (id, fecha_publicacion, id_autor, id_etiqueta, id_idioma, id_formato  , id_palabra_clave, id_editorial, Nombre, id_coleccion) values ('022108LB', CONVERT (DATE,'29/06/2018',103), '00219133', '000011', 1, 1, 'id3135', 'id1740', 'Crocodile (Ag-o)', '057119CO');
insert into EJEMPLAR (id, fecha_publicacion, id_autor, id_etiqueta, id_idioma, id_formato  , id_palabra_clave, id_editorial, Nombre, id_coleccion) values ('022109LB', CONVERT (DATE,'02/05/1992',103), '00219175', '000011', 2, 1, 'id3999', 'id2713', 'I Start Counting', '057119CO');
insert into EJEMPLAR (id, fecha_publicacion, id_autor, id_etiqueta, id_idioma, id_formato  , id_palabra_clave, id_editorial, Nombre, id_coleccion) values ('022110LB', CONVERT (DATE,'05/01/2014',103), '00219142', '000012', 1, 1, 'id4496', 'id3387', 'Destiny in Space', '057106CO');
insert into EJEMPLAR (id, fecha_publicacion, id_autor, id_etiqueta, id_idioma, id_formato  , id_palabra_clave, id_editorial, Nombre, id_coleccion) values ('022111LB', CONVERT (DATE,'29/07/2001',103), '00219156', '000013', 2, 2, 'id1442', 'id4756', 'Call of the Wild, The', '057114CO');
insert into EJEMPLAR (id, fecha_publicacion, id_autor, id_etiqueta, id_idioma, id_formato  , id_palabra_clave, id_editorial, Nombre, id_coleccion) values ('022112LB', CONVERT (DATE,'26/09/2017',103), '00219175', '000011', 2, 2, 'id2195', 'id3387', 'Project Grizzly', '057101CO');
insert into EJEMPLAR (id, fecha_publicacion, id_autor, id_etiqueta, id_idioma, id_formato  , id_palabra_clave, id_editorial, Nombre, id_coleccion) values ('022113LB', CONVERT (DATE,'24/06/1985',103), '00219200', '000011', 1, 1, 'id1656', 'id4756', 'With Fire and Sword (Ogniem i mieczem)', '057113CO');
insert into EJEMPLAR (id, fecha_publicacion, id_autor, id_etiqueta, id_idioma, id_formato  , id_palabra_clave, id_editorial, Nombre, id_coleccion) values ('022114LB', CONVERT (DATE,'14/08/1992',103), '00219187', '000011', 2, 2, 'id3361', 'id1020', 'Sweeney Todd: The Demon Barber of Fleet Street', '057112CO');
insert into EJEMPLAR (id, fecha_publicacion, id_autor, id_etiqueta, id_idioma, id_formato  , id_palabra_clave, id_editorial, Nombre, id_coleccion) values ('022115LB', CONVERT (DATE,'06/04/1985',103), '00219184', '000012', 1, 2, 'id3342', 'id3371', 'Revengers Tragedy', '057109CO');
insert into EJEMPLAR (id, fecha_publicacion, id_autor, id_etiqueta, id_idioma, id_formato  , id_palabra_clave, id_editorial, Nombre, id_coleccion) values ('022116LB', CONVERT (DATE,'03/01/1992',103), '00219186', '000013', 2, 2, 'id3350', 'id4756', 'Time Code', '057112CO');
insert into EJEMPLAR (id, fecha_publicacion, id_autor, id_etiqueta, id_idioma, id_formato  , id_palabra_clave, id_editorial, Nombre, id_coleccion) values ('022117LB', CONVERT (DATE,'28/12/1989',103), '00219181', '000011', 1, 1, 'id1852', 'id4756', 'Terror is a Man', '057112CO');
insert into EJEMPLAR (id, fecha_publicacion, id_autor, id_etiqueta, id_idioma, id_formato  , id_palabra_clave, id_editorial, Nombre, id_coleccion) values ('022118LB', CONVERT (DATE,'14/06/1972',103), '00219195', '000011', 1, 1, 'id4916', 'id3493', 'Enron: The Smartest Guys in the Room', '057112CO');
insert into EJEMPLAR (id, fecha_publicacion, id_autor, id_etiqueta, id_idioma, id_formato  , id_palabra_clave, id_editorial, Nombre, id_coleccion) values ('022119LB', CONVERT (DATE,'13/02/1961',103), '00219116', '000013', 1, 1, 'id2882', 'id2465', 'Back to the Future Part III', '057122CO');
insert into EJEMPLAR (id, fecha_publicacion, id_autor, id_etiqueta, id_idioma, id_formato  , id_palabra_clave, id_editorial, Nombre, id_coleccion) values ('022120LB', CONVERT (DATE,'16/09/1976',103), '00219199', '000011', 2, 1, 'id1863', 'id3390', 'Dickie Roberts: Former Child Star', '057104CO');
insert into EJEMPLAR (id, fecha_publicacion, id_autor, id_etiqueta, id_idioma, id_formato  , id_palabra_clave, id_editorial, Nombre, id_coleccion) values ('022121LB', CONVERT (DATE,'27/04/1961',103), '00219117', '000012', 1, 1, 'id4380', 'id2465', 'Two Weeks in September', '057105CO');
insert into EJEMPLAR (id, fecha_publicacion, id_autor, id_etiqueta, id_idioma, id_formato  , id_palabra_clave, id_editorial, Nombre, id_coleccion) values ('022122LB', CONVERT (DATE,'03/11/1998',103), '00219193', '000012', 1, 1, 'id1496', 'id2465', 'Charge of the Light Brigade, The', '057107CO');
insert into EJEMPLAR (id, fecha_publicacion, id_autor, id_etiqueta, id_idioma, id_formato  , id_palabra_clave, id_editorial, Nombre, id_coleccion) values ('022123LB', CONVERT (DATE,'01/02/1992',103), '00219137', '000011', 1, 2, 'id2852', 'id3387', 'Open Your Eyes (Abre los ojos)', '057106CO');
insert into EJEMPLAR (id, fecha_publicacion, id_autor, id_etiqueta, id_idioma, id_formato  , id_palabra_clave, id_editorial, Nombre, id_coleccion) values ('022124LB', CONVERT (DATE,'19/07/1996',103), '00219164', '000013', 2, 2, 'id3361', 'id4762', 'Stormheart', '057104CO');
insert into EJEMPLAR (id, fecha_publicacion, id_autor, id_etiqueta, id_idioma, id_formato  , id_palabra_clave, id_editorial, Nombre, id_coleccion) values ('022125LB', CONVERT (DATE,'13/05/1968',103), '00219161', '000012', 1, 1, 'id2965', 'id1654', 'Craig Ferguson: A Wee Bit o'' Revolution', '057105CO');
insert into EJEMPLAR (id, fecha_publicacion, id_autor, id_etiqueta, id_idioma, id_formato  , id_palabra_clave, id_editorial, Nombre, id_coleccion) values ('022126LB', CONVERT (DATE,'15/09/1963',103), '00219120', '000013', 1, 1, 'id4717', 'id1740', 'DOA: Dead or Alive', '057115CO');
insert into EJEMPLAR (id, fecha_publicacion, id_autor, id_etiqueta, id_idioma, id_formato  , id_palabra_clave, id_editorial, Nombre, id_coleccion) values ('022127LB', CONVERT (DATE,'09/08/1983',103), '00219182', '000011', 1, 2, 'id1544', 'id3371', 'Kill, Baby, Kill (Operazione paura)', '057112CO');
insert into EJEMPLAR (id, fecha_publicacion, id_autor, id_etiqueta, id_idioma, id_formato  , id_palabra_clave, id_editorial, Nombre, id_coleccion) values ('022128LB', CONVERT (DATE,'02/12/1970',103), '00219151', '000013', 2, 2, 'id4556', 'id3493', 'Mommie Dearest', '057104CO');
insert into EJEMPLAR (id, fecha_publicacion, id_autor, id_etiqueta, id_idioma, id_formato  , id_palabra_clave, id_editorial, Nombre, id_coleccion) values ('022129LB', CONVERT (DATE,'25/01/1966',103), '00219198', '000011', 2, 1, 'id4265', 'id3372', 'La vérité si je mens !', '057109CO');
insert into EJEMPLAR (id, fecha_publicacion, id_autor, id_etiqueta, id_idioma, id_formato  , id_palabra_clave, id_editorial, Nombre, id_coleccion) values ('022130LB', CONVERT (DATE,'01/01/1969',103), '00219183', '000013', 2, 1, 'id1529', 'id3493', 'Frozen River', '057122CO');
insert into EJEMPLAR (id, fecha_publicacion, id_autor, id_etiqueta, id_idioma, id_formato  , id_palabra_clave, id_editorial, Nombre, id_coleccion) values ('022131LB', CONVERT (DATE,'29/11/1971',103), '00219194', '000012', 1, 1, 'id1656', 'id4762', 'Women of the Night (Yoru no onnatachi)', '057101CO');
insert into EJEMPLAR (id, fecha_publicacion, id_autor, id_etiqueta, id_idioma, id_formato  , id_palabra_clave, id_editorial, Nombre, id_coleccion) values ('022132LB', CONVERT (DATE,'19/10/1995',103), '00219170', '000012', 1, 1, 'id2250', 'id2713', 'Dr. Horrible''s Sing-Along Blog', '057109CO');
insert into EJEMPLAR (id, fecha_publicacion, id_autor, id_etiqueta, id_idioma, id_formato  , id_palabra_clave, id_editorial, Nombre, id_coleccion) values ('022133LB', CONVERT (DATE,'09/02/1969',103), '00219146', '000012', 1, 1, 'id1182', 'id2624', 'Queen to Play (Joueuse)', '057102CO');
insert into EJEMPLAR (id, fecha_publicacion, id_autor, id_etiqueta, id_idioma, id_formato  , id_palabra_clave, id_editorial, Nombre, id_coleccion) values ('022134LB', CONVERT (DATE,'06/03/1965',103), '00219177', '000011', 1, 2, 'id4934', 'id2624', 'Dillinger', '057112CO');
insert into EJEMPLAR (id, fecha_publicacion, id_autor, id_etiqueta, id_idioma, id_formato  , id_palabra_clave, id_editorial, Nombre, id_coleccion) values ('022135LB', CONVERT (DATE,'12/01/1984',103), '00219123', '000012', 2, 2, 'id4387', 'id1740', 'Life is a Miracle (Zivot je cudo)', '057113CO');
insert into EJEMPLAR (id, fecha_publicacion, id_autor, id_etiqueta, id_idioma, id_formato  , id_palabra_clave, id_editorial, Nombre, id_coleccion) values ('022136LB', CONVERT (DATE,'25/07/1998',103), '00219142', '000011', 1, 1, 'id2075', 'id4756', 'Shopgirl', '057108CO');
insert into EJEMPLAR (id, fecha_publicacion, id_autor, id_etiqueta, id_idioma, id_formato  , id_palabra_clave, id_editorial, Nombre, id_coleccion) values ('022137LB', CONVERT (DATE,'10/12/2004',103), '00219121', '000013', 2, 1, 'id1178', 'id3493', 'Red Dwarf, The (Nain rouge, Le)', '057105CO');
insert into EJEMPLAR (id, fecha_publicacion, id_autor, id_etiqueta, id_idioma, id_formato  , id_palabra_clave, id_editorial, Nombre, id_coleccion) values ('022138LB', CONVERT (DATE,'14/12/2011',103), '00219164', '000013', 2, 1, 'id2142', 'id3371', 'Girls in Prison', '057101CO');
insert into EJEMPLAR (id, fecha_publicacion, id_autor, id_etiqueta, id_idioma, id_formato  , id_palabra_clave, id_editorial, Nombre, id_coleccion) values ('022139LB', CONVERT (DATE,'15/09/1967',103), '00219184', '000013', 1, 2, 'id2852', 'id2624', 'Sauna', '057112CO');
insert into EJEMPLAR (id, fecha_publicacion, id_autor, id_etiqueta, id_idioma, id_formato  , id_palabra_clave, id_editorial, Nombre, id_coleccion) values ('022140LB', CONVERT (DATE,'07/03/2006',103), '00219166', '000013', 2, 2, 'id3685', 'id3493', 'Superman II', '057104CO');
insert into EJEMPLAR (id, fecha_publicacion, id_autor, id_etiqueta, id_idioma, id_formato  , id_palabra_clave, id_editorial, Nombre, id_coleccion) values ('022141LB', CONVERT (DATE,'18/02/2015',103), '00219186', '000011', 1, 1, 'id1613', 'id3371', 'Letter from an Unknown Woman', '057104CO');
insert into EJEMPLAR (id, fecha_publicacion, id_autor, id_etiqueta, id_idioma, id_formato  , id_palabra_clave, id_editorial, Nombre, id_coleccion) values ('022142LB', CONVERT (DATE,'01/12/1988',103), '00219143', '000012', 2, 1, 'id3637', 'id2713', 'Triple Cross', '057102CO');
insert into EJEMPLAR (id, fecha_publicacion, id_autor, id_etiqueta, id_idioma, id_formato  , id_palabra_clave, id_editorial, Nombre, id_coleccion) values ('022143LB', CONVERT (DATE,'07/07/1983',103), '00219134', '000012', 2, 2, 'id3591', 'id2465', 'Education for Death', '057105CO');
insert into EJEMPLAR (id, fecha_publicacion, id_autor, id_etiqueta, id_idioma, id_formato  , id_palabra_clave, id_editorial, Nombre, id_coleccion) values ('022144LB', CONVERT (DATE,'08/08/1972',103), '00219108', '000012', 2, 2, 'id3926', 'id1740', 'Son of the Pink Panther', '057112CO');
insert into EJEMPLAR (id, fecha_publicacion, id_autor, id_etiqueta, id_idioma, id_formato  , id_palabra_clave, id_editorial, Nombre, id_coleccion) values ('022145LB', CONVERT (DATE,'13/06/1992',103), '00219145', '000013', 2, 1, 'id3470', 'id3493', 'Dr. Jekyll and Mr. Hyde', '057105CO');
insert into EJEMPLAR (id, fecha_publicacion, id_autor, id_etiqueta, id_idioma, id_formato  , id_palabra_clave, id_editorial, Nombre, id_coleccion) values ('022146LB', CONVERT (DATE,'12/08/2009',103), '00219140', '000011', 1, 2, 'id1941', 'id3493', 'Jesus Christ Superstar', '057122CO');
insert into EJEMPLAR (id, fecha_publicacion, id_autor, id_etiqueta, id_idioma, id_formato  , id_palabra_clave, id_editorial, Nombre, id_coleccion) values ('022147LB', CONVERT (DATE,'30/03/1975',103), '00219143', '000011', 2, 2, 'id1613', 'id3372', 'Love Can Seriously Damage Your Health', '057115CO');
insert into EJEMPLAR (id, fecha_publicacion, id_autor, id_etiqueta, id_idioma, id_formato  , id_palabra_clave, id_editorial, Nombre, id_coleccion) values ('022148LB', CONVERT (DATE,'24/05/1967',103), '00219197', '000011', 2, 1, 'id1941', 'id3371', 'Thor: The Dark World', '057104CO');
insert into EJEMPLAR (id, fecha_publicacion, id_autor, id_etiqueta, id_idioma, id_formato  , id_palabra_clave, id_editorial, Nombre, id_coleccion) values ('022149LB', CONVERT (DATE,'09/10/2010',103), '00219149', '000012', 2, 2, 'id2965', 'id4516', 'Blackout', '057107CO');
insert into EJEMPLAR (id, fecha_publicacion, id_autor, id_etiqueta, id_idioma, id_formato  , id_palabra_clave, id_editorial, Nombre, id_coleccion) values ('022150LB', CONVERT (DATE,'25/01/1964',103), '00219157', '000011', 2, 1, 'id2195', 'id2465', 'Reel Bad Arabs: How Hollywood Vilifies a People', '057104CO');
insert into EJEMPLAR (id, fecha_publicacion, id_autor, id_etiqueta, id_idioma, id_formato  , id_palabra_clave, id_editorial, Nombre, id_coleccion) values ('022151LB', CONVERT (DATE,'03/02/1965',103), '00219135', '000013', 1, 2, 'id2034', 'id3390', 'A Pistol For Ringo', '057108CO');
insert into EJEMPLAR (id, fecha_publicacion, id_autor, id_etiqueta, id_idioma, id_formato  , id_palabra_clave, id_editorial, Nombre, id_coleccion) values ('022152LB', CONVERT (DATE,'09/06/2017',103), '00219174', '000013', 1, 1, 'id1410', 'id3493', 'Illusionist, The', '057108CO');
insert into EJEMPLAR (id, fecha_publicacion, id_autor, id_etiqueta, id_idioma, id_formato  , id_palabra_clave, id_editorial, Nombre, id_coleccion) values ('022153LB', CONVERT (DATE,'31/01/1991',103), '00219177', '000011', 1, 2, 'id3375', 'id3387', 'Wildcat, The (Die Bergkatze)', '057113CO');
insert into EJEMPLAR (id, fecha_publicacion, id_autor, id_etiqueta, id_idioma, id_formato  , id_palabra_clave, id_editorial, Nombre, id_coleccion) values ('022154LB', CONVERT (DATE,'21/09/2002',103), '00219131', '000011', 2, 2, 'id2250', 'id1020', 'Broken Lullaby (a.k.a. The Man I Killed)', '057112CO');
insert into EJEMPLAR (id, fecha_publicacion, id_autor, id_etiqueta, id_idioma, id_formato  , id_palabra_clave, id_editorial, Nombre, id_coleccion) values ('022155LB', CONVERT (DATE,'25/03/2001',103), '00219192', '000011', 1, 2, 'id4417', 'id3387', 'Sadist, The', '057112CO');
insert into EJEMPLAR (id, fecha_publicacion, id_autor, id_etiqueta, id_idioma, id_formato  , id_palabra_clave, id_editorial, Nombre, id_coleccion) values ('022156LB', CONVERT (DATE,'25/05/1995',103), '00219145', '000013', 1, 2, 'id3475', 'id1818', 'Baby Boom', '057107CO');
insert into EJEMPLAR (id, fecha_publicacion, id_autor, id_etiqueta, id_idioma, id_formato  , id_palabra_clave, id_editorial, Nombre, id_coleccion) values ('022157LB', CONVERT (DATE,'06/09/1990',103), '00219152', '000012', 2, 1, 'id3470', 'id3311', 'Senseless', '057101CO');
insert into EJEMPLAR (id, fecha_publicacion, id_autor, id_etiqueta, id_idioma, id_formato  , id_palabra_clave, id_editorial, Nombre, id_coleccion) values ('022158LB', CONVERT (DATE,'27/07/1995',103), '00219187', '000013', 1, 1, 'id1596', 'id4762', 'Pot v raj', '057119CO');
insert into EJEMPLAR (id, fecha_publicacion, id_autor, id_etiqueta, id_idioma, id_formato  , id_palabra_clave, id_editorial, Nombre, id_coleccion) values ('022159LB', CONVERT (DATE,'18/10/1983',103), '00219153', '000011', 2, 1, 'id4074', 'id1740', 'Scarlet Letter, The', '057115CO');
insert into EJEMPLAR (id, fecha_publicacion, id_autor, id_etiqueta, id_idioma, id_formato  , id_palabra_clave, id_editorial, Nombre, id_coleccion) values ('022160LB', CONVERT (DATE,'09/01/2005',103), '00219195', '000011', 2, 2, 'id4029', 'id4516', 'Happy New Year', '057104CO');
insert into EJEMPLAR (id, fecha_publicacion, id_autor, id_etiqueta, id_idioma, id_formato  , id_palabra_clave, id_editorial, Nombre, id_coleccion) values ('022161LB', CONVERT (DATE,'05/02/1987',103), '00219166', '000011', 1, 1, 'id2441', 'id1020', 'Rise of Catherine the Great, The', '057114CO');
insert into EJEMPLAR (id, fecha_publicacion, id_autor, id_etiqueta, id_idioma, id_formato  , id_palabra_clave, id_editorial, Nombre, id_coleccion) values ('022162LB', CONVERT (DATE,'09/03/2020',103), '00219191', '000013', 2, 2, 'id2882', 'id3311', 'Personal Effects', '057112CO');
insert into EJEMPLAR (id, fecha_publicacion, id_autor, id_etiqueta, id_idioma, id_formato  , id_palabra_clave, id_editorial, Nombre, id_coleccion) values ('022163LB', CONVERT (DATE,'16/12/1968',103), '00219187', '000011', 2, 1, 'id1613', 'id3311', 'Fan, The', '057105CO');
insert into EJEMPLAR (id, fecha_publicacion, id_autor, id_etiqueta, id_idioma, id_formato  , id_palabra_clave, id_editorial, Nombre, id_coleccion) values ('022164LB', CONVERT (DATE,'01/10/1966',103), '00219188', '000013', 2, 1, 'id1776', 'id3493', 'Love Simple', '057105CO');
insert into EJEMPLAR (id, fecha_publicacion, id_autor, id_etiqueta, id_idioma, id_formato  , id_palabra_clave, id_editorial, Nombre, id_coleccion) values ('022165LB', CONVERT (DATE,'02/03/1974',103), '00219179', '000012', 2, 1, 'id4265', 'id1654', 'Adanggaman', '057119CO');
insert into EJEMPLAR (id, fecha_publicacion, id_autor, id_etiqueta, id_idioma, id_formato  , id_palabra_clave, id_editorial, Nombre, id_coleccion) values ('022166LB', CONVERT (DATE,'08/09/2018',103), '00219130', '000011', 2, 2, 'id4936', 'id1020', 'Tumannost Andromedy', '057112CO');
insert into EJEMPLAR (id, fecha_publicacion, id_autor, id_etiqueta, id_idioma, id_formato  , id_palabra_clave, id_editorial, Nombre, id_coleccion) values ('022167LB', CONVERT (DATE,'29/12/1991',103), '00219130', '000013', 1, 1, 'id4755', 'id3371', 'Tap', '057112CO');
insert into EJEMPLAR (id, fecha_publicacion, id_autor, id_etiqueta, id_idioma, id_formato  , id_palabra_clave, id_editorial, Nombre, id_coleccion) values ('022168LB', CONVERT (DATE,'12/09/2015',103), '00219103', '000012', 2, 2, 'id2195', 'id3390', 'Bionicle: The Legend Reborn', '057115CO');
insert into EJEMPLAR (id, fecha_publicacion, id_autor, id_etiqueta, id_idioma, id_formato  , id_palabra_clave, id_editorial, Nombre, id_coleccion) values ('022169LB', CONVERT (DATE,'02/02/1989',103), '00219113', '000013', 1, 1, 'id2250', 'id2624', 'David and Lisa', '057115CO');
insert into EJEMPLAR (id, fecha_publicacion, id_autor, id_etiqueta, id_idioma, id_formato  , id_palabra_clave, id_editorial, Nombre, id_coleccion) values ('022170LB', CONVERT (DATE,'20/11/1972',103), '00219103', '000013', 1, 1, 'id1863', 'id3387', 'Country Strong', '057112CO');
insert into EJEMPLAR (id, fecha_publicacion, id_autor, id_etiqueta, id_idioma, id_formato  , id_palabra_clave, id_editorial, Nombre, id_coleccion) values ('022171LB', CONVERT (DATE,'25/08/2011',103), '00219138', '000013', 2, 2, 'id3361', 'id2713', 'Crows Zero (Kurôzu zero)', '057112CO');
insert into EJEMPLAR (id, fecha_publicacion, id_autor, id_etiqueta, id_idioma, id_formato  , id_palabra_clave, id_editorial, Nombre, id_coleccion) values ('022172LB', CONVERT (DATE,'07/08/2016',103), '00219139', '000012', 2, 2, 'id2034', 'id4756', 'Central Station (Central do Brasil)', '057119CO');
insert into EJEMPLAR (id, fecha_publicacion, id_autor, id_etiqueta, id_idioma, id_formato  , id_palabra_clave, id_editorial, Nombre, id_coleccion) values ('022173LB', CONVERT (DATE,'22/08/1960',103), '00219195', '000013', 1, 2, 'id1529', 'id3371', 'Just One of the Girls', '057105CO');
insert into EJEMPLAR (id, fecha_publicacion, id_autor, id_etiqueta, id_idioma, id_formato  , id_palabra_clave, id_editorial, Nombre, id_coleccion) values ('022174LB', CONVERT (DATE,'04/04/2010',103), '00219107', '000011', 1, 2, 'id3350', 'id1740', 'Zombeavers', '057108CO');
insert into EJEMPLAR (id, fecha_publicacion, id_autor, id_etiqueta, id_idioma, id_formato  , id_palabra_clave, id_editorial, Nombre, id_coleccion) values ('022175LB', CONVERT (DATE,'27/12/1988',103), '00219128', '000013', 1, 1, 'id4074', 'id3372', 'My Brilliant Career', '057108CO');
insert into EJEMPLAR (id, fecha_publicacion, id_autor, id_etiqueta, id_idioma, id_formato  , id_palabra_clave, id_editorial, Nombre, id_coleccion) values ('022176LB', CONVERT (DATE,'11/12/1973',103), '00219179', '000011', 2, 1, 'id4936', 'id1254', 'Fire Over England', '057102CO');
insert into EJEMPLAR (id, fecha_publicacion, id_autor, id_etiqueta, id_idioma, id_formato  , id_palabra_clave, id_editorial, Nombre, id_coleccion) values ('022177LB', CONVERT (DATE,'25/10/1961',103), '00219191', '000012', 2, 2, 'id1916', 'id1020', 'Above the Law', '057112CO');
insert into EJEMPLAR (id, fecha_publicacion, id_autor, id_etiqueta, id_idioma, id_formato  , id_palabra_clave, id_editorial, Nombre, id_coleccion) values ('022178LB', CONVERT (DATE,'17/02/1991',103), '00219109', '000013', 1, 2, 'id3943', 'id3493', 'Exit', '057112CO');
insert into EJEMPLAR (id, fecha_publicacion, id_autor, id_etiqueta, id_idioma, id_formato  , id_palabra_clave, id_editorial, Nombre, id_coleccion) values ('022179LB', CONVERT (DATE,'12/11/1999',103), '00219119', '000013', 2, 2, 'id2393', 'id2624', 'Killing Zoe', '057112CO');
insert into EJEMPLAR (id, fecha_publicacion, id_autor, id_etiqueta, id_idioma, id_formato  , id_palabra_clave, id_editorial, Nombre, id_coleccion) values ('022180LB', CONVERT (DATE,'30/05/2021',103), '00219190', '000011', 2, 1, 'id2441', 'id1020', 'High School High', '057101CO');
insert into EJEMPLAR (id, fecha_publicacion, id_autor, id_etiqueta, id_idioma, id_formato  , id_palabra_clave, id_editorial, Nombre, id_coleccion) values ('022181LB', CONVERT (DATE,'09/07/1997',103), '00219147', '000012', 2, 2, 'id3342', 'id3311', 'American Gigolo', '057112CO');
insert into EJEMPLAR (id, fecha_publicacion, id_autor, id_etiqueta, id_idioma, id_formato  , id_palabra_clave, id_editorial, Nombre, id_coleccion) values ('022182LB', CONVERT (DATE,'02/12/1967',103), '00219115', '000012', 1, 2, 'id1182', 'id1254', 'Underground Comedy Movie, The', '057112CO');
insert into EJEMPLAR (id, fecha_publicacion, id_autor, id_etiqueta, id_idioma, id_formato  , id_palabra_clave, id_editorial, Nombre, id_coleccion) values ('022183LB', CONVERT (DATE,'07/11/1969',103), '00219200', '000011', 1, 1, 'id1544', 'id4756', 'Private Eyes, The', '057115CO');
insert into EJEMPLAR (id, fecha_publicacion, id_autor, id_etiqueta, id_idioma, id_formato  , id_palabra_clave, id_editorial, Nombre, id_coleccion) values ('022184LB', CONVERT (DATE,'18/03/1977',103), '00219129', '000013', 2, 2, 'id4265', 'id1254', 'Upstream Color', '057122CO');
insert into EJEMPLAR (id, fecha_publicacion, id_autor, id_etiqueta, id_idioma, id_formato  , id_palabra_clave, id_editorial, Nombre, id_coleccion) values ('022185LB', CONVERT (DATE,'29/04/1971',103), '00219192', '000012', 2, 2, 'id2034', 'id4756', 'These Amazing Shadows', '057101CO');
insert into EJEMPLAR (id, fecha_publicacion, id_autor, id_etiqueta, id_idioma, id_formato  , id_palabra_clave, id_editorial, Nombre, id_coleccion) values ('022186LB', CONVERT (DATE,'21/05/2012',103), '00219136', '000011', 1, 1, 'id4803', 'id3372', 'Wolfman, The', '057112CO');
insert into EJEMPLAR (id, fecha_publicacion, id_autor, id_etiqueta, id_idioma, id_formato  , id_palabra_clave, id_editorial, Nombre, id_coleccion) values ('022187LB', CONVERT (DATE,'07/10/2007',103), '00219117', '000013', 1, 1, 'id2561', 'id3372', 'Lifeboat', '057113CO');
insert into EJEMPLAR (id, fecha_publicacion, id_autor, id_etiqueta, id_idioma, id_formato  , id_palabra_clave, id_editorial, Nombre, id_coleccion) values ('022188LB', CONVERT (DATE,'16/01/1962',103), '00219132', '000012', 1, 2, 'id3817', 'id3493', 'Zu: Warriors from the Magic Mountain (Xin shu shan jian ke)', '057113CO');
insert into EJEMPLAR (id, fecha_publicacion, id_autor, id_etiqueta, id_idioma, id_formato  , id_palabra_clave, id_editorial, Nombre, id_coleccion) values ('022189LB', CONVERT (DATE,'26/10/2018',103), '00219165', '000013', 1, 1, 'id2195', 'id3493', 'Pudana Last of the Line (Sukunsa viimeinen)', '057104CO');
insert into EJEMPLAR (id, fecha_publicacion, id_autor, id_etiqueta, id_idioma, id_formato  , id_palabra_clave, id_editorial, Nombre, id_coleccion) values ('022190LB', CONVERT (DATE,'04/08/1966',103), '00219138', '000012', 1, 2, 'id1410', 'id2713', 'Turtle Diary', '057109CO');
insert into EJEMPLAR (id, fecha_publicacion, id_autor, id_etiqueta, id_idioma, id_formato  , id_palabra_clave, id_editorial, Nombre, id_coleccion) values ('022191LB', CONVERT (DATE,'05/08/1995',103), '00219127', '000011', 1, 2, 'id1920', 'id1818', 'Bat, The', '057119CO');
insert into EJEMPLAR (id, fecha_publicacion, id_autor, id_etiqueta, id_idioma, id_formato  , id_palabra_clave, id_editorial, Nombre, id_coleccion) values ('022192LB', CONVERT (DATE,'14/05/1964',103), '00219132', '000012', 1, 2, 'id3470', 'id3372', 'Immortals, The', '057107CO');
insert into EJEMPLAR (id, fecha_publicacion, id_autor, id_etiqueta, id_idioma, id_formato  , id_palabra_clave, id_editorial, Nombre, id_coleccion) values ('022193LB', CONVERT (DATE,'05/06/1976',103), '00219181', '000013', 1, 2, 'id1841', 'id2586', 'Dances with Wolves', '057112CO');
insert into EJEMPLAR (id, fecha_publicacion, id_autor, id_etiqueta, id_idioma, id_formato  , id_palabra_clave, id_editorial, Nombre, id_coleccion) values ('022194LB', CONVERT (DATE,'07/10/2009',103), '00219113', '000012', 2, 1, 'id4380', 'id1654', 'Criminal Code, The', '057106CO');
insert into EJEMPLAR (id, fecha_publicacion, id_autor, id_etiqueta, id_idioma, id_formato  , id_palabra_clave, id_editorial, Nombre, id_coleccion) values ('022195LB', CONVERT (DATE,'08/10/1961',103), '00219165', '000013', 2, 2, 'id4496', 'id4516', 'Citizen Koch', '057112CO');
insert into EJEMPLAR (id, fecha_publicacion, id_autor, id_etiqueta, id_idioma, id_formato  , id_palabra_clave, id_editorial, Nombre, id_coleccion) values ('022196LB', CONVERT (DATE,'12/10/2018',103), '00219110', '000011', 1, 1, 'id2280', 'id1818', 'Innocence', '057104CO');
insert into EJEMPLAR (id, fecha_publicacion, id_autor, id_etiqueta, id_idioma, id_formato  , id_palabra_clave, id_editorial, Nombre, id_coleccion) values ('022197LB', CONVERT (DATE,'07/08/1996',103), '00219168', '000012', 2, 2, 'id3019', 'id1654', 'Crazy/Beautiful', '057104CO');
insert into EJEMPLAR (id, fecha_publicacion, id_autor, id_etiqueta, id_idioma, id_formato  , id_palabra_clave, id_editorial, Nombre, id_coleccion) values ('022198LB', CONVERT (DATE,'05/11/2003',103), '00219134', '000012', 1, 2, 'id1442', 'id1818', 'Sugar Cane Alley (Rue cases nègres)', '057119CO');
insert into EJEMPLAR (id, fecha_publicacion, id_autor, id_etiqueta, id_idioma, id_formato  , id_palabra_clave, id_editorial, Nombre, id_coleccion) values ('022199LB', CONVERT (DATE,'09/07/1981',103), '00219161', '000013', 1, 2, 'id3943', 'id2465', 'Maryam', '057112CO');
insert into EJEMPLAR (id, fecha_publicacion, id_autor, id_etiqueta, id_idioma, id_formato  , id_palabra_clave, id_editorial, Nombre, id_coleccion) values ('022200LB', CONVERT (DATE,'17/06/1988',103), '00219119', '000011', 2, 2, 'id3475', 'id1740', 'Reaching for the Moon', '057122CO');
insert into EJEMPLAR (id, fecha_publicacion, id_autor, id_etiqueta, id_idioma, id_formato  , id_palabra_clave, id_editorial, Nombre, id_coleccion) values ('022201LB', CONVERT (DATE,'12/01/2022',103), '00219159', '000011', 1, 2, 'id4230', 'id1654', 'Big Bad Wolf', '057119CO');
insert into EJEMPLAR (id, fecha_publicacion, id_autor, id_etiqueta, id_idioma, id_formato  , id_palabra_clave, id_editorial, Nombre, id_coleccion) values ('022202LB', CONVERT (DATE,'05/12/2006',103), '00219107', '000013', 1, 1, 'id3771', 'id1654', 'Moving McAllister', '057115CO');
insert into EJEMPLAR (id, fecha_publicacion, id_autor, id_etiqueta, id_idioma, id_formato  , id_palabra_clave, id_editorial, Nombre, id_coleccion) values ('022203LB', CONVERT (DATE,'23/10/2001',103), '00219180', '000013', 2, 2, 'id1920', 'id1654', 'Siddhartha', '057102CO');
insert into EJEMPLAR (id, fecha_publicacion, id_autor, id_etiqueta, id_idioma, id_formato  , id_palabra_clave, id_editorial, Nombre, id_coleccion) values ('022204LB', CONVERT (DATE,'12/02/1968',103), '00219159', '000011', 2, 1, 'id2852', 'id3372', 'Alien Raiders', '057114CO');
insert into EJEMPLAR (id, fecha_publicacion, id_autor, id_etiqueta, id_idioma, id_formato  , id_palabra_clave, id_editorial, Nombre, id_coleccion) values ('022205LB', CONVERT (DATE,'06/06/1985',103), '00219132', '000011', 2, 2, 'id3350', 'id3372', 'Chisum', '057101CO');
insert into EJEMPLAR (id, fecha_publicacion, id_autor, id_etiqueta, id_idioma, id_formato  , id_palabra_clave, id_editorial, Nombre, id_coleccion) values ('022206LB', CONVERT (DATE,'13/04/1999',103), '00219149', '000013', 1, 2, 'id3838', 'id2713', 'Nameless, The (Los sin nombre)', '057119CO');
insert into EJEMPLAR (id, fecha_publicacion, id_autor, id_etiqueta, id_idioma, id_formato  , id_palabra_clave, id_editorial, Nombre, id_coleccion) values ('022207LB', CONVERT (DATE,'05/12/2001',103), '00219138', '000011', 2, 1, 'id2906', 'id1654', 'Milky Way, The (Voie lactée, La)', '057107CO');
insert into EJEMPLAR (id, fecha_publicacion, id_autor, id_etiqueta, id_idioma, id_formato  , id_palabra_clave, id_editorial, Nombre, id_coleccion) values ('022208LB', CONVERT (DATE,'09/09/1985',103), '00219145', '000012', 2, 1, 'id4387', 'id3390', 'And God Created Woman', '057108CO');
insert into EJEMPLAR (id, fecha_publicacion, id_autor, id_etiqueta, id_idioma, id_formato  , id_palabra_clave, id_editorial, Nombre, id_coleccion) values ('022209LB', CONVERT (DATE,'24/08/1999',103), '00219133', '000013', 1, 2, 'id3999', 'id1654', 'Old Man Made in Spain (Abuelo made in Spain)', '057108CO');
insert into EJEMPLAR (id, fecha_publicacion, id_autor, id_etiqueta, id_idioma, id_formato  , id_palabra_clave, id_editorial, Nombre, id_coleccion) values ('022210LB', CONVERT (DATE,'11/10/1964',103), '00219146', '000012', 2, 1, 'id3787', 'id1818', 'Sex and Lucia (Lucía y el sexo)', '057112CO');
insert into EJEMPLAR (id, fecha_publicacion, id_autor, id_etiqueta, id_idioma, id_formato  , id_palabra_clave, id_editorial, Nombre, id_coleccion) values ('022211LB', CONVERT (DATE,'22/12/2021',103), '00219194', '000013', 1, 2, 'id2274', 'id2586', 'Ghost in the Shell Arise - Border 1: Ghost Pain', '057107CO');
insert into EJEMPLAR (id, fecha_publicacion, id_autor, id_etiqueta, id_idioma, id_formato  , id_palabra_clave, id_editorial, Nombre, id_coleccion) values ('022212LB', CONVERT (DATE,'17/02/1970',103), '00219170', '000011', 1, 2, 'id1852', 'id3387', 'A Home at the End of the World', '057105CO');
insert into EJEMPLAR (id, fecha_publicacion, id_autor, id_etiqueta, id_idioma, id_formato  , id_palabra_clave, id_editorial, Nombre, id_coleccion) values ('022213LB', CONVERT (DATE,'27/09/1978',103), '00219147', '000012', 2, 2, 'id3135', 'id1818', 'No Way Out', '057122CO');
insert into EJEMPLAR (id, fecha_publicacion, id_autor, id_etiqueta, id_idioma, id_formato  , id_palabra_clave, id_editorial, Nombre, id_coleccion) values ('022214LB', CONVERT (DATE,'30/07/1982',103), '00219144', '000013', 2, 2, 'id3135', 'id4762', 'Dug''s Special Mission', '057104CO');
insert into EJEMPLAR (id, fecha_publicacion, id_autor, id_etiqueta, id_idioma, id_formato  , id_palabra_clave, id_editorial, Nombre, id_coleccion) values ('022215LB', CONVERT (DATE,'02/12/2012',103), '00219198', '000013', 1, 1, 'id2280', 'id3390', 'Last Year at Marienbad (L''Année dernière à Marienbad)', '057119CO');
insert into EJEMPLAR (id, fecha_publicacion, id_autor, id_etiqueta, id_idioma, id_formato  , id_palabra_clave, id_editorial, Nombre, id_coleccion) values ('022216LB', CONVERT (DATE,'10/07/1977',103), '00219127', '000013', 1, 2, 'id3449', 'id3387', 'Police State', '057112CO');
insert into EJEMPLAR (id, fecha_publicacion, id_autor, id_etiqueta, id_idioma, id_formato  , id_palabra_clave, id_editorial, Nombre, id_coleccion) values ('022217LB', CONVERT (DATE,'06/08/1987',103), '00219105', '000013', 2, 1, 'id2393', 'id3493', 'Ape, The (Apan)', '057122CO');
insert into EJEMPLAR (id, fecha_publicacion, id_autor, id_etiqueta, id_idioma, id_formato  , id_palabra_clave, id_editorial, Nombre, id_coleccion) values ('022218LB', CONVERT (DATE,'14/12/2013',103), '00219155', '000012', 1, 1, 'id3943', 'id4756', 'Birdwatchers (BirdWatchers - La terra degli uomini rossi)', '057105CO');
insert into EJEMPLAR (id, fecha_publicacion, id_autor, id_etiqueta, id_idioma, id_formato  , id_palabra_clave, id_editorial, Nombre, id_coleccion) values ('022219LB', CONVERT (DATE,'13/02/1966',103), '00219113', '000012', 1, 1, 'id3470', 'id3390', 'Murk (Mørke)', '057107CO');
insert into EJEMPLAR (id, fecha_publicacion, id_autor, id_etiqueta, id_idioma, id_formato  , id_palabra_clave, id_editorial, Nombre, id_coleccion) values ('022220LB', CONVERT (DATE,'17/02/1978',103), '00219148', '000012', 2, 1, 'id1169', 'id4756', 'Peace, Love & Misunderstanding', '057105CO');
insert into EJEMPLAR (id, fecha_publicacion, id_autor, id_etiqueta, id_idioma, id_formato  , id_palabra_clave, id_editorial, Nombre, id_coleccion) values ('022221LB', CONVERT (DATE,'30/04/1962',103), '00219192', '000013', 1, 2, 'id3999', 'id2465', 'Godspeed You! Black Emperor', '057108CO');
insert into EJEMPLAR (id, fecha_publicacion, id_autor, id_etiqueta, id_idioma, id_formato  , id_palabra_clave, id_editorial, Nombre, id_coleccion) values ('022222LB', CONVERT (DATE,'07/08/1995',103), '00219133', '000011', 2, 1, 'id1178', 'id4756', 'Naked Face, The', '057112CO');
insert into EJEMPLAR (id, fecha_publicacion, id_autor, id_etiqueta, id_idioma, id_formato  , id_palabra_clave, id_editorial, Nombre, id_coleccion) values ('022223LB', CONVERT (DATE,'05/12/1984',103), '00219133', '000013', 2, 2, 'id2729', 'id4756', 'Confessor Caressor', '057112CO');
insert into EJEMPLAR (id, fecha_publicacion, id_autor, id_etiqueta, id_idioma, id_formato  , id_palabra_clave, id_editorial, Nombre, id_coleccion) values ('022224LB', CONVERT (DATE,'13/09/2014',103), '00219105', '000013', 2, 2, 'id1656', 'id4762', 'Battle Royale 2: Requiem (Batoru rowaiaru II: Chinkonka)', '057122CO');
insert into EJEMPLAR (id, fecha_publicacion, id_autor, id_etiqueta, id_idioma, id_formato  , id_palabra_clave, id_editorial, Nombre, id_coleccion) values ('022225LB', CONVERT (DATE,'27/11/2010',103), '00219170', '000012', 1, 1, 'id1657', 'id3371', 'Good Copy Bad Copy', '057119CO');
insert into EJEMPLAR (id, fecha_publicacion, id_autor, id_etiqueta, id_idioma, id_formato  , id_palabra_clave, id_editorial, Nombre, id_coleccion) values ('022226LB', CONVERT (DATE,'16/02/1974',103), '00219182', '000011', 1, 1, 'id4387', 'id3371', 'Kounterfeit', '057107CO');
insert into EJEMPLAR (id, fecha_publicacion, id_autor, id_etiqueta, id_idioma, id_formato  , id_palabra_clave, id_editorial, Nombre, id_coleccion) values ('022227LB', CONVERT (DATE,'28/09/1968',103), '00219139', '000012', 1, 2, 'id2326', 'id2465', 'Not Here to Be Loved (Je ne suis pas là pour être aimé)', '057112CO');
insert into EJEMPLAR (id, fecha_publicacion, id_autor, id_etiqueta, id_idioma, id_formato  , id_palabra_clave, id_editorial, Nombre, id_coleccion) values ('022228LB', CONVERT (DATE,'17/07/2017',103), '00219137', '000012', 2, 2, 'id3019', 'id2624', 'Match Point', '057101CO');
insert into EJEMPLAR (id, fecha_publicacion, id_autor, id_etiqueta, id_idioma, id_formato  , id_palabra_clave, id_editorial, Nombre, id_coleccion) values ('022229LB', CONVERT (DATE,'21/10/1985',103), '00219180', '000013', 2, 2, 'id1799', 'id4762', 'Blonde Ice', '057107CO');
insert into EJEMPLAR (id, fecha_publicacion, id_autor, id_etiqueta, id_idioma, id_formato  , id_palabra_clave, id_editorial, Nombre, id_coleccion) values ('022230LB', CONVERT (DATE,'28/06/2011',103), '00219190', '000013', 2, 2, 'id1544', 'id1740', 'If You Are the One', '057112CO');
insert into EJEMPLAR (id, fecha_publicacion, id_autor, id_etiqueta, id_idioma, id_formato  , id_palabra_clave, id_editorial, Nombre, id_coleccion) values ('022231LB', CONVERT (DATE,'01/09/2013',103), '00219150', '000012', 2, 2, 'id1920', 'id2465', 'Body Bags', '057101CO');
insert into EJEMPLAR (id, fecha_publicacion, id_autor, id_etiqueta, id_idioma, id_formato  , id_palabra_clave, id_editorial, Nombre, id_coleccion) values ('022232LB', CONVERT (DATE,'03/06/1992',103), '00219115', '000012', 2, 2, 'id2432', 'id3372', 'Piranha II: The Spawning', '057106CO');
insert into EJEMPLAR (id, fecha_publicacion, id_autor, id_etiqueta, id_idioma, id_formato  , id_palabra_clave, id_editorial, Nombre, id_coleccion) values ('022233LB', CONVERT (DATE,'31/10/1991',103), '00219153', '000012', 2, 1, 'id1182', 'id1020', 'Secuestrados (Kidnapped)', '057105CO');
insert into EJEMPLAR (id, fecha_publicacion, id_autor, id_etiqueta, id_idioma, id_formato  , id_palabra_clave, id_editorial, Nombre, id_coleccion) values ('022234LB', CONVERT (DATE,'10/10/2015',103), '00219142', '000011', 1, 2, 'id3926', 'id1654', 'Trench Road (Juoksuhaudantie)', '057108CO');
insert into EJEMPLAR (id, fecha_publicacion, id_autor, id_etiqueta, id_idioma, id_formato  , id_palabra_clave, id_editorial, Nombre, id_coleccion) values ('022235LB', CONVERT (DATE,'15/02/1980',103), '00219103', '000011', 1, 1, 'id3926', 'id4516', 'Harriet the Spy', '057107CO');
insert into EJEMPLAR (id, fecha_publicacion, id_autor, id_etiqueta, id_idioma, id_formato  , id_palabra_clave, id_editorial, Nombre, id_coleccion) values ('022236LB', CONVERT (DATE,'04/08/1969',103), '00219165', '000012', 1, 1, 'id3113', 'id4516', 'Mother India', '057122CO');
insert into EJEMPLAR (id, fecha_publicacion, id_autor, id_etiqueta, id_idioma, id_formato  , id_palabra_clave, id_editorial, Nombre, id_coleccion) values ('022237LB', CONVERT (DATE,'18/09/2017',103), '00219144', '000012', 2, 1, 'id2250', 'id2586', 'Scarlet Dove, The (Tulipunainen kyyhkynen)', '057112CO');
insert into EJEMPLAR (id, fecha_publicacion, id_autor, id_etiqueta, id_idioma, id_formato  , id_palabra_clave, id_editorial, Nombre, id_coleccion) values ('022238LB', CONVERT (DATE,'19/10/2002',103), '00219177', '000011', 1, 2, 'id4260', 'id1020', 'Chinese Ghost Story II, A (Sien nui yau wan II yan gaan do)', '057104CO');
insert into EJEMPLAR (id, fecha_publicacion, id_autor, id_etiqueta, id_idioma, id_formato  , id_palabra_clave, id_editorial, Nombre, id_coleccion) values ('022239LB', CONVERT (DATE,'19/09/1981',103), '00219100', '000011', 1, 2, 'id4265', 'id1254', 'Boy', '057114CO');
insert into EJEMPLAR (id, fecha_publicacion, id_autor, id_etiqueta, id_idioma, id_formato  , id_palabra_clave, id_editorial, Nombre, id_coleccion) values ('022240LB', CONVERT (DATE,'30/01/2012',103), '00219111', '000012', 2, 2, 'id3943', 'id3390', 'Million Dollar Baby', '057104CO');
insert into EJEMPLAR (id, fecha_publicacion, id_autor, id_etiqueta, id_idioma, id_formato  , id_palabra_clave, id_editorial, Nombre, id_coleccion) values ('022241LB', CONVERT (DATE,'23/08/1996',103), '00219177', '000013', 1, 2, 'id1182', 'id1254', 'Runaways, The', '057122CO');
insert into EJEMPLAR (id, fecha_publicacion, id_autor, id_etiqueta, id_idioma, id_formato  , id_palabra_clave, id_editorial, Nombre, id_coleccion) values ('022242LB', CONVERT (DATE,'01/08/1998',103), '00219175', '000012', 1, 1, 'id1776', 'id4762', 'Downeast', '057101CO');
insert into EJEMPLAR (id, fecha_publicacion, id_autor, id_etiqueta, id_idioma, id_formato  , id_palabra_clave, id_editorial, Nombre, id_coleccion) values ('022243LB', CONVERT (DATE,'26/01/2022',103), '00219127', '000011', 2, 2, 'id4850', 'id1254', 'Riding in Cars with Boys', '057102CO');
insert into EJEMPLAR (id, fecha_publicacion, id_autor, id_etiqueta, id_idioma, id_formato  , id_palabra_clave, id_editorial, Nombre, id_coleccion) values ('022244LB', CONVERT (DATE,'06/10/1994',103), '00219100', '000011', 2, 1, 'id4916', 'id1020', 'Free Money', '057119CO');
insert into EJEMPLAR (id, fecha_publicacion, id_autor, id_etiqueta, id_idioma, id_formato  , id_palabra_clave, id_editorial, Nombre, id_coleccion) values ('022245LB', CONVERT (DATE,'31/05/2015',103), '00219192', '000013', 2, 1, 'id1852', 'id3372', 'Drums Along the Mohawk', '057119CO');
insert into EJEMPLAR (id, fecha_publicacion, id_autor, id_etiqueta, id_idioma, id_formato  , id_palabra_clave, id_editorial, Nombre, id_coleccion) values ('022246LB', CONVERT (DATE,'06/02/1981',103), '00219121', '000013', 2, 1, 'id3685', 'id1654', 'Stanley Kubrick: A Life in Pictures', '057107CO');
insert into EJEMPLAR (id, fecha_publicacion, id_autor, id_etiqueta, id_idioma, id_formato  , id_palabra_clave, id_editorial, Nombre, id_coleccion) values ('022247LB', CONVERT (DATE,'30/01/2021',103), '00219165', '000011', 1, 1, 'id4029', 'id1654', 'Skinwalkers', '057112CO');
insert into EJEMPLAR (id, fecha_publicacion, id_autor, id_etiqueta, id_idioma, id_formato  , id_palabra_clave, id_editorial, Nombre, id_coleccion) values ('022248LB', CONVERT (DATE,'19/06/1983',103), '00219114', '000013', 1, 2, 'id2432', 'id3493', 'Dacii', '057106CO');
insert into EJEMPLAR (id, fecha_publicacion, id_autor, id_etiqueta, id_idioma, id_formato  , id_palabra_clave, id_editorial, Nombre, id_coleccion) values ('022249LB', CONVERT (DATE,'24/05/1978',103), '00219123', '000013', 2, 2, 'id2034', 'id4756', 'Birds of America', '057109CO');
insert into EJEMPLAR (id, fecha_publicacion, id_autor, id_etiqueta, id_idioma, id_formato  , id_palabra_clave, id_editorial, Nombre, id_coleccion) values ('022250LB', CONVERT (DATE,'03/10/2002',103), '00219151', '000012', 2, 1, 'id4685', 'id3493', 'Dynamite', '057114CO');
insert into EJEMPLAR (id, fecha_publicacion, id_autor, id_etiqueta, id_idioma, id_formato  , id_palabra_clave, id_editorial, Nombre, id_coleccion) values ('022251LB', CONVERT (DATE,'08/05/1996',103), '00219115', '000011', 1, 1, 'id3342', 'id3372', 'Equilibrium', '057113CO');
insert into EJEMPLAR (id, fecha_publicacion, id_autor, id_etiqueta, id_idioma, id_formato  , id_palabra_clave, id_editorial, Nombre, id_coleccion) values ('022252LB', CONVERT (DATE,'11/10/1978',103), '00219195', '000012', 1, 2, 'id4699', 'id4516', 'Today You Die', '057115CO');
insert into EJEMPLAR (id, fecha_publicacion, id_autor, id_etiqueta, id_idioma, id_formato  , id_palabra_clave, id_editorial, Nombre, id_coleccion) values ('022253LB', CONVERT (DATE,'29/08/1967',103), '00219190', '000011', 1, 1, 'id2957', 'id3390', 'Cheeky (Trasgredire)', '057107CO');
insert into EJEMPLAR (id, fecha_publicacion, id_autor, id_etiqueta, id_idioma, id_formato  , id_palabra_clave, id_editorial, Nombre, id_coleccion) values ('022254LB', CONVERT (DATE,'21/11/2019',103), '00219127', '000012', 1, 2, 'id2432', 'id4516', 'Home Alone 4', '057102CO');
insert into EJEMPLAR (id, fecha_publicacion, id_autor, id_etiqueta, id_idioma, id_formato  , id_palabra_clave, id_editorial, Nombre, id_coleccion) values ('022255LB', CONVERT (DATE,'05/11/2005',103), '00219184', '000013', 2, 1, 'id4717', 'id4516', 'Turistas', '057112CO');
insert into EJEMPLAR (id, fecha_publicacion, id_autor, id_etiqueta, id_idioma, id_formato  , id_palabra_clave, id_editorial, Nombre, id_coleccion) values ('022256LB', CONVERT (DATE,'26/03/2022',103), '00219140', '000013', 2, 2, 'id3342', 'id3387', 'Chuck Norris vs Communism', '057113CO');
insert into EJEMPLAR (id, fecha_publicacion, id_autor, id_etiqueta, id_idioma, id_formato  , id_palabra_clave, id_editorial, Nombre, id_coleccion) values ('022257LB', CONVERT (DATE,'29/05/1993',103), '00219150', '000011', 1, 2, 'id1529', 'id3371', 'Changeling', '057115CO');
insert into EJEMPLAR (id, fecha_publicacion, id_autor, id_etiqueta, id_idioma, id_formato  , id_palabra_clave, id_editorial, Nombre, id_coleccion) values ('022258LB', CONVERT (DATE,'01/09/1960',103), '00219106', '000012', 2, 2, 'id1544', 'id2465', 'Oliver Twist', '057109CO');
insert into EJEMPLAR (id, fecha_publicacion, id_autor, id_etiqueta, id_idioma, id_formato  , id_palabra_clave, id_editorial, Nombre, id_coleccion) values ('022259LB', CONVERT (DATE,'10/01/1993',103), '00219112', '000012', 2, 2, 'id3685', 'id2465', 'Ilo Ilo', '057102CO');
insert into EJEMPLAR (id, fecha_publicacion, id_autor, id_etiqueta, id_idioma, id_formato  , id_palabra_clave, id_editorial, Nombre, id_coleccion) values ('022260LB', CONVERT (DATE,'26/09/2009',103), '00219115', '000012', 2, 2, 'id1442', 'id3311', 'Mad Love (Juana la Loca)', '057112CO');
insert into EJEMPLAR (id, fecha_publicacion, id_autor, id_etiqueta, id_idioma, id_formato  , id_palabra_clave, id_editorial, Nombre, id_coleccion) values ('022261LB', CONVERT (DATE,'31/01/2010',103), '00219140', '000013', 2, 2, 'id3135', 'id4516', 'Land of Milk and Honey (Pays de cocagne)', '057102CO');
insert into EJEMPLAR (id, fecha_publicacion, id_autor, id_etiqueta, id_idioma, id_formato  , id_palabra_clave, id_editorial, Nombre, id_coleccion) values ('022262LB', CONVERT (DATE,'28/12/1990',103), '00219108', '000013', 2, 2, 'id3350', 'id4756', 'Satan''s Brew (Satansbraten)', '057109CO');
insert into EJEMPLAR (id, fecha_publicacion, id_autor, id_etiqueta, id_idioma, id_formato  , id_palabra_clave, id_editorial, Nombre, id_coleccion) values ('022263LB', CONVERT (DATE,'09/05/2015',103), '00219101', '000012', 1, 1, 'id4029', 'id3311', 'Eyes of an Angel', '057107CO');
insert into EJEMPLAR (id, fecha_publicacion, id_autor, id_etiqueta, id_idioma, id_formato  , id_palabra_clave, id_editorial, Nombre, id_coleccion) values ('022264LB', CONVERT (DATE,'12/10/1992',103), '00219133', '000011', 1, 1, 'id1656', 'id2624', 'Five Card Stud (a.k.a. 5 Card Stud)', '057104CO');
insert into EJEMPLAR (id, fecha_publicacion, id_autor, id_etiqueta, id_idioma, id_formato  , id_palabra_clave, id_editorial, Nombre, id_coleccion) values ('022265LB', CONVERT (DATE,'20/06/2020',103), '00219199', '000013', 1, 2, 'id4850', 'id2713', 'Chosen One, The', '057107CO');
insert into EJEMPLAR (id, fecha_publicacion, id_autor, id_etiqueta, id_idioma, id_formato  , id_palabra_clave, id_editorial, Nombre, id_coleccion) values ('022266LB', CONVERT (DATE,'12/09/2000',103), '00219125', '000012', 1, 2, 'id2203', 'id2465', 'Million to Juan, A', '057112CO');
insert into EJEMPLAR (id, fecha_publicacion, id_autor, id_etiqueta, id_idioma, id_formato  , id_palabra_clave, id_editorial, Nombre, id_coleccion) values ('022267LB', CONVERT (DATE,'12/09/1980',103), '00219175', '000011', 1, 1, 'id1941', 'id3387', 'Games People Play: New York', '057115CO');
insert into EJEMPLAR (id, fecha_publicacion, id_autor, id_etiqueta, id_idioma, id_formato  , id_palabra_clave, id_editorial, Nombre, id_coleccion) values ('022268LB', CONVERT (DATE,'03/02/1999',103), '00219183', '000011', 2, 2, 'id1613', 'id2586', '187 (One Eight Seven)', '057107CO');
insert into EJEMPLAR (id, fecha_publicacion, id_autor, id_etiqueta, id_idioma, id_formato  , id_palabra_clave, id_editorial, Nombre, id_coleccion) values ('022269LB', CONVERT (DATE,'09/01/2003',103), '00219194', '000013', 2, 2, 'id3342', 'id1818', 'xXx: State of the Union', '057112CO');
insert into EJEMPLAR (id, fecha_publicacion, id_autor, id_etiqueta, id_idioma, id_formato  , id_palabra_clave, id_editorial, Nombre, id_coleccion) values ('022270LB', CONVERT (DATE,'26/10/2015',103), '00219187', '000011', 2, 2, 'id2326', 'id2586', '127 Hours', '057114CO');
insert into EJEMPLAR (id, fecha_publicacion, id_autor, id_etiqueta, id_idioma, id_formato  , id_palabra_clave, id_editorial, Nombre, id_coleccion) values ('022271LB', CONVERT (DATE,'03/01/2016',103), '00219131', '000011', 1, 2, 'id1400', 'id3372', 'Stranger by the Lake (L''inconnu du lac)', '057104CO');
insert into EJEMPLAR (id, fecha_publicacion, id_autor, id_etiqueta, id_idioma, id_formato  , id_palabra_clave, id_editorial, Nombre, id_coleccion) values ('022272LB', CONVERT (DATE,'10/11/2002',103), '00219104', '000013', 2, 2, 'id1852', 'id4762', '1991: The Year Punk Broke', '057122CO');
insert into EJEMPLAR (id, fecha_publicacion, id_autor, id_etiqueta, id_idioma, id_formato  , id_palabra_clave, id_editorial, Nombre, id_coleccion) values ('022273LB', CONVERT (DATE,'21/01/2019',103), '00219127', '000012', 2, 2, 'id1504', 'id3387', 'Occurrence at Owl Creek Bridge, An (La rivière du hibou)', '057101CO');
insert into EJEMPLAR (id, fecha_publicacion, id_autor, id_etiqueta, id_idioma, id_formato  , id_palabra_clave, id_editorial, Nombre, id_coleccion) values ('022274LB', CONVERT (DATE,'15/12/1986',103), '00219157', '000012', 2, 2, 'id1544', 'id1654', 'Bordertown', '057104CO');
insert into EJEMPLAR (id, fecha_publicacion, id_autor, id_etiqueta, id_idioma, id_formato  , id_palabra_clave, id_editorial, Nombre, id_coleccion) values ('022275LB', CONVERT (DATE,'02/06/2010',103), '00219155', '000013', 2, 2, 'id1493', 'id1740', 'Godzilla', '057107CO');
insert into EJEMPLAR (id, fecha_publicacion, id_autor, id_etiqueta, id_idioma, id_formato  , id_palabra_clave, id_editorial, Nombre, id_coleccion) values ('022276LB', CONVERT (DATE,'07/11/2003',103), '00219145', '000013', 1, 2, 'id4717', 'id4756', 'Pascali''s Island', '057119CO');
insert into EJEMPLAR (id, fecha_publicacion, id_autor, id_etiqueta, id_idioma, id_formato  , id_palabra_clave, id_editorial, Nombre, id_coleccion) values ('022277LB', CONVERT (DATE,'05/09/2021',103), '00219196', '000011', 1, 2, 'id3470', 'id3387', 'Adventures of Rocky and Bullwinkle, The', '057102CO');
insert into EJEMPLAR (id, fecha_publicacion, id_autor, id_etiqueta, id_idioma, id_formato  , id_palabra_clave, id_editorial, Nombre, id_coleccion) values ('022278LB', CONVERT (DATE,'23/10/2007',103), '00219198', '000012', 2, 1, 'id1366', 'id2624', 'Shakespeare-Wallah', '057113CO');
insert into EJEMPLAR (id, fecha_publicacion, id_autor, id_etiqueta, id_idioma, id_formato  , id_palabra_clave, id_editorial, Nombre, id_coleccion) values ('022279LB', CONVERT (DATE,'17/03/2014',103), '00219193', '000011', 1, 2, 'id4708', 'id4756', 'Story of Yonosuke, A (Yokomichi Yonosuke)', '057108CO');
insert into EJEMPLAR (id, fecha_publicacion, id_autor, id_etiqueta, id_idioma, id_formato  , id_palabra_clave, id_editorial, Nombre, id_coleccion) values ('022280LB', CONVERT (DATE,'04/10/1987',103), '00219121', '000011', 1, 1, 'id2965', 'id3387', '30 Beats', '057112CO');
insert into EJEMPLAR (id, fecha_publicacion, id_autor, id_etiqueta, id_idioma, id_formato  , id_palabra_clave, id_editorial, Nombre, id_coleccion) values ('022281LB', CONVERT (DATE,'23/10/1973',103), '00219127', '000011', 1, 1, 'id2274', 'id3493', 'Another Country', '057112CO');
insert into EJEMPLAR (id, fecha_publicacion, id_autor, id_etiqueta, id_idioma, id_formato  , id_palabra_clave, id_editorial, Nombre, id_coleccion) values ('022282LB', CONVERT (DATE,'16/02/2002',103), '00219127', '000011', 2, 1, 'id1891', 'id4516', 'Ulysses (Ulisse)', '057112CO');
insert into EJEMPLAR (id, fecha_publicacion, id_autor, id_etiqueta, id_idioma, id_formato  , id_palabra_clave, id_editorial, Nombre, id_coleccion) values ('022283LB', CONVERT (DATE,'18/03/1968',103), '00219127', '000012', 2, 2, 'id1891', 'id2465', 'Bjarnfreðarson', '057119CO');
insert into EJEMPLAR (id, fecha_publicacion, id_autor, id_etiqueta, id_idioma, id_formato  , id_palabra_clave, id_editorial, Nombre, id_coleccion) values ('022284LB', CONVERT (DATE,'01/10/1961',103), '00219133', '000011', 1, 1, 'id1267', 'id2465', 'Jayne Mansfield''s Car', '057113CO');
insert into EJEMPLAR (id, fecha_publicacion, id_autor, id_etiqueta, id_idioma, id_formato  , id_palabra_clave, id_editorial, Nombre, id_coleccion) values ('022285LB', CONVERT (DATE,'16/05/1993',103), '00219104', '000013', 2, 1, 'id2882', 'id3390', 'Ray Harryhausen: Special Effects Titan', '057112CO');
insert into EJEMPLAR (id, fecha_publicacion, id_autor, id_etiqueta, id_idioma, id_formato  , id_palabra_clave, id_editorial, Nombre, id_coleccion) values ('022286LB', CONVERT (DATE,'25/12/2002',103), '00219142', '000011', 2, 2, 'id3637', 'id1818', 'Fireworks Wednesday (Chaharshanbe-soori)', '057114CO');
insert into EJEMPLAR (id, fecha_publicacion, id_autor, id_etiqueta, id_idioma, id_formato  , id_palabra_clave, id_editorial, Nombre, id_coleccion) values ('022287LB', CONVERT (DATE,'17/03/2019',103), '00219141', '000013', 2, 1, 'id1482', 'id2586', 'I Love Trouble', '057114CO');
insert into EJEMPLAR (id, fecha_publicacion, id_autor, id_etiqueta, id_idioma, id_formato  , id_palabra_clave, id_editorial, Nombre, id_coleccion) values ('022288LB', CONVERT (DATE,'25/02/2021',103), '00219157', '000011', 1, 1, 'id3999', 'id4756', 'Living Free', '057114CO');
insert into EJEMPLAR (id, fecha_publicacion, id_autor, id_etiqueta, id_idioma, id_formato  , id_palabra_clave, id_editorial, Nombre, id_coleccion) values ('022289LB', CONVERT (DATE,'13/12/2007',103), '00219118', '000012', 2, 2, 'id3375', 'id2713', 'Erotic Man, The', '057107CO');
insert into EJEMPLAR (id, fecha_publicacion, id_autor, id_etiqueta, id_idioma, id_formato  , id_palabra_clave, id_editorial, Nombre, id_coleccion) values ('022290LB', CONVERT (DATE,'26/08/1980',103), '00219111', '000012', 1, 2, 'id2250', 'id3387', 'Machine Gun Kelly', '057102CO');
insert into EJEMPLAR (id, fecha_publicacion, id_autor, id_etiqueta, id_idioma, id_formato  , id_palabra_clave, id_editorial, Nombre, id_coleccion) values ('022291LB', CONVERT (DATE,'31/07/1979',103), '00219187', '000012', 2, 1, 'id4936', 'id1740', 'Italian Job, The', '057106CO');
insert into EJEMPLAR (id, fecha_publicacion, id_autor, id_etiqueta, id_idioma, id_formato  , id_palabra_clave, id_editorial, Nombre, id_coleccion) values ('022292LB', CONVERT (DATE,'20/11/1975',103), '00219109', '000011', 2, 1, 'id1613', 'id4756', 'And the Band Played On', '057119CO');
insert into EJEMPLAR (id, fecha_publicacion, id_autor, id_etiqueta, id_idioma, id_formato  , id_palabra_clave, id_editorial, Nombre, id_coleccion) values ('022293LB', CONVERT (DATE,'22/04/2021',103), '00219149', '000013', 2, 2, 'id3999', 'id4516', 'Desert Bloom', '057102CO');
insert into EJEMPLAR (id, fecha_publicacion, id_autor, id_etiqueta, id_idioma, id_formato  , id_palabra_clave, id_editorial, Nombre, id_coleccion) values ('022294LB', CONVERT (DATE,'27/06/1973',103), '00219111', '000012', 2, 1, 'id2441', 'id3311', 'Day of the Crows, The (Le jour des corneilles)', '057109CO');
insert into EJEMPLAR (id, fecha_publicacion, id_autor, id_etiqueta, id_idioma, id_formato  , id_palabra_clave, id_editorial, Nombre, id_coleccion) values ('022295LB', CONVERT (DATE,'21/07/2001',103), '00219159', '000012', 1, 1, 'id4755', 'id2465', 'Chelsea Walls', '057114CO');
insert into EJEMPLAR (id, fecha_publicacion, id_autor, id_etiqueta, id_idioma, id_formato  , id_palabra_clave, id_editorial, Nombre, id_coleccion) values ('022296LB', CONVERT (DATE,'04/12/1991',103), '00219127', '000012', 1, 1, 'id4803', 'id2713', 'Dead Set', '057108CO');
insert into EJEMPLAR (id, fecha_publicacion, id_autor, id_etiqueta, id_idioma, id_formato  , id_palabra_clave, id_editorial, Nombre, id_coleccion) values ('022297LB', CONVERT (DATE,'23/05/2018',103), '00219134', '000013', 1, 1, 'id1799', 'id4516', 'Stage Door', '057104CO');
insert into EJEMPLAR (id, fecha_publicacion, id_autor, id_etiqueta, id_idioma, id_formato  , id_palabra_clave, id_editorial, Nombre, id_coleccion) values ('022298LB', CONVERT (DATE,'27/02/1987',103), '00219117', '000013', 2, 2, 'id3153', 'id3390', 'Greenfingers', '057112CO');
insert into EJEMPLAR (id, fecha_publicacion, id_autor, id_etiqueta, id_idioma, id_formato  , id_palabra_clave, id_editorial, Nombre, id_coleccion) values ('022299LB', CONVERT (DATE,'07/01/1995',103), '00219132', '000013', 1, 1, 'id1891', 'id1254', 'Mare Nostrum', '057119CO');
insert into EJEMPLAR (id, fecha_publicacion, id_autor, id_etiqueta, id_idioma, id_formato  , id_palabra_clave, id_editorial, Nombre, id_coleccion) values ('022300LB', CONVERT (DATE,'27/10/1987',103), '00219173', '000011', 2, 1, 'id1178', 'id1254', 'Dresser, The', '057108CO');
insert into EJEMPLAR (id, fecha_publicacion, id_autor, id_etiqueta, id_idioma, id_formato  , id_palabra_clave, id_editorial, Nombre, id_coleccion) values ('022301LB', CONVERT (DATE,'26/10/1993',103), '00219185', '000011', 2, 1, 'id1400', 'id3493', 'Fast and the Furious, The', '057107CO');
insert into EJEMPLAR (id, fecha_publicacion, id_autor, id_etiqueta, id_idioma, id_formato  , id_palabra_clave, id_editorial, Nombre, id_coleccion) values ('022302LB', CONVERT (DATE,'11/05/2001',103), '00219191', '000011', 2, 1, 'id3787', 'id4762', 'I''m Going Home (Je rentre à la maison)', '057105CO');
insert into EJEMPLAR (id, fecha_publicacion, id_autor, id_etiqueta, id_idioma, id_formato  , id_palabra_clave, id_editorial, Nombre, id_coleccion) values ('022303LB', CONVERT (DATE,'31/10/1972',103), '00219108', '000012', 2, 1, 'id3076', 'id3387', 'Tom Thumb', '057112CO');
insert into EJEMPLAR (id, fecha_publicacion, id_autor, id_etiqueta, id_idioma, id_formato  , id_palabra_clave, id_editorial, Nombre, id_coleccion) values ('022304LB', CONVERT (DATE,'02/06/2016',103), '00219170', '000011', 2, 2, 'id1544', 'id3390', 'Swimming to Cambodia', '057101CO');
insert into EJEMPLAR (id, fecha_publicacion, id_autor, id_etiqueta, id_idioma, id_formato  , id_palabra_clave, id_editorial, Nombre, id_coleccion) values ('022305LB', CONVERT (DATE,'30/01/2010',103), '00219150', '000012', 1, 2, 'id2965', 'id3311', 'Loves of Carmen, The', '057112CO');
insert into EJEMPLAR (id, fecha_publicacion, id_autor, id_etiqueta, id_idioma, id_formato  , id_palabra_clave, id_editorial, Nombre, id_coleccion) values ('022306LB', CONVERT (DATE,'04/01/2022',103), '00219190', '000011', 2, 1, 'id2957', 'id1254', 'Kissed by Winter (Vinterkyss)', '057112CO');
insert into EJEMPLAR (id, fecha_publicacion, id_autor, id_etiqueta, id_idioma, id_formato  , id_palabra_clave, id_editorial, Nombre, id_coleccion) values ('022307LB', CONVERT (DATE,'31/03/2008',103), '00219156', '000013', 1, 1, 'id1596', 'id3372', 'The Substitute 4: Failure Is Not an Option', '057114CO');
insert into EJEMPLAR (id, fecha_publicacion, id_autor, id_etiqueta, id_idioma, id_formato  , id_palabra_clave, id_editorial, Nombre, id_coleccion) values ('022308LB', CONVERT (DATE,'11/02/2019',103), '00219118', '000012', 2, 2, 'id2852', 'id2713', 'Annabelle', '057106CO');
insert into EJEMPLAR (id, fecha_publicacion, id_autor, id_etiqueta, id_idioma, id_formato  , id_palabra_clave, id_editorial, Nombre, id_coleccion) values ('022309LB', CONVERT (DATE,'27/11/2001',103), '00219111', '000013', 1, 1, 'id3787', 'id4762', 'Fat Albert', '057102CO');
insert into EJEMPLAR (id, fecha_publicacion, id_autor, id_etiqueta, id_idioma, id_formato  , id_palabra_clave, id_editorial, Nombre, id_coleccion) values ('022310LB', CONVERT (DATE,'08/10/1962',103), '00219171', '000011', 1, 2, 'id3637', 'id1740', 'Passenger, The (Professione: reporter)', '057119CO');
insert into EJEMPLAR (id, fecha_publicacion, id_autor, id_etiqueta, id_idioma, id_formato  , id_palabra_clave, id_editorial, Nombre, id_coleccion) values ('022311LB', CONVERT (DATE,'21/04/1974',103), '00219149', '000011', 2, 1, 'id4485', 'id2624', 'The Way He Looks', '057119CO');
insert into EJEMPLAR (id, fecha_publicacion, id_autor, id_etiqueta, id_idioma, id_formato  , id_palabra_clave, id_editorial, Nombre, id_coleccion) values ('022312LB', CONVERT (DATE,'04/04/1970',103), '00219193', '000012', 2, 2, 'id3685', 'id3387', 'Kotch', '057119CO');
insert into EJEMPLAR (id, fecha_publicacion, id_autor, id_etiqueta, id_idioma, id_formato  , id_palabra_clave, id_editorial, Nombre, id_coleccion) values ('022313LB', CONVERT (DATE,'04/09/2005',103), '00219134', '000012', 1, 1, 'id3591', 'id1020', 'Two Cents Worth of Hope (Due soldi di speranza)', '057105CO');
insert into EJEMPLAR (id, fecha_publicacion, id_autor, id_etiqueta, id_idioma, id_formato  , id_palabra_clave, id_editorial, Nombre, id_coleccion) values ('022314LB', CONVERT (DATE,'17/01/1974',103), '00219187', '000012', 1, 2, 'id4417', 'id4516', 'Transformers: Age of Extinction', '057112CO');
insert into EJEMPLAR (id, fecha_publicacion, id_autor, id_etiqueta, id_idioma, id_formato  , id_palabra_clave, id_editorial, Nombre, id_coleccion) values ('022315LB', CONVERT (DATE,'14/09/2003',103), '00219120', '000013', 1, 2, 'id1941', 'id2713', 'They Were Expendable', '057112CO');
insert into EJEMPLAR (id, fecha_publicacion, id_autor, id_etiqueta, id_idioma, id_formato  , id_palabra_clave, id_editorial, Nombre, id_coleccion) values ('022316LB', CONVERT (DATE,'22/05/1996',103), '00219195', '000013', 2, 1, 'id2075', 'id1654', 'Let the Right One In (Låt den rätte komma in)', '057112CO');
insert into EJEMPLAR (id, fecha_publicacion, id_autor, id_etiqueta, id_idioma, id_formato  , id_palabra_clave, id_editorial, Nombre, id_coleccion) values ('022317LB', CONVERT (DATE,'27/08/1984',103), '00219173', '000013', 1, 1, 'id1178', 'id1654', 'Stereo', '057113CO');
insert into EJEMPLAR (id, fecha_publicacion, id_autor, id_etiqueta, id_idioma, id_formato  , id_palabra_clave, id_editorial, Nombre, id_coleccion) values ('022318LB', CONVERT (DATE,'15/06/2002',103), '00219198', '000013', 1, 2, 'id1799', 'id2624', 'Lamerica', '057112CO');
insert into EJEMPLAR (id, fecha_publicacion, id_autor, id_etiqueta, id_idioma, id_formato  , id_palabra_clave, id_editorial, Nombre, id_coleccion) values ('022319LB', CONVERT (DATE,'22/06/1983',103), '00219141', '000013', 1, 1, 'id2326', 'id2586', '(A)sexual', '057119CO');
insert into EJEMPLAR (id, fecha_publicacion, id_autor, id_etiqueta, id_idioma, id_formato  , id_palabra_clave, id_editorial, Nombre, id_coleccion) values ('022320LB', CONVERT (DATE,'18/03/1990',103), '00219101', '000012', 2, 2, 'id3076', 'id3372', 'Knock on Wood', '057104CO');
insert into EJEMPLAR (id, fecha_publicacion, id_autor, id_etiqueta, id_idioma, id_formato  , id_palabra_clave, id_editorial, Nombre, id_coleccion) values ('022321LB', CONVERT (DATE,'14/06/2008',103), '00219160', '000013', 1, 2, 'id1482', 'id1740', 'Captive Heart: The James Mink Story', '057107CO');
insert into EJEMPLAR (id, fecha_publicacion, id_autor, id_etiqueta, id_idioma, id_formato  , id_palabra_clave, id_editorial, Nombre, id_coleccion) values ('022322LB', CONVERT (DATE,'13/01/1987',103), '00219200', '000013', 2, 1, 'id2203', 'id3372', 'Dodsworth', '057105CO');
insert into EJEMPLAR (id, fecha_publicacion, id_autor, id_etiqueta, id_idioma, id_formato  , id_palabra_clave, id_editorial, Nombre, id_coleccion) values ('022323LB', CONVERT (DATE,'06/03/1985',103), '00219151', '000013', 2, 2, 'id3591', 'id1654', 'Taming the Fire (Ukroshcheniye ognya)', '057106CO');
insert into EJEMPLAR (id, fecha_publicacion, id_autor, id_etiqueta, id_idioma, id_formato  , id_palabra_clave, id_editorial, Nombre, id_coleccion) values ('022324LB', CONVERT (DATE,'22/11/1983',103), '00219111', '000011', 1, 1, 'id3350', 'id3311', 'Wolfsburg', '057109CO');
insert into EJEMPLAR (id, fecha_publicacion, id_autor, id_etiqueta, id_idioma, id_formato  , id_palabra_clave, id_editorial, Nombre, id_coleccion) values ('022325LB', CONVERT (DATE,'25/09/2013',103), '00219126', '000011', 2, 2, 'id3375', 'id1254', 'Yellow Earth (Huang tu di)', '057112CO');
insert into EJEMPLAR (id, fecha_publicacion, id_autor, id_etiqueta, id_idioma, id_formato  , id_palabra_clave, id_editorial, Nombre, id_coleccion) values ('022326LB', CONVERT (DATE,'08/01/2018',103), '00219101', '000013', 1, 1, 'id2906', 'id1818', 'Wraith, The', '057112CO');
insert into EJEMPLAR (id, fecha_publicacion, id_autor, id_etiqueta, id_idioma, id_formato  , id_palabra_clave, id_editorial, Nombre, id_coleccion) values ('022327LB', CONVERT (DATE,'20/05/2001',103), '00219126', '000011', 2, 1, 'id3350', 'id3372', 'Decline of Western Civilization, The', '057102CO');
insert into EJEMPLAR (id, fecha_publicacion, id_autor, id_etiqueta, id_idioma, id_formato  , id_palabra_clave, id_editorial, Nombre, id_coleccion) values ('022328LB', CONVERT (DATE,'05/05/1981',103), '00219113', '000011', 2, 2, 'id3685', 'id1818', 'Mickey One', '057119CO');
insert into EJEMPLAR (id, fecha_publicacion, id_autor, id_etiqueta, id_idioma, id_formato  , id_palabra_clave, id_editorial, Nombre, id_coleccion) values ('022329LB', CONVERT (DATE,'29/04/2003',103), '00219169', '000013', 1, 1, 'id1916', 'id1254', 'Visioneers', '057108CO');
insert into EJEMPLAR (id, fecha_publicacion, id_autor, id_etiqueta, id_idioma, id_formato  , id_palabra_clave, id_editorial, Nombre, id_coleccion) values ('022330LB', CONVERT (DATE,'09/06/1974',103), '00219130', '000011', 2, 1, 'id1496', 'id1254', 'Wedding, A', '057119CO');
insert into EJEMPLAR (id, fecha_publicacion, id_autor, id_etiqueta, id_idioma, id_formato  , id_palabra_clave, id_editorial, Nombre, id_coleccion) values ('022331LB', CONVERT (DATE,'28/01/1997',103), '00219133', '000011', 2, 2, 'id4260', 'id1254', 'Three Wishes', '057119CO');
insert into EJEMPLAR (id, fecha_publicacion, id_autor, id_etiqueta, id_idioma, id_formato  , id_palabra_clave, id_editorial, Nombre, id_coleccion) values ('022332LB', CONVERT (DATE,'23/06/1988',103), '00219135', '000012', 1, 1, 'id3838', 'id2624', 'Yuva', '057122CO');
insert into EJEMPLAR (id, fecha_publicacion, id_autor, id_etiqueta, id_idioma, id_formato  , id_palabra_clave, id_editorial, Nombre, id_coleccion) values ('022333LB', CONVERT (DATE,'15/06/1975',103), '00219163', '000012', 2, 1, 'id4628', 'id2713', 'Distant Voices, Still Lives', '057109CO');
insert into EJEMPLAR (id, fecha_publicacion, id_autor, id_etiqueta, id_idioma, id_formato  , id_palabra_clave, id_editorial, Nombre, id_coleccion) values ('022334LB', CONVERT (DATE,'14/12/1961',103), '00219197', '000013', 1, 2, 'id2326', 'id3372', 'Bar Girls', '057101CO');
insert into EJEMPLAR (id, fecha_publicacion, id_autor, id_etiqueta, id_idioma, id_formato  , id_palabra_clave, id_editorial, Nombre, id_coleccion) values ('022335LB', CONVERT (DATE,'31/03/1976',103), '00219181', '000013', 1, 1, 'id4074', 'id3390', 'Cats Don''t Dance', '057105CO');
insert into EJEMPLAR (id, fecha_publicacion, id_autor, id_etiqueta, id_idioma, id_formato  , id_palabra_clave, id_editorial, Nombre, id_coleccion) values ('022336LB', CONVERT (DATE,'11/09/1980',103), '00219100', '000011', 2, 1, 'id2561', 'id1020', 'Brewster''s Millions', '057119CO');
insert into EJEMPLAR (id, fecha_publicacion, id_autor, id_etiqueta, id_idioma, id_formato  , id_palabra_clave, id_editorial, Nombre, id_coleccion) values ('022337LB', CONVERT (DATE,'14/11/2014',103), '00219179', '000013', 2, 2, 'id2393', 'id4762', 'Rosetta', '057104CO');
insert into EJEMPLAR (id, fecha_publicacion, id_autor, id_etiqueta, id_idioma, id_formato  , id_palabra_clave, id_editorial, Nombre, id_coleccion) values ('022338LB', CONVERT (DATE,'20/02/1967',103), '00219147', '000012', 2, 2, 'id3113', 'id1818', 'Sissi: The Young Empress (Sissi - Die Junge Kaiserin)', '057112CO');
insert into EJEMPLAR (id, fecha_publicacion, id_autor, id_etiqueta, id_idioma, id_formato  , id_palabra_clave, id_editorial, Nombre, id_coleccion) values ('022339LB', CONVERT (DATE,'09/07/1960',103), '00219186', '000012', 1, 1, 'id3153', 'id3371', 'Enlightenment Guaranteed (Erleuchtung Garantiert)', '057113CO');
insert into EJEMPLAR (id, fecha_publicacion, id_autor, id_etiqueta, id_idioma, id_formato  , id_palabra_clave, id_editorial, Nombre, id_coleccion) values ('022340LB', CONVERT (DATE,'20/08/1972',103), '00219157', '000011', 2, 1, 'id4380', 'id3493', 'Toxic Avenger, Part II, The', '057105CO');
insert into EJEMPLAR (id, fecha_publicacion, id_autor, id_etiqueta, id_idioma, id_formato  , id_palabra_clave, id_editorial, Nombre, id_coleccion) values ('022341LB', CONVERT (DATE,'28/06/1974',103), '00219102', '000011', 1, 1, 'id4699', 'id4756', 'Our Paradise (Notre paradis)', '057108CO');
insert into EJEMPLAR (id, fecha_publicacion, id_autor, id_etiqueta, id_idioma, id_formato  , id_palabra_clave, id_editorial, Nombre, id_coleccion) values ('022342LB', CONVERT (DATE,'29/08/1990',103), '00219106', '000013', 1, 2, 'id3113', 'id1020', 'Law, The (a.k.a. Where the Hot Wind Blows!) (Legge, La)', '057112CO');
insert into EJEMPLAR (id, fecha_publicacion, id_autor, id_etiqueta, id_idioma, id_formato  , id_palabra_clave, id_editorial, Nombre, id_coleccion) values ('022343LB', CONVERT (DATE,'16/05/1982',103), '00219184', '000011', 1, 1, 'id1182', 'id3372', 'Brasher Doubloon, The', '057107CO');
insert into EJEMPLAR (id, fecha_publicacion, id_autor, id_etiqueta, id_idioma, id_formato  , id_palabra_clave, id_editorial, Nombre, id_coleccion) values ('022344LB', CONVERT (DATE,'14/02/1966',103), '00219155', '000011', 1, 1, 'id1410', 'id1654', 'Rhyme & Reason', '057113CO');
insert into EJEMPLAR (id, fecha_publicacion, id_autor, id_etiqueta, id_idioma, id_formato  , id_palabra_clave, id_editorial, Nombre, id_coleccion) values ('022345LB', CONVERT (DATE,'27/04/2000',103), '00219164', '000012', 2, 2, 'id2195', 'id1740', 'Wolf Children (Okami kodomo no ame to yuki)', '057108CO');
insert into EJEMPLAR (id, fecha_publicacion, id_autor, id_etiqueta, id_idioma, id_formato  , id_palabra_clave, id_editorial, Nombre, id_coleccion) values ('022346LB', CONVERT (DATE,'28/05/2001',103), '00219197', '000013', 2, 1, 'id4699', 'id1654', 'The Appointments of Dennis Jennings', '057104CO');
insert into EJEMPLAR (id, fecha_publicacion, id_autor, id_etiqueta, id_idioma, id_formato  , id_palabra_clave, id_editorial, Nombre, id_coleccion) values ('022347LB', CONVERT (DATE,'22/02/1988',103), '00219178', '000011', 2, 2, 'id3591', 'id4516', 'Blacksmith, The', '057114CO');
insert into EJEMPLAR (id, fecha_publicacion, id_autor, id_etiqueta, id_idioma, id_formato  , id_palabra_clave, id_editorial, Nombre, id_coleccion) values ('022348LB', CONVERT (DATE,'22/05/2009',103), '00219159', '000012', 2, 1, 'id2965', 'id3390', 'Uninvited, The', '057109CO');
insert into EJEMPLAR (id, fecha_publicacion, id_autor, id_etiqueta, id_idioma, id_formato  , id_palabra_clave, id_editorial, Nombre, id_coleccion) values ('022349LB', CONVERT (DATE,'15/01/1970',103), '00219144', '000011', 1, 1, 'id4916', 'id2713', 'Ordinary Sinner', '057106CO');
insert into EJEMPLAR (id, fecha_publicacion, id_autor, id_etiqueta, id_idioma, id_formato  , id_palabra_clave, id_editorial, Nombre, id_coleccion) values ('022350LB', CONVERT (DATE,'10/03/1962',103), '00219192', '000012', 1, 1, 'id4074', 'id1254', 'Good German, The', '057106CO');
insert into EJEMPLAR (id, fecha_publicacion, id_autor, id_etiqueta, id_idioma, id_formato  , id_palabra_clave, id_editorial, Nombre, id_coleccion) values ('022351LB', CONVERT (DATE,'10/08/2020',103), '00219154', '000012', 1, 2, 'id3771', 'id1020', 'Here Without Me (Inja bedoone man)', '057113CO');
insert into EJEMPLAR (id, fecha_publicacion, id_autor, id_etiqueta, id_idioma, id_formato  , id_palabra_clave, id_editorial, Nombre, id_coleccion) values ('022352LB', CONVERT (DATE,'24/09/1971',103), '00219140', '000013', 2, 1, 'id1596', 'id3311', 'Harold and Maude', '057112CO');
insert into EJEMPLAR (id, fecha_publicacion, id_autor, id_etiqueta, id_idioma, id_formato  , id_palabra_clave, id_editorial, Nombre, id_coleccion) values ('022353LB', CONVERT (DATE,'02/09/1969',103), '00219102', '000011', 1, 2, 'id2852', 'id2624', 'Ron Clark Story, The', '057119CO');
insert into EJEMPLAR (id, fecha_publicacion, id_autor, id_etiqueta, id_idioma, id_formato  , id_palabra_clave, id_editorial, Nombre, id_coleccion) values ('022354LB', CONVERT (DATE,'12/02/1963',103), '00219119', '000011', 2, 1, 'id1891', 'id2624', 'First Family', '057101CO');
insert into EJEMPLAR (id, fecha_publicacion, id_autor, id_etiqueta, id_idioma, id_formato  , id_palabra_clave, id_editorial, Nombre, id_coleccion) values ('022355LB', CONVERT (DATE,'04/05/1975',103), '00219130', '000011', 1, 1, 'id2274', 'id2713', 'Bachelor Party, The', '057112CO');
insert into EJEMPLAR (id, fecha_publicacion, id_autor, id_etiqueta, id_idioma, id_formato  , id_palabra_clave, id_editorial, Nombre, id_coleccion) values ('022356LB', CONVERT (DATE,'21/09/2018',103), '00219121', '000013', 1, 2, 'id3449', 'id1654', 'Almost Famous', '057113CO');
insert into EJEMPLAR (id, fecha_publicacion, id_autor, id_etiqueta, id_idioma, id_formato  , id_palabra_clave, id_editorial, Nombre, id_coleccion) values ('022357LB', CONVERT (DATE,'25/10/2014',103), '00219114', '000013', 2, 1, 'id2142', 'id3390', 'Possession', '057112CO');
insert into EJEMPLAR (id, fecha_publicacion, id_autor, id_etiqueta, id_idioma, id_formato  , id_palabra_clave, id_editorial, Nombre, id_coleccion) values ('022358LB', CONVERT (DATE,'14/10/1998',103), '00219149', '000013', 2, 1, 'id3685', 'id2713', 'Four Seasons, The', '057112CO');
insert into EJEMPLAR (id, fecha_publicacion, id_autor, id_etiqueta, id_idioma, id_formato  , id_palabra_clave, id_editorial, Nombre, id_coleccion) values ('022359LB', CONVERT (DATE,'27/09/1964',103), '00219141', '000011', 2, 1, 'id3999', 'id4762', 'Blue Blood', '057112CO');
insert into EJEMPLAR (id, fecha_publicacion, id_autor, id_etiqueta, id_idioma, id_formato  , id_palabra_clave, id_editorial, Nombre, id_coleccion) values ('022360LB', CONVERT (DATE,'11/11/1978',103), '00219145', '000011', 1, 1, 'id1841', 'id3372', 'Pillars of the Earth, The', '057112CO');
insert into EJEMPLAR (id, fecha_publicacion, id_autor, id_etiqueta, id_idioma, id_formato  , id_palabra_clave, id_editorial, Nombre, id_coleccion) values ('022361LB', CONVERT (DATE,'30/11/2000',103), '00219129', '000011', 2, 2, 'id1493', 'id3390', 'Karate Kid, Part III, The', '057119CO');
insert into EJEMPLAR (id, fecha_publicacion, id_autor, id_etiqueta, id_idioma, id_formato  , id_palabra_clave, id_editorial, Nombre, id_coleccion) values ('022362LB', CONVERT (DATE,'05/08/1980',103), '00219136', '000012', 1, 2, 'id3817', 'id3390', 'Star Maker, The (Uomo delle stelle, L'')', '057102CO');
insert into EJEMPLAR (id, fecha_publicacion, id_autor, id_etiqueta, id_idioma, id_formato  , id_palabra_clave, id_editorial, Nombre, id_coleccion) values ('022363LB', CONVERT (DATE,'24/04/1997',103), '00219124', '000012', 1, 1, 'id2195', 'id2465', 'Fellini''s Casanova (Il Casanova di Federico Fellini)', '057114CO');
insert into EJEMPLAR (id, fecha_publicacion, id_autor, id_etiqueta, id_idioma, id_formato  , id_palabra_clave, id_editorial, Nombre, id_coleccion) values ('022364LB', CONVERT (DATE,'10/12/2010',103), '00219107', '000012', 2, 2, 'id1841', 'id3311', 'Adventures of Huck Finn, The', '057108CO');
insert into EJEMPLAR (id, fecha_publicacion, id_autor, id_etiqueta, id_idioma, id_formato  , id_palabra_clave, id_editorial, Nombre, id_coleccion) values ('022365LB', CONVERT (DATE,'31/01/1993',103), '00219124', '000013', 1, 1, 'id1657', 'id1818', 'Blood of the Beasts (Sang des bêtes, Le)', '057114CO');
insert into EJEMPLAR (id, fecha_publicacion, id_autor, id_etiqueta, id_idioma, id_formato  , id_palabra_clave, id_editorial, Nombre, id_coleccion) values ('022366LB', CONVERT (DATE,'26/09/2012',103), '00219162', '000012', 1, 2, 'id3342', 'id2624', 'Other Son, The (Fils de l''autre, Le)', '057115CO');
insert into EJEMPLAR (id, fecha_publicacion, id_autor, id_etiqueta, id_idioma, id_formato  , id_palabra_clave, id_editorial, Nombre, id_coleccion) values ('022367LB', CONVERT (DATE,'11/11/2014',103), '00219121', '000011', 1, 2, 'id2075', 'id3390', 'My Life and Times With Antonin Artaud (En compagnie d''Antonin Artaud)', '057119CO');
insert into EJEMPLAR (id, fecha_publicacion, id_autor, id_etiqueta, id_idioma, id_formato  , id_palabra_clave, id_editorial, Nombre, id_coleccion) values ('022368LB', CONVERT (DATE,'09/04/1985',103), '00219195', '000012', 1, 2, 'id1613', 'id2465', 'Eye of the Storm, The', '057115CO');
insert into EJEMPLAR (id, fecha_publicacion, id_autor, id_etiqueta, id_idioma, id_formato  , id_palabra_clave, id_editorial, Nombre, id_coleccion) values ('022369LB', CONVERT (DATE,'15/05/2015',103), '00219178', '000011', 1, 1, 'id4029', 'id1818', 'Iceman Cometh, The', '057114CO');
insert into EJEMPLAR (id, fecha_publicacion, id_autor, id_etiqueta, id_idioma, id_formato  , id_palabra_clave, id_editorial, Nombre, id_coleccion) values ('022370LB', CONVERT (DATE,'08/03/1964',103), '00219166', '000012', 2, 2, 'id3824', 'id4762', 'Rosario Tijeras', '057119CO');
insert into EJEMPLAR (id, fecha_publicacion, id_autor, id_etiqueta, id_idioma, id_formato  , id_palabra_clave, id_editorial, Nombre, id_coleccion) values ('022371LB', CONVERT (DATE,'17/12/1978',103), '00219175', '000012', 1, 1, 'id2852', 'id3311', 'Verbo', '057119CO');
insert into EJEMPLAR (id, fecha_publicacion, id_autor, id_etiqueta, id_idioma, id_formato  , id_palabra_clave, id_editorial, Nombre, id_coleccion) values ('022372LB', CONVERT (DATE,'12/11/1962',103), '00219132', '000013', 2, 1, 'id3470', 'id3371', 'Capone', '057102CO');
insert into EJEMPLAR (id, fecha_publicacion, id_autor, id_etiqueta, id_idioma, id_formato  , id_palabra_clave, id_editorial, Nombre, id_coleccion) values ('022373LB', CONVERT (DATE,'03/09/1984',103), '00219194', '000012', 1, 2, 'id1596', 'id2586', 'The Coven', '057104CO');
insert into EJEMPLAR (id, fecha_publicacion, id_autor, id_etiqueta, id_idioma, id_formato  , id_palabra_clave, id_editorial, Nombre, id_coleccion) values ('022374LB', CONVERT (DATE,'09/01/2015',103), '00219138', '000013', 1, 2, 'id2906', 'id2624', 'Pirates of the Caribbean: At World''s End', '057112CO');
insert into EJEMPLAR (id, fecha_publicacion, id_autor, id_etiqueta, id_idioma, id_formato  , id_palabra_clave, id_editorial, Nombre, id_coleccion) values ('022375LB', CONVERT (DATE,'18/11/2021',103), '00219133', '000012', 1, 2, 'id3591', 'id3372', 'Under the Skin', '057122CO');
insert into EJEMPLAR (id, fecha_publicacion, id_autor, id_etiqueta, id_idioma, id_formato  , id_palabra_clave, id_editorial, Nombre, id_coleccion) values ('022376LB', CONVERT (DATE,'09/03/2012',103), '00219191', '000011', 2, 2, 'id3375', 'id2713', 'The Tattooist', '057105CO');
insert into EJEMPLAR (id, fecha_publicacion, id_autor, id_etiqueta, id_idioma, id_formato  , id_palabra_clave, id_editorial, Nombre, id_coleccion) values ('022377LB', CONVERT (DATE,'24/03/2020',103), '00219109', '000012', 1, 2, 'id2250', 'id3390', 'Three Men and a Little Lady', '057114CO');
insert into EJEMPLAR (id, fecha_publicacion, id_autor, id_etiqueta, id_idioma, id_formato  , id_palabra_clave, id_editorial, Nombre, id_coleccion) values ('022378LB', CONVERT (DATE,'08/12/1998',103), '00219174', '000012', 1, 1, 'id4628', 'id4756', 'Guest of Cindy Sherman', '057104CO');
insert into EJEMPLAR (id, fecha_publicacion, id_autor, id_etiqueta, id_idioma, id_formato  , id_palabra_clave, id_editorial, Nombre, id_coleccion) values ('022379LB', CONVERT (DATE,'13/04/1961',103), '00219159', '000013', 2, 1, 'id4074', 'id1654', 'Nanny McPhee', '057112CO');
insert into EJEMPLAR (id, fecha_publicacion, id_autor, id_etiqueta, id_idioma, id_formato  , id_palabra_clave, id_editorial, Nombre, id_coleccion) values ('022380LB', CONVERT (DATE,'11/11/2009',103), '00219166', '000013', 2, 1, 'id1442', 'id4762', 'Anatahan', '057112CO');
insert into EJEMPLAR (id, fecha_publicacion, id_autor, id_etiqueta, id_idioma, id_formato  , id_palabra_clave, id_editorial, Nombre, id_coleccion) values ('022381LB', CONVERT (DATE,'11/12/1976',103), '00219165', '000011', 2, 1, 'id2965', 'id2624', 'True Confessions', '057107CO');
insert into EJEMPLAR (id, fecha_publicacion, id_autor, id_etiqueta, id_idioma, id_formato  , id_palabra_clave, id_editorial, Nombre, id_coleccion) values ('022382LB', CONVERT (DATE,'19/11/2014',103), '00219102', '000011', 1, 2, 'id1366', 'id4762', 'Julia''s Eyes (Ojos de Julia, Los)', '057102CO');
insert into EJEMPLAR (id, fecha_publicacion, id_autor, id_etiqueta, id_idioma, id_formato  , id_palabra_clave, id_editorial, Nombre, id_coleccion) values ('022383LB', CONVERT (DATE,'21/06/2011',103), '00219140', '000012', 2, 2, 'id4265', 'id3371', 'Zebrahead', '057112CO');
insert into EJEMPLAR (id, fecha_publicacion, id_autor, id_etiqueta, id_idioma, id_formato  , id_palabra_clave, id_editorial, Nombre, id_coleccion) values ('022384LB', CONVERT (DATE,'21/03/2005',103), '00219104', '000011', 1, 2, 'id4230', 'id2713', 'Race the Sun', '057106CO');
insert into EJEMPLAR (id, fecha_publicacion, id_autor, id_etiqueta, id_idioma, id_formato  , id_palabra_clave, id_editorial, Nombre, id_coleccion) values ('022385LB', CONVERT (DATE,'03/08/1976',103), '00219133', '000011', 2, 2, 'id3135', 'id4756', 'Garfield: The Movie', '057112CO');
insert into EJEMPLAR (id, fecha_publicacion, id_autor, id_etiqueta, id_idioma, id_formato  , id_palabra_clave, id_editorial, Nombre, id_coleccion) values ('022386LB', CONVERT (DATE,'08/10/1992',103), '00219196', '000011', 1, 1, 'id1941', 'id3311', 'Rick', '057112CO');
insert into EJEMPLAR (id, fecha_publicacion, id_autor, id_etiqueta, id_idioma, id_formato  , id_palabra_clave, id_editorial, Nombre, id_coleccion) values ('022387LB', CONVERT (DATE,'20/07/2006',103), '00219150', '000013', 2, 2, 'id1529', 'id1654', 'Tulpan', '057112CO');
insert into EJEMPLAR (id, fecha_publicacion, id_autor, id_etiqueta, id_idioma, id_formato  , id_palabra_clave, id_editorial, Nombre, id_coleccion) values ('022388LB', CONVERT (DATE,'15/06/1963',103), '00219198', '000012', 2, 1, 'id3637', 'id2713', 'Finding a Family', '057112CO');
insert into EJEMPLAR (id, fecha_publicacion, id_autor, id_etiqueta, id_idioma, id_formato  , id_palabra_clave, id_editorial, Nombre, id_coleccion) values ('022389LB', CONVERT (DATE,'14/01/2008',103), '00219110', '000012', 2, 1, 'id1863', 'id2465', 'Terror Beneath the Sea, The (Kaitei daisensô)', '057112CO');
insert into EJEMPLAR (id, fecha_publicacion, id_autor, id_etiqueta, id_idioma, id_formato  , id_palabra_clave, id_editorial, Nombre, id_coleccion) values ('022390LB', CONVERT (DATE,'28/07/2010',103), '00219188', '000013', 1, 2, 'id3824', 'id3493', '96 Minutes ', '057114CO');
insert into EJEMPLAR (id, fecha_publicacion, id_autor, id_etiqueta, id_idioma, id_formato  , id_palabra_clave, id_editorial, Nombre, id_coleccion) values ('022391LB', CONVERT (DATE,'25/07/1979',103), '00219169', '000011', 2, 2, 'id4265', 'id1818', 'Curious Case of Benjamin Button, The', '057122CO');
insert into EJEMPLAR (id, fecha_publicacion, id_autor, id_etiqueta, id_idioma, id_formato  , id_palabra_clave, id_editorial, Nombre, id_coleccion) values ('022392LB', CONVERT (DATE,'26/12/1968',103), '00219196', '000013', 2, 2, 'id3838', 'id3390', 'Wild Thornberrys Movie, The', '057113CO');
insert into EJEMPLAR (id, fecha_publicacion, id_autor, id_etiqueta, id_idioma, id_formato  , id_palabra_clave, id_editorial, Nombre, id_coleccion) values ('022393LB', CONVERT (DATE,'05/12/1972',103), '00219197', '000012', 1, 2, 'id4230', 'id1254', 'Barefoot Gen 2 (Hadashi no Gen II)', '057122CO');
insert into EJEMPLAR (id, fecha_publicacion, id_autor, id_etiqueta, id_idioma, id_formato  , id_palabra_clave, id_editorial, Nombre, id_coleccion) values ('022394LB', CONVERT (DATE,'14/02/1975',103), '00219151', '000011', 1, 1, 'id3926', 'id4516', 'Carny', '057101CO');
insert into EJEMPLAR (id, fecha_publicacion, id_autor, id_etiqueta, id_idioma, id_formato  , id_palabra_clave, id_editorial, Nombre, id_coleccion) values ('022395LB', CONVERT (DATE,'10/08/1972',103), '00219167', '000011', 1, 1, 'id2906', 'id3387', 'Going the Distance', '057122CO');
insert into EJEMPLAR (id, fecha_publicacion, id_autor, id_etiqueta, id_idioma, id_formato  , id_palabra_clave, id_editorial, Nombre, id_coleccion) values ('022396LB', CONVERT (DATE,'27/06/1983',103), '00219128', '000012', 2, 2, 'id3817', 'id3371', 'Blithe Spirit', '057108CO');
insert into EJEMPLAR (id, fecha_publicacion, id_autor, id_etiqueta, id_idioma, id_formato  , id_palabra_clave, id_editorial, Nombre, id_coleccion) values ('022397LB', CONVERT (DATE,'05/09/2004',103), '00219132', '000013', 2, 2, 'id2882', 'id4762', 'Wedding Crashers', '057106CO');
insert into EJEMPLAR (id, fecha_publicacion, id_autor, id_etiqueta, id_idioma, id_formato  , id_palabra_clave, id_editorial, Nombre, id_coleccion) values ('022398LB', CONVERT (DATE,'12/11/1962',103), '00219109', '000013', 1, 1, 'id3838', 'id3387', 'Slow Burn', '057112CO');
insert into EJEMPLAR (id, fecha_publicacion, id_autor, id_etiqueta, id_idioma, id_formato  , id_palabra_clave, id_editorial, Nombre, id_coleccion) values ('022399LB', CONVERT (DATE,'04/12/1989',103), '00219186', '000012', 1, 1, 'id4260', 'id3372', 'Fulltime Killer (Chuen jik sat sau)', '057119CO');
insert into EJEMPLAR (id, fecha_publicacion, id_autor, id_etiqueta, id_idioma, id_formato  , id_palabra_clave, id_editorial, Nombre, id_coleccion) values ('022400LB', CONVERT (DATE,'02/09/1996',103), '00219185', '000012', 1, 2, 'id3637', 'id1740', 'Moment by Moment', '057101CO');
insert into EJEMPLAR (id, fecha_publicacion, id_autor, id_etiqueta, id_idioma, id_formato  , id_palabra_clave, id_editorial, Nombre, id_coleccion) values ('022401LB', CONVERT (DATE,'02/02/1975',103), '00219174', '000013', 2, 1, 'id1410', 'id2713', 'Before the Rain (Pred dozhdot)', '057102CO');
insert into EJEMPLAR (id, fecha_publicacion, id_autor, id_etiqueta, id_idioma, id_formato  , id_palabra_clave, id_editorial, Nombre, id_coleccion) values ('022402LB', CONVERT (DATE,'21/03/1990',103), '00219164', '000012', 2, 1, 'id2906', 'id2586', 'A.C.O.D.', '057108CO');
insert into EJEMPLAR (id, fecha_publicacion, id_autor, id_etiqueta, id_idioma, id_formato  , id_palabra_clave, id_editorial, Nombre, id_coleccion) values ('022403LB', CONVERT (DATE,'18/11/1997',103), '00219107', '000012', 2, 2, 'id1366', 'id1740', 'Ultraman (Chôhen kaijû eiga: Urutoraman)', '057119CO');
insert into EJEMPLAR (id, fecha_publicacion, id_autor, id_etiqueta, id_idioma, id_formato  , id_palabra_clave, id_editorial, Nombre, id_coleccion) values ('022404LB', CONVERT (DATE,'21/10/1994',103), '00219133', '000011', 2, 1, 'id4916', 'id2624', '6 Desires: DH Lawrence and Sardinia', '057101CO');
insert into EJEMPLAR (id, fecha_publicacion, id_autor, id_etiqueta, id_idioma, id_formato  , id_palabra_clave, id_editorial, Nombre, id_coleccion) values ('022405LB', CONVERT (DATE,'27/10/1960',103), '00219163', '000011', 1, 2, 'id2432', 'id4762', 'Fifth Element, The', '057122CO');
insert into EJEMPLAR (id, fecha_publicacion, id_autor, id_etiqueta, id_idioma, id_formato  , id_palabra_clave, id_editorial, Nombre, id_coleccion) values ('022406LB', CONVERT (DATE,'26/07/2004',103), '00219147', '000011', 1, 1, 'id1442', 'id1740', 'Angela''s Ashes', '057112CO');
insert into EJEMPLAR (id, fecha_publicacion, id_autor, id_etiqueta, id_idioma, id_formato  , id_palabra_clave, id_editorial, Nombre, id_coleccion) values ('022407LB', CONVERT (DATE,'30/07/1968',103), '00219161', '000013', 1, 1, 'id1544', 'id3372', 'Sexual Chronicles of a French Family (Chroniques sexuelles d''une famille d''aujourd''hui)', '057112CO');
insert into EJEMPLAR (id, fecha_publicacion, id_autor, id_etiqueta, id_idioma, id_formato  , id_palabra_clave, id_editorial, Nombre, id_coleccion) values ('022408LB', CONVERT (DATE,'10/07/2009',103), '00219117', '000013', 2, 2, 'id2953', 'id1020', 'LEGO Batman: The Movie - DC Heroes Unite', '057112CO');
insert into EJEMPLAR (id, fecha_publicacion, id_autor, id_etiqueta, id_idioma, id_formato  , id_palabra_clave, id_editorial, Nombre, id_coleccion) values ('022409LB', CONVERT (DATE,'19/12/1960',103), '00219124', '000012', 1, 1, 'id4230', 'id3311', 'Africa addio', '057104CO');
insert into EJEMPLAR (id, fecha_publicacion, id_autor, id_etiqueta, id_idioma, id_formato  , id_palabra_clave, id_editorial, Nombre, id_coleccion) values ('022410LB', CONVERT (DATE,'03/01/1968',103), '00219194', '000012', 2, 1, 'id4755', 'id4762', 'The Gun That Won the West', '057104CO');
insert into EJEMPLAR (id, fecha_publicacion, id_autor, id_etiqueta, id_idioma, id_formato  , id_palabra_clave, id_editorial, Nombre, id_coleccion) values ('022411LB', CONVERT (DATE,'27/07/1975',103), '00219134', '000012', 1, 1, 'id2203', 'id3390', 'Humanité, L''', '057108CO');
insert into EJEMPLAR (id, fecha_publicacion, id_autor, id_etiqueta, id_idioma, id_formato  , id_palabra_clave, id_editorial, Nombre, id_coleccion) values ('022412LB', CONVERT (DATE,'21/09/1982',103), '00219134', '000013', 2, 2, 'id1863', 'id4762', 'History Is Made at Night', '057108CO');
insert into EJEMPLAR (id, fecha_publicacion, id_autor, id_etiqueta, id_idioma, id_formato  , id_palabra_clave, id_editorial, Nombre, id_coleccion) values ('022413LB', CONVERT (DATE,'16/11/2010',103), '00219168', '000012', 2, 2, 'id2075', 'id2713', 'Like Someone In Love', '057105CO');
insert into EJEMPLAR (id, fecha_publicacion, id_autor, id_etiqueta, id_idioma, id_formato  , id_palabra_clave, id_editorial, Nombre, id_coleccion) values ('022414LB', CONVERT (DATE,'21/02/2020',103), '00219115', '000012', 1, 1, 'id1169', 'id3311', 'Thirteen, The (Trinadtsat)', '057101CO');
insert into EJEMPLAR (id, fecha_publicacion, id_autor, id_etiqueta, id_idioma, id_formato  , id_palabra_clave, id_editorial, Nombre, id_coleccion) values ('022415LB', CONVERT (DATE,'17/09/1974',103), '00219116', '000011', 2, 1, 'id1366', 'id2465', 'Bohemian Eyes (Boheemi elää - Matti Pellonpää)', '057101CO');
insert into EJEMPLAR (id, fecha_publicacion, id_autor, id_etiqueta, id_idioma, id_formato  , id_palabra_clave, id_editorial, Nombre, id_coleccion) values ('022416LB', CONVERT (DATE,'12/01/1975',103), '00219100', '000012', 1, 2, 'id3153', 'id1818', 'Oppai Volleyball (Oppai barê)', '057104CO');
insert into EJEMPLAR (id, fecha_publicacion, id_autor, id_etiqueta, id_idioma, id_formato  , id_palabra_clave, id_editorial, Nombre, id_coleccion) values ('022417LB', CONVERT (DATE,'17/12/2017',103), '00219187', '000012', 1, 2, 'id1504', 'id3372', 'Angry Red Planet, The', '057107CO');
insert into EJEMPLAR (id, fecha_publicacion, id_autor, id_etiqueta, id_idioma, id_formato  , id_palabra_clave, id_editorial, Nombre, id_coleccion) values ('022418LB', CONVERT (DATE,'16/07/1988',103), '00219161', '000011', 2, 1, 'id3361', 'id1654', 'Opportunity Knocks', '057119CO');
insert into EJEMPLAR (id, fecha_publicacion, id_autor, id_etiqueta, id_idioma, id_formato  , id_palabra_clave, id_editorial, Nombre, id_coleccion) values ('022419LB', CONVERT (DATE,'10/05/1961',103), '00219140', '000011', 2, 1, 'id4916', 'id3493', 'Diary of a Hitman', '057112CO');
insert into EJEMPLAR (id, fecha_publicacion, id_autor, id_etiqueta, id_idioma, id_formato  , id_palabra_clave, id_editorial, Nombre, id_coleccion) values ('022420LB', CONVERT (DATE,'19/06/1982',103), '00219187', '000012', 2, 1, 'id1852', 'id3311', 'Nola', '057112CO');
insert into EJEMPLAR (id, fecha_publicacion, id_autor, id_etiqueta, id_idioma, id_formato  , id_palabra_clave, id_editorial, Nombre, id_coleccion) values ('022421LB', CONVERT (DATE,'16/07/1986',103), '00219144', '000013', 2, 1, 'id3342', 'id4516', 'Odette Toulemonde', '057122CO');
insert into EJEMPLAR (id, fecha_publicacion, id_autor, id_etiqueta, id_idioma, id_formato  , id_palabra_clave, id_editorial, Nombre, id_coleccion) values ('022422LB', CONVERT (DATE,'15/01/2005',103), '00219123', '000013', 1, 2, 'id1178', 'id3371', 'Friday the 13th Part VI: Jason Lives', '057119CO');
insert into EJEMPLAR (id, fecha_publicacion, id_autor, id_etiqueta, id_idioma, id_formato  , id_palabra_clave, id_editorial, Nombre, id_coleccion) values ('022423LB', CONVERT (DATE,'25/03/1999',103), '00219159', '000011', 1, 2, 'id4380', 'id1020', 'King of Thorn (King of Thorns) (Ibara no O)', '057122CO');
insert into EJEMPLAR (id, fecha_publicacion, id_autor, id_etiqueta, id_idioma, id_formato  , id_palabra_clave, id_editorial, Nombre, id_coleccion) values ('022424LB', CONVERT (DATE,'17/03/1962',103), '00219134', '000012', 2, 1, 'id1656', 'id4516', 'The Great Northfield Minnesota Raid', '057101CO');
insert into EJEMPLAR (id, fecha_publicacion, id_autor, id_etiqueta, id_idioma, id_formato  , id_palabra_clave, id_editorial, Nombre, id_coleccion) values ('022425LB', CONVERT (DATE,'18/07/1994',103), '00219199', '000012', 2, 2, 'id1504', 'id1254', 'Roberto Succo', '057112CO');
insert into EJEMPLAR (id, fecha_publicacion, id_autor, id_etiqueta, id_idioma, id_formato  , id_palabra_clave, id_editorial, Nombre, id_coleccion) values ('022426LB', CONVERT (DATE,'04/06/1964',103), '00219196', '000013', 2, 2, 'id2441', 'id2624', 'Kaspar Hauser', '057115CO');
insert into EJEMPLAR (id, fecha_publicacion, id_autor, id_etiqueta, id_idioma, id_formato  , id_palabra_clave, id_editorial, Nombre, id_coleccion) values ('022427LB', CONVERT (DATE,'10/04/1997',103), '00219195', '000013', 1, 1, 'id1941', 'id3493', 'Titanic', '057102CO');
insert into EJEMPLAR (id, fecha_publicacion, id_autor, id_etiqueta, id_idioma, id_formato  , id_palabra_clave, id_editorial, Nombre, id_coleccion) values ('022428LB', CONVERT (DATE,'03/05/1968',103), '00219128', '000013', 2, 1, 'id2142', 'id2586', 'Siege, The', '057119CO');
insert into EJEMPLAR (id, fecha_publicacion, id_autor, id_etiqueta, id_idioma, id_formato  , id_palabra_clave, id_editorial, Nombre, id_coleccion) values ('022429LB', CONVERT (DATE,'04/07/1961',103), '00219140', '000013', 2, 1, 'id3824', 'id1254', 'Cinemania', '057112CO');
insert into EJEMPLAR (id, fecha_publicacion, id_autor, id_etiqueta, id_idioma, id_formato  , id_palabra_clave, id_editorial, Nombre, id_coleccion) values ('022430LB', CONVERT (DATE,'06/11/2006',103), '00219140', '000011', 2, 2, 'id4755', 'id2465', 'Angst', '057108CO');
insert into EJEMPLAR (id, fecha_publicacion, id_autor, id_etiqueta, id_idioma, id_formato  , id_palabra_clave, id_editorial, Nombre, id_coleccion) values ('022431LB', CONVERT (DATE,'04/04/1972',103), '00219140', '000011', 1, 1, 'id2393', 'id1020', 'Walking Tall', '057105CO');
insert into EJEMPLAR (id, fecha_publicacion, id_autor, id_etiqueta, id_idioma, id_formato  , id_palabra_clave, id_editorial, Nombre, id_coleccion) values ('022432LB', CONVERT (DATE,'07/05/2011',103), '00219122', '000011', 1, 2, 'id3350', 'id4756', 'The Big Bus', '057112CO');
insert into EJEMPLAR (id, fecha_publicacion, id_autor, id_etiqueta, id_idioma, id_formato  , id_palabra_clave, id_editorial, Nombre, id_coleccion) values ('022433LB', CONVERT (DATE,'18/05/2020',103), '00219166', '000012', 1, 2, 'id4387', 'id2624', '7 Plus Seven', '057112CO');
insert into EJEMPLAR (id, fecha_publicacion, id_autor, id_etiqueta, id_idioma, id_formato  , id_palabra_clave, id_editorial, Nombre, id_coleccion) values ('022434LB', CONVERT (DATE,'20/10/2012',103), '00219165', '000013', 2, 2, 'id4496', 'id1818', 'Isn''t She Great?', '057106CO');
insert into EJEMPLAR (id, fecha_publicacion, id_autor, id_etiqueta, id_idioma, id_formato  , id_palabra_clave, id_editorial, Nombre, id_coleccion) values ('022435LB', CONVERT (DATE,'17/12/1988',103), '00219131', '000012', 1, 1, 'id3926', 'id3311', 'When We Were Kings', '057104CO');
insert into EJEMPLAR (id, fecha_publicacion, id_autor, id_etiqueta, id_idioma, id_formato  , id_palabra_clave, id_editorial, Nombre, id_coleccion) values ('022436LB', CONVERT (DATE,'07/08/1989',103), '00219159', '000011', 2, 1, 'id2203', 'id3493', 'Boy', '057109CO');
insert into EJEMPLAR (id, fecha_publicacion, id_autor, id_etiqueta, id_idioma, id_formato  , id_palabra_clave, id_editorial, Nombre, id_coleccion) values ('022437LB', CONVERT (DATE,'05/05/1970',103), '00219170', '000012', 2, 1, 'id1400', 'id3390', 'Bjarnfreðarson', '057115CO');
insert into EJEMPLAR (id, fecha_publicacion, id_autor, id_etiqueta, id_idioma, id_formato  , id_palabra_clave, id_editorial, Nombre, id_coleccion) values ('022438LB', CONVERT (DATE,'22/03/2016',103), '00219116', '000011', 2, 1, 'id2280', 'id2465', 'Camp', '057122CO');
insert into EJEMPLAR (id, fecha_publicacion, id_autor, id_etiqueta, id_idioma, id_formato  , id_palabra_clave, id_editorial, Nombre, id_coleccion) values ('022439LB', CONVERT (DATE,'24/12/1973',103), '00219132', '000011', 2, 2, 'id3771', 'id3387', 'Pinocchio', '057113CO');
insert into EJEMPLAR (id, fecha_publicacion, id_autor, id_etiqueta, id_idioma, id_formato  , id_palabra_clave, id_editorial, Nombre, id_coleccion) values ('022440LB', CONVERT (DATE,'20/05/1987',103), '00219142', '000012', 1, 1, 'id3135', 'id3390', 'Jonah Hex', '057107CO');
insert into EJEMPLAR (id, fecha_publicacion, id_autor, id_etiqueta, id_idioma, id_formato  , id_palabra_clave, id_editorial, Nombre, id_coleccion) values ('022441LB', CONVERT (DATE,'15/08/2008',103), '00219162', '000013', 1, 1, 'id2953', 'id1654', 'Mysterious Island', '057107CO');
insert into EJEMPLAR (id, fecha_publicacion, id_autor, id_etiqueta, id_idioma, id_formato  , id_palabra_clave, id_editorial, Nombre, id_coleccion) values ('022442LB', CONVERT (DATE,'30/07/1981',103), '00219192', '000012', 2, 1, 'id2441', 'id2713', 'Creation of the Humanoids, The', '057114CO');
insert into EJEMPLAR (id, fecha_publicacion, id_autor, id_etiqueta, id_idioma, id_formato  , id_palabra_clave, id_editorial, Nombre, id_coleccion) values ('022443LB', CONVERT (DATE,'05/11/1980',103), '00219152', '000013', 1, 2, 'id3771', 'id4762', 'Joyless Street, The (Die freudlose Gasse)', '057113CO');
insert into EJEMPLAR (id, fecha_publicacion, id_autor, id_etiqueta, id_idioma, id_formato  , id_palabra_clave, id_editorial, Nombre, id_coleccion) values ('022444LB', CONVERT (DATE,'24/12/2006',103), '00219134', '000012', 1, 2, 'id3361', 'id2624', 'Tokyo Joe', '057112CO');
insert into EJEMPLAR (id, fecha_publicacion, id_autor, id_etiqueta, id_idioma, id_formato  , id_palabra_clave, id_editorial, Nombre, id_coleccion) values ('022445LB', CONVERT (DATE,'11/09/1960',103), '00219104', '000011', 2, 1, 'id3350', 'id4756', 'Lie, The', '057105CO');
insert into EJEMPLAR (id, fecha_publicacion, id_autor, id_etiqueta, id_idioma, id_formato  , id_palabra_clave, id_editorial, Nombre, id_coleccion) values ('022446LB', CONVERT (DATE,'22/06/1999',103), '00219165', '000011', 2, 2, 'id1503', 'id4516', 'Treasure Island', '057114CO');
insert into EJEMPLAR (id, fecha_publicacion, id_autor, id_etiqueta, id_idioma, id_formato  , id_palabra_clave, id_editorial, Nombre, id_coleccion) values ('022447LB', CONVERT (DATE,'06/07/2013',103), '00219127', '000013', 2, 1, 'id4803', 'id2713', 'Nutty Professor, The', '057102CO');
insert into EJEMPLAR (id, fecha_publicacion, id_autor, id_etiqueta, id_idioma, id_formato  , id_palabra_clave, id_editorial, Nombre, id_coleccion) values ('022448LB', CONVERT (DATE,'11/02/2014',103), '00219120', '000013', 1, 1, 'id2280', 'id4516', 'Play Motel', '057119CO');
insert into EJEMPLAR (id, fecha_publicacion, id_autor, id_etiqueta, id_idioma, id_formato  , id_palabra_clave, id_editorial, Nombre, id_coleccion) values ('022449LB', CONVERT (DATE,'20/02/2008',103), '00219142', '000011', 1, 2, 'id1891', 'id1740', 'Anna Christie', '057115CO');
insert into EJEMPLAR (id, fecha_publicacion, id_autor, id_etiqueta, id_idioma, id_formato  , id_palabra_clave, id_editorial, Nombre, id_coleccion) values ('022450LB', CONVERT (DATE,'15/01/1962',103), '00219133', '000011', 2, 2, 'id1941', 'id2465', 'Velocity of Gary, The', '057122CO');
insert into EJEMPLAR (id, fecha_publicacion, id_autor, id_etiqueta, id_idioma, id_formato  , id_palabra_clave, id_editorial, Nombre, id_coleccion) values ('022451LB', CONVERT (DATE,'29/06/1996',103), '00219143', '000011', 2, 1, 'id3375', 'id3387', 'Beverly Hills Ninja', '057113CO');
insert into EJEMPLAR (id, fecha_publicacion, id_autor, id_etiqueta, id_idioma, id_formato  , id_palabra_clave, id_editorial, Nombre, id_coleccion) values ('022452LB', CONVERT (DATE,'30/12/1963',103), '00219139', '000011', 1, 2, 'id2326', 'id3390', 'Kambakkht Ishq (Incredible Love)', '057112CO');
insert into EJEMPLAR (id, fecha_publicacion, id_autor, id_etiqueta, id_idioma, id_formato  , id_palabra_clave, id_editorial, Nombre, id_coleccion) values ('022453LB', CONVERT (DATE,'03/01/1973',103), '00219103', '000011', 2, 1, 'id1544', 'id3387', 'Blown Away', '057109CO');
insert into EJEMPLAR (id, fecha_publicacion, id_autor, id_etiqueta, id_idioma, id_formato  , id_palabra_clave, id_editorial, Nombre, id_coleccion) values ('022454LB', CONVERT (DATE,'24/11/1968',103), '00219152', '000013', 1, 1, 'id2957', 'id2713', 'Sex and the City', '057119CO');
insert into EJEMPLAR (id, fecha_publicacion, id_autor, id_etiqueta, id_idioma, id_formato  , id_palabra_clave, id_editorial, Nombre, id_coleccion) values ('022455LB', CONVERT (DATE,'25/01/2009',103), '00219184', '000011', 2, 2, 'id3113', 'id3493', 'Big Bad Wolves', '057108CO');
insert into EJEMPLAR (id, fecha_publicacion, id_autor, id_etiqueta, id_idioma, id_formato  , id_palabra_clave, id_editorial, Nombre, id_coleccion) values ('022456LB', CONVERT (DATE,'13/03/1991',103), '00219187', '000011', 1, 2, 'id4850', 'id4516', 'Lock Up', '057112CO');
insert into EJEMPLAR (id, fecha_publicacion, id_autor, id_etiqueta, id_idioma, id_formato  , id_palabra_clave, id_editorial, Nombre, id_coleccion) values ('022457LB', CONVERT (DATE,'19/04/2010',103), '00219124', '000013', 1, 2, 'id3943', 'id1818', 'Hiroshima ', '057119CO');
insert into EJEMPLAR (id, fecha_publicacion, id_autor, id_etiqueta, id_idioma, id_formato  , id_palabra_clave, id_editorial, Nombre, id_coleccion) values ('022458LB', CONVERT (DATE,'10/10/1973',103), '00219162', '000011', 2, 1, 'id4230', 'id1740', 'And Nobody Weeps for Me (Und keiner weint mir nach)', '057112CO');
insert into EJEMPLAR (id, fecha_publicacion, id_autor, id_etiqueta, id_idioma, id_formato  , id_palabra_clave, id_editorial, Nombre, id_coleccion) values ('022459LB', CONVERT (DATE,'26/07/1968',103), '00219143', '000013', 1, 1, 'id1366', 'id1740', 'Aral, Fishing in an Invisible Sea', '057106CO');
insert into EJEMPLAR (id, fecha_publicacion, id_autor, id_etiqueta, id_idioma, id_formato  , id_palabra_clave, id_editorial, Nombre, id_coleccion) values ('022460LB', CONVERT (DATE,'02/02/2021',103), '00219194', '000012', 1, 1, 'id1799', 'id3493', 'Debutantes, Los', '057104CO');
insert into EJEMPLAR (id, fecha_publicacion, id_autor, id_etiqueta, id_idioma, id_formato  , id_palabra_clave, id_editorial, Nombre, id_coleccion) values ('022461LB', CONVERT (DATE,'17/08/2013',103), '00219187', '000011', 2, 1, 'id1169', 'id1654', '4 Little Girls', '057109CO');
insert into EJEMPLAR (id, fecha_publicacion, id_autor, id_etiqueta, id_idioma, id_formato  , id_palabra_clave, id_editorial, Nombre, id_coleccion) values ('022462LB', CONVERT (DATE,'23/03/2005',103), '00219195', '000011', 1, 2, 'id1529', 'id1740', 'Leviathan', '057109CO');
insert into EJEMPLAR (id, fecha_publicacion, id_autor, id_etiqueta, id_idioma, id_formato  , id_palabra_clave, id_editorial, Nombre, id_coleccion) values ('022463LB', CONVERT (DATE,'09/09/1988',103), '00219122', '000011', 2, 2, 'id1156', 'id4516', 'Female Vampire (Les avaleuses) (Erotic Kill)', '057104CO');
insert into EJEMPLAR (id, fecha_publicacion, id_autor, id_etiqueta, id_idioma, id_formato  , id_palabra_clave, id_editorial, Nombre, id_coleccion) values ('022464LB', CONVERT (DATE,'16/09/2015',103), '00219183', '000012', 2, 2, 'id1496', 'id4516', 'Chinese Take-Out (Chinese Take-Away) (Un cuento chino)', '057102CO');
insert into EJEMPLAR (id, fecha_publicacion, id_autor, id_etiqueta, id_idioma, id_formato  , id_palabra_clave, id_editorial, Nombre, id_coleccion) values ('022465LB', CONVERT (DATE,'16/04/1990',103), '00219192', '000013', 2, 2, 'id4699', 'id3372', 'Pink Panther, The', '057122CO');
insert into EJEMPLAR (id, fecha_publicacion, id_autor, id_etiqueta, id_idioma, id_formato  , id_palabra_clave, id_editorial, Nombre, id_coleccion) values ('022466LB', CONVERT (DATE,'06/05/2022',103), '00219117', '000013', 2, 2, 'id4755', 'id3390', 'Mammy', '057112CO');
insert into EJEMPLAR (id, fecha_publicacion, id_autor, id_etiqueta, id_idioma, id_formato  , id_palabra_clave, id_editorial, Nombre, id_coleccion) values ('022467LB', CONVERT (DATE,'15/09/1988',103), '00219144', '000011', 1, 2, 'id4556', 'id2586', 'Toys', '057112CO');
insert into EJEMPLAR (id, fecha_publicacion, id_autor, id_etiqueta, id_idioma, id_formato  , id_palabra_clave, id_editorial, Nombre, id_coleccion) values ('022468LB', CONVERT (DATE,'26/09/1982',103), '00219139', '000013', 2, 2, 'id1656', 'id2586', 'Nothing', '057115CO');
insert into EJEMPLAR (id, fecha_publicacion, id_autor, id_etiqueta, id_idioma, id_formato  , id_palabra_clave, id_editorial, Nombre, id_coleccion) values ('022469LB', CONVERT (DATE,'12/01/1968',103), '00219112', '000012', 1, 1, 'id1529', 'id1254', 'Horseman on the Roof, The (Hussard sur le toit, Le)', '057107CO');
insert into EJEMPLAR (id, fecha_publicacion, id_autor, id_etiqueta, id_idioma, id_formato  , id_palabra_clave, id_editorial, Nombre, id_coleccion) values ('022470LB', CONVERT (DATE,'24/04/2004',103), '00219146', '000011', 1, 1, 'id4230', 'id3493', 'Movie Days (Bíódagar)', '057112CO');
insert into EJEMPLAR (id, fecha_publicacion, id_autor, id_etiqueta, id_idioma, id_formato  , id_palabra_clave, id_editorial, Nombre, id_coleccion) values ('022471LB', CONVERT (DATE,'01/06/2003',103), '00219162', '000012', 2, 1, 'id2906', 'id1254', 'Do You Wanna Know a Secret?', '057112CO');
insert into EJEMPLAR (id, fecha_publicacion, id_autor, id_etiqueta, id_idioma, id_formato  , id_palabra_clave, id_editorial, Nombre, id_coleccion) values ('022472LB', CONVERT (DATE,'03/10/1990',103), '00219148', '000012', 1, 2, 'id1366', 'id4762', '2009: Lost Memories', '057108CO');
insert into EJEMPLAR (id, fecha_publicacion, id_autor, id_etiqueta, id_idioma, id_formato  , id_palabra_clave, id_editorial, Nombre, id_coleccion) values ('022473LB', CONVERT (DATE,'05/01/1987',103), '00219144', '000013', 1, 1, 'id2142', 'id4516', 'Hitman, The', '057104CO');
insert into EJEMPLAR (id, fecha_publicacion, id_autor, id_etiqueta, id_idioma, id_formato  , id_palabra_clave, id_editorial, Nombre, id_coleccion) values ('022474LB', CONVERT (DATE,'17/06/1994',103), '00219179', '000011', 1, 2, 'id3076', 'id1818', 'Vengeance Valley', '057119CO');
insert into EJEMPLAR (id, fecha_publicacion, id_autor, id_etiqueta, id_idioma, id_formato  , id_palabra_clave, id_editorial, Nombre, id_coleccion) values ('022475LB', CONVERT (DATE,'16/04/1980',103), '00219122', '000012', 2, 1, 'id2965', 'id2713', 'Code Name Coq Rouge', '057104CO');
insert into EJEMPLAR (id, fecha_publicacion, id_autor, id_etiqueta, id_idioma, id_formato  , id_palabra_clave, id_editorial, Nombre, id_coleccion) values ('022476LB', CONVERT (DATE,'17/11/1961',103), '00219177', '000011', 1, 1, 'id3135', 'id1654', 'Mulholland Drive', '057107CO');
insert into EJEMPLAR (id, fecha_publicacion, id_autor, id_etiqueta, id_idioma, id_formato  , id_palabra_clave, id_editorial, Nombre, id_coleccion) values ('022477LB', CONVERT (DATE,'10/09/1996',103), '00219137', '000011', 2, 2, 'id3113', 'id4516', 'Gnome-Mobile, The', '057104CO');
insert into EJEMPLAR (id, fecha_publicacion, id_autor, id_etiqueta, id_idioma, id_formato  , id_palabra_clave, id_editorial, Nombre, id_coleccion) values ('022478LB', CONVERT (DATE,'27/06/2007',103), '00219134', '000011', 1, 1, 'id3375', 'id1254', 'Inn of Evil (Inochi bô ni furô)', '057112CO');
insert into EJEMPLAR (id, fecha_publicacion, id_autor, id_etiqueta, id_idioma, id_formato  , id_palabra_clave, id_editorial, Nombre, id_coleccion) values ('022479LB', CONVERT (DATE,'31/07/2002',103), '00219118', '000012', 2, 1, 'id1351', 'id3387', 'True Crime', '057112CO');
insert into EJEMPLAR (id, fecha_publicacion, id_autor, id_etiqueta, id_idioma, id_formato  , id_palabra_clave, id_editorial, Nombre, id_coleccion) values ('022480LB', CONVERT (DATE,'04/12/1972',103), '00219194', '000012', 2, 1, 'id4685', 'id3390', 'Sitcom', '057107CO');
insert into EJEMPLAR (id, fecha_publicacion, id_autor, id_etiqueta, id_idioma, id_formato  , id_palabra_clave, id_editorial, Nombre, id_coleccion) values ('022481LB', CONVERT (DATE,'27/02/1993',103), '00219186', '000011', 2, 1, 'id2852', 'id1254', 'Jacqueline Susann''s Once Is Not Enough', '057122CO');
insert into EJEMPLAR (id, fecha_publicacion, id_autor, id_etiqueta, id_idioma, id_formato  , id_palabra_clave, id_editorial, Nombre, id_coleccion) values ('022482LB', CONVERT (DATE,'11/12/2006',103), '00219116', '000011', 2, 1, 'id3787', 'id3493', 'Road to Ruin, The', '057113CO');
insert into EJEMPLAR (id, fecha_publicacion, id_autor, id_etiqueta, id_idioma, id_formato  , id_palabra_clave, id_editorial, Nombre, id_coleccion) values ('022483LB', CONVERT (DATE,'25/02/1972',103), '00219165', '000011', 1, 2, 'id4485', 'id3311', 'Born on the Fourth of July', '057115CO');
insert into EJEMPLAR (id, fecha_publicacion, id_autor, id_etiqueta, id_idioma, id_formato  , id_palabra_clave, id_editorial, Nombre, id_coleccion) values ('022484LB', CONVERT (DATE,'10/08/2000',103), '00219180', '000013', 1, 1, 'id4803', 'id1254', 'Short Term 12', '057106CO');
insert into EJEMPLAR (id, fecha_publicacion, id_autor, id_etiqueta, id_idioma, id_formato  , id_palabra_clave, id_editorial, Nombre, id_coleccion) values ('022485LB', CONVERT (DATE,'15/08/1991',103), '00219146', '000013', 2, 1, 'id2274', 'id1020', 'Summer of ''04 (Sommer ''04)', '057112CO');
insert into EJEMPLAR (id, fecha_publicacion, id_autor, id_etiqueta, id_idioma, id_formato  , id_palabra_clave, id_editorial, Nombre, id_coleccion) values ('022486LB', CONVERT (DATE,'28/11/2007',103), '00219200', '000013', 2, 2, 'id1596', 'id1740', 'Carol Channing: Larger Than Life', '057101CO');
insert into EJEMPLAR (id, fecha_publicacion, id_autor, id_etiqueta, id_idioma, id_formato  , id_palabra_clave, id_editorial, Nombre, id_coleccion) values ('022487LB', CONVERT (DATE,'09/03/1999',103), '00219152', '000011', 2, 2, 'id2393', 'id3371', 'The Third Half', '057122CO');
insert into EJEMPLAR (id, fecha_publicacion, id_autor, id_etiqueta, id_idioma, id_formato  , id_palabra_clave, id_editorial, Nombre, id_coleccion) values ('022488LB', CONVERT (DATE,'20/06/2013',103), '00219180', '000013', 2, 2, 'id1776', 'id1020', 'Avalon', '057112CO');
insert into EJEMPLAR (id, fecha_publicacion, id_autor, id_etiqueta, id_idioma, id_formato  , id_palabra_clave, id_editorial, Nombre, id_coleccion) values ('022489LB', CONVERT (DATE,'01/04/1980',103), '00219102', '000011', 1, 2, 'id4265', 'id4762', 'Milk', '057107CO');
insert into EJEMPLAR (id, fecha_publicacion, id_autor, id_etiqueta, id_idioma, id_formato  , id_palabra_clave, id_editorial, Nombre, id_coleccion) values ('022490LB', CONVERT (DATE,'11/03/2010',103), '00219181', '000012', 2, 1, 'id3838', 'id3372', 'Satan''s Brew (Satansbraten)', '057122CO');
insert into EJEMPLAR (id, fecha_publicacion, id_autor, id_etiqueta, id_idioma, id_formato  , id_palabra_clave, id_editorial, Nombre, id_coleccion) values ('022491LB', CONVERT (DATE,'22/12/1970',103), '00219112', '000012', 1, 1, 'id1400', 'id4762', 'Bachelor Mother', '057112CO');
insert into EJEMPLAR (id, fecha_publicacion, id_autor, id_etiqueta, id_idioma, id_formato  , id_palabra_clave, id_editorial, Nombre, id_coleccion) values ('022492LB', CONVERT (DATE,'29/04/2007',103), '00219120', '000012', 1, 1, 'id2326', 'id2586', 'Nancy Drew', '057122CO');
insert into EJEMPLAR (id, fecha_publicacion, id_autor, id_etiqueta, id_idioma, id_formato  , id_palabra_clave, id_editorial, Nombre, id_coleccion) values ('022493LB', CONVERT (DATE,'11/12/2014',103), '00219184', '000013', 2, 1, 'id2882', 'id3390', 'Long Good Friday, The', '057106CO');
insert into EJEMPLAR (id, fecha_publicacion, id_autor, id_etiqueta, id_idioma, id_formato  , id_palabra_clave, id_editorial, Nombre, id_coleccion) values ('022494LB', CONVERT (DATE,'07/10/2012',103), '00219118', '000013', 2, 2, 'id3375', 'id3387', 'Guns of the Magnificent Seven', '057112CO');
insert into EJEMPLAR (id, fecha_publicacion, id_autor, id_etiqueta, id_idioma, id_formato  , id_palabra_clave, id_editorial, Nombre, id_coleccion) values ('022495LB', CONVERT (DATE,'08/04/1964',103), '00219168', '000013', 2, 1, 'id1799', 'id4516', 'Courier', '057119CO');
insert into EJEMPLAR (id, fecha_publicacion, id_autor, id_etiqueta, id_idioma, id_formato  , id_palabra_clave, id_editorial, Nombre, id_coleccion) values ('022496LB', CONVERT (DATE,'15/12/2017',103), '00219124', '000013', 2, 1, 'id3449', 'id2713', 'Landet som icke är', '057114CO');
insert into EJEMPLAR (id, fecha_publicacion, id_autor, id_etiqueta, id_idioma, id_formato  , id_palabra_clave, id_editorial, Nombre, id_coleccion) values ('022497LB', CONVERT (DATE,'04/04/1963',103), '00219112', '000011', 2, 2, 'id2965', 'id3493', 'Love, etc.', '057122CO');
insert into EJEMPLAR (id, fecha_publicacion, id_autor, id_etiqueta, id_idioma, id_formato  , id_palabra_clave, id_editorial, Nombre, id_coleccion) values ('022498LB', CONVERT (DATE,'13/05/1996',103), '00219192', '000013', 1, 1, 'id1544', 'id3311', 'One Tough Cop', '057107CO');
insert into EJEMPLAR (id, fecha_publicacion, id_autor, id_etiqueta, id_idioma, id_formato  , id_palabra_clave, id_editorial, Nombre, id_coleccion) values ('022499LB', CONVERT (DATE,'26/09/1967',103), '00219101', '000011', 2, 1, 'id1920', 'id3311', 'Balloonatic, The', '057112CO');
insert into EJEMPLAR (id, fecha_publicacion, id_autor, id_etiqueta, id_idioma, id_formato  , id_palabra_clave, id_editorial, Nombre, id_coleccion) values ('022500LB', CONVERT (DATE,'03/10/1980',103), '00219193', '000013', 1, 1, 'id1863', 'id2713', 'High on Crack Street: Lost Lives in Lowell', '057114CO');
insert into EJEMPLAR (id, fecha_publicacion, id_autor, id_etiqueta, id_idioma, id_formato  , id_palabra_clave, id_editorial, Nombre, id_coleccion) values ('022501LB', CONVERT (DATE,'20/10/1980',103), '00219158', '000012', 2, 1, 'id2906', 'id4756', 'Flu Bird', '057122CO');
insert into EJEMPLAR (id, fecha_publicacion, id_autor, id_etiqueta, id_idioma, id_formato  , id_palabra_clave, id_editorial, Nombre, id_coleccion) values ('022502LB', CONVERT (DATE,'28/02/1985',103), '00219171', '000013', 1, 1, 'id4387', 'id1654', 'All of Me', '057101CO');
insert into EJEMPLAR (id, fecha_publicacion, id_autor, id_etiqueta, id_idioma, id_formato  , id_palabra_clave, id_editorial, Nombre, id_coleccion) values ('022503LB', CONVERT (DATE,'15/01/2018',103), '00219176', '000013', 1, 2, 'id4265', 'id1654', 'Iceman Cometh, The', '057115CO');
insert into EJEMPLAR (id, fecha_publicacion, id_autor, id_etiqueta, id_idioma, id_formato  , id_palabra_clave, id_editorial, Nombre, id_coleccion) values ('022504LB', CONVERT (DATE,'17/02/1997',103), '00219107', '000011', 1, 2, 'id3113', 'id1818', 'Chaos', '057112CO');
insert into EJEMPLAR (id, fecha_publicacion, id_autor, id_etiqueta, id_idioma, id_formato  , id_palabra_clave, id_editorial, Nombre, id_coleccion) values ('022505LB', CONVERT (DATE,'07/04/1989',103), '00219153', '000011', 2, 2, 'id4417', 'id3372', 'Wishmaster 3: Beyond the Gates of Hell', '057119CO');
insert into EJEMPLAR (id, fecha_publicacion, id_autor, id_etiqueta, id_idioma, id_formato  , id_palabra_clave, id_editorial, Nombre, id_coleccion) values ('022506LB', CONVERT (DATE,'09/09/1970',103), '00219191', '000012', 1, 2, 'id4556', 'id4762', 'Faces of Death: Fact or Fiction?', '057119CO');
insert into EJEMPLAR (id, fecha_publicacion, id_autor, id_etiqueta, id_idioma, id_formato  , id_palabra_clave, id_editorial, Nombre, id_coleccion) values ('022507LB', CONVERT (DATE,'12/04/1981',103), '00219146', '000011', 2, 1, 'id1852', 'id4762', 'Trail of the Pink Panther', '057112CO');
insert into EJEMPLAR (id, fecha_publicacion, id_autor, id_etiqueta, id_idioma, id_formato  , id_palabra_clave, id_editorial, Nombre, id_coleccion) values ('022508LB', CONVERT (DATE,'16/07/2013',103), '00219132', '000013', 1, 1, 'id1596', 'id3387', 'Ghajini', '057101CO');
insert into EJEMPLAR (id, fecha_publicacion, id_autor, id_etiqueta, id_idioma, id_formato  , id_palabra_clave, id_editorial, Nombre, id_coleccion) values ('022509LB', CONVERT (DATE,'09/10/1998',103), '00219191', '000012', 1, 1, 'id3179', 'id1654', 'Blacksmith Scene', '057105CO');
insert into EJEMPLAR (id, fecha_publicacion, id_autor, id_etiqueta, id_idioma, id_formato  , id_palabra_clave, id_editorial, Nombre, id_coleccion) values ('022510LB', CONVERT (DATE,'05/08/2020',103), '00219151', '000012', 2, 1, 'id4708', 'id2465', 'Burn After Reading', '057105CO');
insert into EJEMPLAR (id, fecha_publicacion, id_autor, id_etiqueta, id_idioma, id_formato  , id_palabra_clave, id_editorial, Nombre, id_coleccion) values ('022511LB', CONVERT (DATE,'16/10/1970',103), '00219135', '000012', 1, 1, 'id3113', 'id3371', 'Keys to Tulsa', '057112CO');
insert into EJEMPLAR (id, fecha_publicacion, id_autor, id_etiqueta, id_idioma, id_formato  , id_palabra_clave, id_editorial, Nombre, id_coleccion) values ('022512LB', CONVERT (DATE,'21/04/2005',103), '00219162', '000013', 1, 2, 'id1496', 'id2465', 'Jennifer''s Body', '057113CO');
insert into EJEMPLAR (id, fecha_publicacion, id_autor, id_etiqueta, id_idioma, id_formato  , id_palabra_clave, id_editorial, Nombre, id_coleccion) values ('022513LB', CONVERT (DATE,'06/02/2004',103), '00219187', '000011', 2, 2, 'id3941', 'id3371', 'Lucky', '057112CO');
insert into EJEMPLAR (id, fecha_publicacion, id_autor, id_etiqueta, id_idioma, id_formato  , id_palabra_clave, id_editorial, Nombre, id_coleccion) values ('022514LB', CONVERT (DATE,'20/03/1973',103), '00219186', '000013', 1, 1, 'id4685', 'id3390', 'Sex Tape', '057119CO');
insert into EJEMPLAR (id, fecha_publicacion, id_autor, id_etiqueta, id_idioma, id_formato  , id_palabra_clave, id_editorial, Nombre, id_coleccion) values ('022515LB', CONVERT (DATE,'12/11/2010',103), '00219188', '000012', 2, 1, 'id4708', 'id2624', 'That''s Black Entertainment', '057119CO');
insert into EJEMPLAR (id, fecha_publicacion, id_autor, id_etiqueta, id_idioma, id_formato  , id_palabra_clave, id_editorial, Nombre, id_coleccion) values ('022516LB', CONVERT (DATE,'18/10/1961',103), '00219114', '000012', 2, 1, 'id1656', 'id3311', 'Zabriskie Point', '057112CO');
insert into EJEMPLAR (id, fecha_publicacion, id_autor, id_etiqueta, id_idioma, id_formato  , id_palabra_clave, id_editorial, Nombre, id_coleccion) values ('022517LB', CONVERT (DATE,'19/10/2006',103), '00219176', '000012', 2, 1, 'id4708', 'id4756', 'The Gamers', '057108CO');
insert into EJEMPLAR (id, fecha_publicacion, id_autor, id_etiqueta, id_idioma, id_formato  , id_palabra_clave, id_editorial, Nombre, id_coleccion) values ('022518LB', CONVERT (DATE,'25/07/2004',103), '00219163', '000012', 1, 2, 'id4556', 'id2624', 'Expecting a Miracle', '057115CO');
insert into EJEMPLAR (id, fecha_publicacion, id_autor, id_etiqueta, id_idioma, id_formato  , id_palabra_clave, id_editorial, Nombre, id_coleccion) values ('022519LB', CONVERT (DATE,'13/08/1994',103), '00219183', '000013', 2, 1, 'id2965', 'id2465', 'Sensation of Sight, The', '057115CO');
insert into EJEMPLAR (id, fecha_publicacion, id_autor, id_etiqueta, id_idioma, id_formato  , id_palabra_clave, id_editorial, Nombre, id_coleccion) values ('022520LB', CONVERT (DATE,'20/02/2015',103), '00219182', '000013', 2, 2, 'id1657', 'id2624', 'Malèna', '057104CO');
insert into EJEMPLAR (id, fecha_publicacion, id_autor, id_etiqueta, id_idioma, id_formato  , id_palabra_clave, id_editorial, Nombre, id_coleccion) values ('022521LB', CONVERT (DATE,'19/06/2007',103), '00219163', '000012', 2, 2, 'id2882', 'id3387', 'The Learning Tree', '057112CO');
insert into EJEMPLAR (id, fecha_publicacion, id_autor, id_etiqueta, id_idioma, id_formato  , id_palabra_clave, id_editorial, Nombre, id_coleccion) values ('022522LB', CONVERT (DATE,'19/08/2003',103), '00219187', '000011', 1, 1, 'id1841', 'id3372', 'Morsian yllättää', '057112CO');
insert into EJEMPLAR (id, fecha_publicacion, id_autor, id_etiqueta, id_idioma, id_formato  , id_palabra_clave, id_editorial, Nombre, id_coleccion) values ('022523LB', CONVERT (DATE,'15/09/2016',103), '00219198', '000012', 1, 2, 'id4916', 'id1654', 'Born into Brothels', '057122CO');
insert into EJEMPLAR (id, fecha_publicacion, id_autor, id_etiqueta, id_idioma, id_formato  , id_palabra_clave, id_editorial, Nombre, id_coleccion) values ('022524LB', CONVERT (DATE,'13/12/2000',103), '00219171', '000011', 2, 2, 'id2882', 'id2586', 'Signos del zodiaco, Los', '057122CO');
insert into EJEMPLAR (id, fecha_publicacion, id_autor, id_etiqueta, id_idioma, id_formato  , id_palabra_clave, id_editorial, Nombre, id_coleccion) values ('022525LB', CONVERT (DATE,'18/12/1998',103), '00219184', '000011', 2, 1, 'id2882', 'id1654', 'Mother', '057104CO');
insert into EJEMPLAR (id, fecha_publicacion, id_autor, id_etiqueta, id_idioma, id_formato  , id_palabra_clave, id_editorial, Nombre, id_coleccion) values ('022526LB', CONVERT (DATE,'12/08/1978',103), '00219117', '000012', 2, 1, 'id1410', 'id3372', 'Charlotte''s Web', '057112CO');
insert into EJEMPLAR (id, fecha_publicacion, id_autor, id_etiqueta, id_idioma, id_formato  , id_palabra_clave, id_editorial, Nombre, id_coleccion) values ('022527LB', CONVERT (DATE,'08/02/1960',103), '00219122', '000012', 2, 2, 'id1613', 'id1254', 'Merrily We Live', '057104CO');
insert into EJEMPLAR (id, fecha_publicacion, id_autor, id_etiqueta, id_idioma, id_formato  , id_palabra_clave, id_editorial, Nombre, id_coleccion) values ('022528LB', CONVERT (DATE,'22/07/2021',103), '00219126', '000013', 2, 1, 'id3350', 'id2624', 'Wild Is the Wind', '057102CO');
insert into EJEMPLAR (id, fecha_publicacion, id_autor, id_etiqueta, id_idioma, id_formato  , id_palabra_clave, id_editorial, Nombre, id_coleccion) values ('022529LB', CONVERT (DATE,'20/11/2016',103), '00219137', '000011', 1, 1, 'id3787', 'id4516', 'Long Day''s Journey Into Night', '057109CO');
insert into EJEMPLAR (id, fecha_publicacion, id_autor, id_etiqueta, id_idioma, id_formato  , id_palabra_clave, id_editorial, Nombre, id_coleccion) values ('022530LB', CONVERT (DATE,'09/07/1989',103), '00219131', '000011', 1, 2, 'id3787', 'id2624', 'How Do You Know', '057112CO');
insert into EJEMPLAR (id, fecha_publicacion, id_autor, id_etiqueta, id_idioma, id_formato  , id_palabra_clave, id_editorial, Nombre, id_coleccion) values ('022531LB', CONVERT (DATE,'29/06/1999',103), '00219198', '000013', 1, 1, 'id2274', 'id2713', 'Art of War II: Betrayal, The', '057108CO');
insert into EJEMPLAR (id, fecha_publicacion, id_autor, id_etiqueta, id_idioma, id_formato  , id_palabra_clave, id_editorial, Nombre, id_coleccion) values ('022532LB', CONVERT (DATE,'02/04/2019',103), '00219182', '000012', 1, 2, 'id4916', 'id1818', 'Nine Lives of Tomas Katz, The', '057108CO');
insert into EJEMPLAR (id, fecha_publicacion, id_autor, id_etiqueta, id_idioma, id_formato  , id_palabra_clave, id_editorial, Nombre, id_coleccion) values ('022533LB', CONVERT (DATE,'18/09/1989',103), '00219110', '000013', 2, 1, 'id1841', 'id2465', 'Nowhere', '057112CO');
insert into EJEMPLAR (id, fecha_publicacion, id_autor, id_etiqueta, id_idioma, id_formato  , id_palabra_clave, id_editorial, Nombre, id_coleccion) values ('022534LB', CONVERT (DATE,'08/04/2010',103), '00219126', '000011', 2, 1, 'id1482', 'id1654', 'Legendary', '057106CO');
insert into EJEMPLAR (id, fecha_publicacion, id_autor, id_etiqueta, id_idioma, id_formato  , id_palabra_clave, id_editorial, Nombre, id_coleccion) values ('022535LB', CONVERT (DATE,'26/01/1985',103), '00219115', '000013', 1, 2, 'id2075', 'id1818', 'Man Called Sledge, A', '057104CO');
insert into EJEMPLAR (id, fecha_publicacion, id_autor, id_etiqueta, id_idioma, id_formato  , id_palabra_clave, id_editorial, Nombre, id_coleccion) values ('022536LB', CONVERT (DATE,'12/01/2020',103), '00219140', '000013', 2, 2, 'id3824', 'id2465', 'Street Fighter: The Legend of Chun-Li', '057106CO');
insert into EJEMPLAR (id, fecha_publicacion, id_autor, id_etiqueta, id_idioma, id_formato  , id_palabra_clave, id_editorial, Nombre, id_coleccion) values ('022537LB', CONVERT (DATE,'14/02/1997',103), '00219146', '000013', 2, 2, 'id1503', 'id1740', 'Tale of Ham and Passion, A (Jamón, Jamón)', '057112CO');
insert into EJEMPLAR (id, fecha_publicacion, id_autor, id_etiqueta, id_idioma, id_formato  , id_palabra_clave, id_editorial, Nombre, id_coleccion) values ('022538LB', CONVERT (DATE,'17/08/2007',103), '00219105', '000012', 2, 2, 'id1351', 'id2465', 'Bethlehem', '057105CO');
insert into EJEMPLAR (id, fecha_publicacion, id_autor, id_etiqueta, id_idioma, id_formato  , id_palabra_clave, id_editorial, Nombre, id_coleccion) values ('022539LB', CONVERT (DATE,'21/06/1990',103), '00219151', '000012', 1, 2, 'id4708', 'id2624', 'Envy', '057107CO');
insert into EJEMPLAR (id, fecha_publicacion, id_autor, id_etiqueta, id_idioma, id_formato  , id_palabra_clave, id_editorial, Nombre, id_coleccion) values ('022540LB', CONVERT (DATE,'09/05/1985',103), '00219137', '000011', 2, 1, 'id2203', 'id4762', 'Summer Rental', '057112CO');
insert into EJEMPLAR (id, fecha_publicacion, id_autor, id_etiqueta, id_idioma, id_formato  , id_palabra_clave, id_editorial, Nombre, id_coleccion) values ('022541LB', CONVERT (DATE,'18/04/2017',103), '00219119', '000011', 1, 2, 'id3342', 'id1020', 'Hannah Arendt', '057101CO');
insert into EJEMPLAR (id, fecha_publicacion, id_autor, id_etiqueta, id_idioma, id_formato  , id_palabra_clave, id_editorial, Nombre, id_coleccion) values ('022542LB', CONVERT (DATE,'07/01/1971',103), '00219198', '000013', 1, 2, 'id4803', 'id3372', 'Brief Crossing (Brève traversée)', '057104CO');
insert into EJEMPLAR (id, fecha_publicacion, id_autor, id_etiqueta, id_idioma, id_formato  , id_palabra_clave, id_editorial, Nombre, id_coleccion) values ('022543LB', CONVERT (DATE,'13/03/1972',103), '00219191', '000012', 1, 2, 'id2965', 'id2465', 'Lotte Reiniger: Homage to the Inventor of the Silhouette Film', '057112CO');
insert into EJEMPLAR (id, fecha_publicacion, id_autor, id_etiqueta, id_idioma, id_formato  , id_palabra_clave, id_editorial, Nombre, id_coleccion) values ('022544LB', CONVERT (DATE,'18/08/1980',103), '00219167', '000012', 2, 1, 'id1400', 'id3371', 'Memories of Matsuko (Kiraware Matsuko no isshô)', '057104CO');
insert into EJEMPLAR (id, fecha_publicacion, id_autor, id_etiqueta, id_idioma, id_formato  , id_palabra_clave, id_editorial, Nombre, id_coleccion) values ('022545LB', CONVERT (DATE,'10/07/2007',103), '00219169', '000012', 2, 1, 'id4556', 'id4516', 'Anatomy of a Love Seen', '057113CO');
insert into EJEMPLAR (id, fecha_publicacion, id_autor, id_etiqueta, id_idioma, id_formato  , id_palabra_clave, id_editorial, Nombre, id_coleccion) values ('022546LB', CONVERT (DATE,'15/07/2017',103), '00219111', '000012', 1, 1, 'id4717', 'id4516', 'En på miljonen', '057112CO');
insert into EJEMPLAR (id, fecha_publicacion, id_autor, id_etiqueta, id_idioma, id_formato  , id_palabra_clave, id_editorial, Nombre, id_coleccion) values ('022547LB', CONVERT (DATE,'09/12/2020',103), '00219188', '000013', 2, 1, 'id3943', 'id3371', 'Stranger by the Lake (L''inconnu du lac)', '057112CO');
insert into EJEMPLAR (id, fecha_publicacion, id_autor, id_etiqueta, id_idioma, id_formato  , id_palabra_clave, id_editorial, Nombre, id_coleccion) values ('022548LB', CONVERT (DATE,'27/02/1985',103), '00219191', '000012', 1, 2, 'id4230', 'id3372', 'In Too Deep', '057115CO');
insert into EJEMPLAR (id, fecha_publicacion, id_autor, id_etiqueta, id_idioma, id_formato  , id_palabra_clave, id_editorial, Nombre, id_coleccion) values ('022549LB', CONVERT (DATE,'21/02/1979',103), '00219187', '000011', 2, 1, 'id1852', 'id3371', 'Fawlty Towers (1975-1979)', '057113CO');
insert into EJEMPLAR (id, fecha_publicacion, id_autor, id_etiqueta, id_idioma, id_formato  , id_palabra_clave, id_editorial, Nombre, id_coleccion) values ('022550LB', CONVERT (DATE,'26/11/1991',103), '00219137', '000012', 1, 1, 'id3375', 'id2624', 'Cats Don''t Dance', '057107CO');
insert into EJEMPLAR (id, fecha_publicacion, id_autor, id_etiqueta, id_idioma, id_formato  , id_palabra_clave, id_editorial, Nombre, id_coleccion) values ('022551LB', CONVERT (DATE,'24/08/1969',103), '00219122', '000013', 1, 2, 'id1970', 'id2465', 'Fishtales', '057122CO');
insert into EJEMPLAR (id, fecha_publicacion, id_autor, id_etiqueta, id_idioma, id_formato  , id_palabra_clave, id_editorial, Nombre, id_coleccion) values ('022552LB', CONVERT (DATE,'28/11/1976',103), '00219144', '000013', 1, 2, 'id1400', 'id2586', 'Satan Met a Lady', '057113CO');
insert into EJEMPLAR (id, fecha_publicacion, id_autor, id_etiqueta, id_idioma, id_formato  , id_palabra_clave, id_editorial, Nombre, id_coleccion) values ('022553LB', CONVERT (DATE,'03/04/1964',103), '00219175', '000013', 1, 2, 'id3350', 'id2624', 'My Best Friend (Mon meilleur ami)', '057112CO');
insert into EJEMPLAR (id, fecha_publicacion, id_autor, id_etiqueta, id_idioma, id_formato  , id_palabra_clave, id_editorial, Nombre, id_coleccion) values ('022554LB', CONVERT (DATE,'07/05/2001',103), '00219119', '000011', 2, 1, 'id3019', 'id1654', 'Belle and Sebastien (Belle et Sébastien)', '057119CO');
insert into EJEMPLAR (id, fecha_publicacion, id_autor, id_etiqueta, id_idioma, id_formato  , id_palabra_clave, id_editorial, Nombre, id_coleccion) values ('022555LB', CONVERT (DATE,'02/07/1960',103), '00219137', '000012', 1, 1, 'id1841', 'id2586', 'Strange Invaders', '057122CO');
insert into EJEMPLAR (id, fecha_publicacion, id_autor, id_etiqueta, id_idioma, id_formato  , id_palabra_clave, id_editorial, Nombre, id_coleccion) values ('022556LB', CONVERT (DATE,'20/10/1991',103), '00219144', '000011', 2, 1, 'id1916', 'id3387', 'Envy (Kiskanmak)', '057122CO');
insert into EJEMPLAR (id, fecha_publicacion, id_autor, id_etiqueta, id_idioma, id_formato  , id_palabra_clave, id_editorial, Nombre, id_coleccion) values ('022557LB', CONVERT (DATE,'05/03/2001',103), '00219151', '000013', 1, 1, 'id1169', 'id3387', 'Oh Happy Day', '057107CO');
insert into EJEMPLAR (id, fecha_publicacion, id_autor, id_etiqueta, id_idioma, id_formato  , id_palabra_clave, id_editorial, Nombre, id_coleccion) values ('022558LB', CONVERT (DATE,'28/07/1977',103), '00219118', '000011', 2, 1, 'id3941', 'id2713', 'Box, The', '057108CO');
insert into EJEMPLAR (id, fecha_publicacion, id_autor, id_etiqueta, id_idioma, id_formato  , id_palabra_clave, id_editorial, Nombre, id_coleccion) values ('022559LB', CONVERT (DATE,'12/06/1984',103), '00219172', '000012', 1, 2, 'id3787', 'id1020', 'Zodiac', '057119CO');
insert into EJEMPLAR (id, fecha_publicacion, id_autor, id_etiqueta, id_idioma, id_formato  , id_palabra_clave, id_editorial, Nombre, id_coleccion) values ('022560LB', CONVERT (DATE,'14/01/1991',103), '00219154', '000013', 1, 2, 'id1169', 'id4756', 'Orfeu', '057112CO');
insert into EJEMPLAR (id, fecha_publicacion, id_autor, id_etiqueta, id_idioma, id_formato  , id_palabra_clave, id_editorial, Nombre, id_coleccion) values ('022561LB', CONVERT (DATE,'08/01/2013',103), '00219151', '000013', 1, 2, 'id1852', 'id3387', 'Sheriff and the Satellite Kid, The', '057109CO');
insert into EJEMPLAR (id, fecha_publicacion, id_autor, id_etiqueta, id_idioma, id_formato  , id_palabra_clave, id_editorial, Nombre, id_coleccion) values ('022562LB', CONVERT (DATE,'03/04/1964',103), '00219163', '000011', 1, 2, 'id3999', 'id1254', 'Night the Lights Went Out in Georgia, The', '057107CO');
insert into EJEMPLAR (id, fecha_publicacion, id_autor, id_etiqueta, id_idioma, id_formato  , id_palabra_clave, id_editorial, Nombre, id_coleccion) values ('022563LB', CONVERT (DATE,'19/07/2006',103), '00219192', '000013', 1, 1, 'id2250', 'id4516', 'Score, The', '057104CO');
insert into EJEMPLAR (id, fecha_publicacion, id_autor, id_etiqueta, id_idioma, id_formato  , id_palabra_clave, id_editorial, Nombre, id_coleccion) values ('022564LB', CONVERT (DATE,'28/05/1995',103), '00219126', '000012', 1, 2, 'id1799', 'id3372', 'U.S. vs. John Lennon, The', '057105CO');
insert into EJEMPLAR (id, fecha_publicacion, id_autor, id_etiqueta, id_idioma, id_formato  , id_palabra_clave, id_editorial, Nombre, id_coleccion) values ('022565LB', CONVERT (DATE,'02/09/1980',103), '00219143', '000012', 2, 1, 'id2393', 'id3387', 'The Clowns', '057102CO');
insert into EJEMPLAR (id, fecha_publicacion, id_autor, id_etiqueta, id_idioma, id_formato  , id_palabra_clave, id_editorial, Nombre, id_coleccion) values ('022566LB', CONVERT (DATE,'01/11/1981',103), '00219127', '000012', 1, 2, 'id1529', 'id1818', 'Dirty Story', '057112CO');
insert into EJEMPLAR (id, fecha_publicacion, id_autor, id_etiqueta, id_idioma, id_formato  , id_palabra_clave, id_editorial, Nombre, id_coleccion) values ('022567LB', CONVERT (DATE,'27/12/2015',103), '00219196', '000013', 1, 2, 'id4029', 'id3371', 'My Prairie Home', '057114CO');
insert into EJEMPLAR (id, fecha_publicacion, id_autor, id_etiqueta, id_idioma, id_formato  , id_palabra_clave, id_editorial, Nombre, id_coleccion) values ('022568LB', CONVERT (DATE,'31/08/2016',103), '00219159', '000011', 2, 1, 'id2729', 'id4762', 'Dark Portals: The Chronicles of Vidocq  (Vidocq)', '057112CO');
insert into EJEMPLAR (id, fecha_publicacion, id_autor, id_etiqueta, id_idioma, id_formato  , id_palabra_clave, id_editorial, Nombre, id_coleccion) values ('022569LB', CONVERT (DATE,'08/05/1975',103), '00219161', '000012', 1, 2, 'id1351', 'id1020', 'Killer at Large', '057113CO');
insert into EJEMPLAR (id, fecha_publicacion, id_autor, id_etiqueta, id_idioma, id_formato  , id_palabra_clave, id_editorial, Nombre, id_coleccion) values ('022570LB', CONVERT (DATE,'17/08/1981',103), '00219127', '000011', 2, 1, 'id4628', 'id1740', 'Man of Straw (Untertan, Der)', '057101CO');
insert into EJEMPLAR (id, fecha_publicacion, id_autor, id_etiqueta, id_idioma, id_formato  , id_palabra_clave, id_editorial, Nombre, id_coleccion) values ('022571LB', CONVERT (DATE,'30/06/1996',103), '00219180', '000012', 2, 1, 'id1941', 'id3387', 'On the Ropes', '057106CO');
insert into EJEMPLAR (id, fecha_publicacion, id_autor, id_etiqueta, id_idioma, id_formato  , id_palabra_clave, id_editorial, Nombre, id_coleccion) values ('022572LB', CONVERT (DATE,'02/12/2019',103), '00219103', '000013', 2, 1, 'id4556', 'id2465', 'Raise the Titanic', '057113CO');
insert into EJEMPLAR (id, fecha_publicacion, id_autor, id_etiqueta, id_idioma, id_formato  , id_palabra_clave, id_editorial, Nombre, id_coleccion) values ('022573LB', CONVERT (DATE,'27/09/1985',103), '00219110', '000013', 2, 2, 'id3943', 'id1740', 'Burning Bright', '057107CO');
insert into EJEMPLAR (id, fecha_publicacion, id_autor, id_etiqueta, id_idioma, id_formato  , id_palabra_clave, id_editorial, Nombre, id_coleccion) values ('022574LB', CONVERT (DATE,'25/09/1972',103), '00219136', '000013', 1, 2, 'id1400', 'id3371', 'Georgia Rule', '057107CO');
insert into EJEMPLAR (id, fecha_publicacion, id_autor, id_etiqueta, id_idioma, id_formato  , id_palabra_clave, id_editorial, Nombre, id_coleccion) values ('022575LB', CONVERT (DATE,'06/04/1985',103), '00219140', '000013', 2, 1, 'id1596', 'id1654', 'We Live in Public', '057106CO');
insert into EJEMPLAR (id, fecha_publicacion, id_autor, id_etiqueta, id_idioma, id_formato  , id_palabra_clave, id_editorial, Nombre, id_coleccion) values ('022576LB', CONVERT (DATE,'26/11/2008',103), '00219110', '000012', 1, 2, 'id1503', 'id3387', 'The Second Best Exotic Marigold Hotel', '057105CO');
insert into EJEMPLAR (id, fecha_publicacion, id_autor, id_etiqueta, id_idioma, id_formato  , id_palabra_clave, id_editorial, Nombre, id_coleccion) values ('022577LB', CONVERT (DATE,'24/07/1979',103), '00219113', '000013', 2, 2, 'id2195', 'id3372', 'Rockabilly Vampire', '057122CO');
insert into EJEMPLAR (id, fecha_publicacion, id_autor, id_etiqueta, id_idioma, id_formato  , id_palabra_clave, id_editorial, Nombre, id_coleccion) values ('022578LB', CONVERT (DATE,'17/10/2019',103), '00219136', '000013', 1, 1, 'id4029', 'id3372', 'Seeking Asian Female', '057112CO');
insert into EJEMPLAR (id, fecha_publicacion, id_autor, id_etiqueta, id_idioma, id_formato  , id_palabra_clave, id_editorial, Nombre, id_coleccion) values ('022579LB', CONVERT (DATE,'28/07/1969',103), '00219182', '000011', 1, 2, 'id1891', 'id3387', 'House Arrest', '057115CO');
insert into EJEMPLAR (id, fecha_publicacion, id_autor, id_etiqueta, id_idioma, id_formato  , id_palabra_clave, id_editorial, Nombre, id_coleccion) values ('022580LB', CONVERT (DATE,'09/12/1968',103), '00219113', '000011', 1, 2, 'id1656', 'id3371', 'Carrie', '057109CO');
insert into EJEMPLAR (id, fecha_publicacion, id_autor, id_etiqueta, id_idioma, id_formato  , id_palabra_clave, id_editorial, Nombre, id_coleccion) values ('022581LB', CONVERT (DATE,'13/04/2011',103), '00219197', '000011', 1, 1, 'id1351', 'id3311', 'American Hustle', '057108CO');
insert into EJEMPLAR (id, fecha_publicacion, id_autor, id_etiqueta, id_idioma, id_formato  , id_palabra_clave, id_editorial, Nombre, id_coleccion) values ('022582LB', CONVERT (DATE,'18/03/2017',103), '00219200', '000011', 2, 2, 'id1400', 'id4516', 'Yellow', '057101CO');
insert into EJEMPLAR (id, fecha_publicacion, id_autor, id_etiqueta, id_idioma, id_formato  , id_palabra_clave, id_editorial, Nombre, id_coleccion) values ('022583LB', CONVERT (DATE,'09/01/1961',103), '00219131', '000012', 2, 1, 'id4850', 'id1254', 'Universal Soldier: Day of Reckoning', '057105CO');
insert into EJEMPLAR (id, fecha_publicacion, id_autor, id_etiqueta, id_idioma, id_formato  , id_palabra_clave, id_editorial, Nombre, id_coleccion) values ('022584LB', CONVERT (DATE,'07/11/2007',103), '00219143', '000013', 1, 2, 'id4556', 'id3387', 'Pancho, the Millionaire Dog', '057108CO');
insert into EJEMPLAR (id, fecha_publicacion, id_autor, id_etiqueta, id_idioma, id_formato  , id_palabra_clave, id_editorial, Nombre, id_coleccion) values ('022585LB', CONVERT (DATE,'24/07/2020',103), '00219138', '000013', 2, 1, 'id4074', 'id1020', 'Conclave, The', '057102CO');
insert into EJEMPLAR (id, fecha_publicacion, id_autor, id_etiqueta, id_idioma, id_formato  , id_palabra_clave, id_editorial, Nombre, id_coleccion) values ('022586LB', CONVERT (DATE,'31/03/1990',103), '00219183', '000011', 2, 1, 'id3637', 'id4756', 'Comme un chef', '057113CO');
insert into EJEMPLAR (id, fecha_publicacion, id_autor, id_etiqueta, id_idioma, id_formato  , id_palabra_clave, id_editorial, Nombre, id_coleccion) values ('022587LB', CONVERT (DATE,'15/05/1960',103), '00219181', '000012', 1, 1, 'id1657', 'id2586', 'Men Who Stare at Goats, The', '057105CO');
insert into EJEMPLAR (id, fecha_publicacion, id_autor, id_etiqueta, id_idioma, id_formato  , id_palabra_clave, id_editorial, Nombre, id_coleccion) values ('022588LB', CONVERT (DATE,'08/05/2010',103), '00219198', '000013', 1, 2, 'id2852', 'id2713', 'Moonshot', '057112CO');
insert into EJEMPLAR (id, fecha_publicacion, id_autor, id_etiqueta, id_idioma, id_formato  , id_palabra_clave, id_editorial, Nombre, id_coleccion) values ('022589LB', CONVERT (DATE,'19/12/1974',103), '00219128', '000013', 1, 2, 'id2965', 'id1818', '*batteries not included', '057107CO');
insert into EJEMPLAR (id, fecha_publicacion, id_autor, id_etiqueta, id_idioma, id_formato  , id_palabra_clave, id_editorial, Nombre, id_coleccion) values ('022590LB', CONVERT (DATE,'18/11/1997',103), '00219134', '000013', 2, 1, 'id1891', 'id4762', 'Doing Time on Maple Drive', '057106CO');
insert into EJEMPLAR (id, fecha_publicacion, id_autor, id_etiqueta, id_idioma, id_formato  , id_palabra_clave, id_editorial, Nombre, id_coleccion) values ('022591LB', CONVERT (DATE,'19/07/1968',103), '00219111', '000012', 1, 2, 'id2203', 'id3387', 'Royal Scandal, The', '057112CO');
insert into EJEMPLAR (id, fecha_publicacion, id_autor, id_etiqueta, id_idioma, id_formato  , id_palabra_clave, id_editorial, Nombre, id_coleccion) values ('022592LB', CONVERT (DATE,'24/12/2013',103), '00219175', '000011', 2, 1, 'id4260', 'id2624', 'Upside Down: The Creation Records Story', '057112CO');
insert into EJEMPLAR (id, fecha_publicacion, id_autor, id_etiqueta, id_idioma, id_formato  , id_palabra_clave, id_editorial, Nombre, id_coleccion) values ('022593LB', CONVERT (DATE,'19/09/1998',103), '00219143', '000013', 1, 2, 'id1920', 'id4516', 'Take the Trash', '057104CO');
insert into EJEMPLAR (id, fecha_publicacion, id_autor, id_etiqueta, id_idioma, id_formato  , id_palabra_clave, id_editorial, Nombre, id_coleccion) values ('022594LB', CONVERT (DATE,'28/09/1962',103), '00219149', '000011', 1, 2, 'id4803', 'id2624', 'The Diary of Preston Plummer', '057102CO');
insert into EJEMPLAR (id, fecha_publicacion, id_autor, id_etiqueta, id_idioma, id_formato  , id_palabra_clave, id_editorial, Nombre, id_coleccion) values ('022595LB', CONVERT (DATE,'13/01/1962',103), '00219160', '000013', 1, 1, 'id3449', 'id3390', 'Passion of Anna, The (Passion, En)', '057112CO');
insert into EJEMPLAR (id, fecha_publicacion, id_autor, id_etiqueta, id_idioma, id_formato  , id_palabra_clave, id_editorial, Nombre, id_coleccion) values ('022596LB', CONVERT (DATE,'15/12/1984',103), '00219152', '000011', 1, 1, 'id1941', 'id3371', 'Bag Man, The', '057122CO');
insert into EJEMPLAR (id, fecha_publicacion, id_autor, id_etiqueta, id_idioma, id_formato  , id_palabra_clave, id_editorial, Nombre, id_coleccion) values ('022597LB', CONVERT (DATE,'19/08/1995',103), '00219184', '000013', 1, 1, 'id2965', 'id4762', 'Blaise Pascal', '057119CO');
insert into EJEMPLAR (id, fecha_publicacion, id_autor, id_etiqueta, id_idioma, id_formato  , id_palabra_clave, id_editorial, Nombre, id_coleccion) values ('022598LB', CONVERT (DATE,'18/05/1970',103), '00219182', '000013', 1, 1, 'id4916', 'id1740', 'Sugar Cane Alley (Rue cases nègres)', '057122CO');
insert into EJEMPLAR (id, fecha_publicacion, id_autor, id_etiqueta, id_idioma, id_formato  , id_palabra_clave, id_editorial, Nombre, id_coleccion) values ('022599LB', CONVERT (DATE,'16/12/1963',103), '00219125', '000013', 1, 2, 'id1504', 'id3387', 'Woodstock Diary', '057108CO');
insert into EJEMPLAR (id, fecha_publicacion, id_autor, id_etiqueta, id_idioma, id_formato  , id_palabra_clave, id_editorial, Nombre, id_coleccion) values ('022600LB', CONVERT (DATE,'31/05/2000',103), '00219143', '000013', 2, 2, 'id1178', 'id2465', 'For No Good Reason', '057106CO');
GO

insert into ADMINISTRADOR (Id, Nombre, Contraseña) values ('00133221', 'Richard', 'X3sq8SAqaT');
insert into ADMINISTRADOR (Id, Nombre, Contraseña) values ('00052121', 'Robles', 'oRIGXF1R');
insert into ADMINISTRADOR (Id, Nombre, Contraseña) values ('00139121', 'Alejo', 'SHwQOct7');
insert into ADMINISTRADOR (Id, Nombre, Contraseña) values ('00150721', 'Tony', 'qSLXjEX2e');
GO
insert into AREA (id, horario, id_piso, id_responsable, descripcion , nombre) values ('009701', 'lunes a domingo las 24H', '007122P','00133221', 'descripcion', 'Salones lúdicos');
insert into AREA (id, horario, id_piso, id_responsable, descripcion , nombre) values ('009702', 'lunes a domingo las 24H', '007123P','00133221', 'descripcion', 'Salones lúdicos');
insert into AREA (id, horario, id_piso, id_responsable, descripcion , nombre) values ('009703', 'lunes a domingo las 24H', '007122P','00052121', 'descripcion', 'Auditórium');
insert into AREA (id, horario, id_piso, id_responsable, descripcion , nombre) values ('009704', 'lunes a domingo las 24H', '007123P','00139121', 'descripcion', 'Sala de proyección');
insert into AREA (id, horario, id_piso, id_responsable, descripcion , nombre) values ('009705', 'lunes a domingo las 24H', '007124P','00139121', 'descripcion', 'Sala de proyección');
insert into AREA (id, horario, id_piso, id_responsable, descripcion , nombre) values ('009706', 'lunes a domingo las 24H', '007125P','00139121', 'descripcion', 'Sala de proyección');
insert into AREA (id, horario, id_piso, id_responsable, descripcion , nombre) values ('009707', 'lunes a domingo las 24H', '007122P','00150721', 'descripcion', 'Área de computación');
insert into AREA (id, horario, id_piso, id_responsable, descripcion , nombre) values ('009708', 'lunes a domingo las 24H', '007122P','00150721', 'descripcion', 'Área de computación');
insert into AREA (id, horario, id_piso, id_responsable, descripcion , nombre) values ('009709', 'lunes a domingo las 24H', '007123P','00150721', 'descripcion', 'Área de computación');
insert into AREA (id, horario, id_piso, id_responsable, descripcion , nombre) values ('009710', 'lunes a domingo las 24H', '007123P','00150721', 'descripcion', 'Área de computación');
insert into AREA (id, horario, id_piso, id_responsable, descripcion , nombre) values ('009711', 'lunes a domingo las 24H', '007124P','00150721', 'descripcion', 'Área de computación');
insert into AREA (id, horario, id_piso, id_responsable, descripcion , nombre) values ('009712', 'lunes a domingo las 24H', '007124P','00150721', 'descripcion', 'Área de computación');
insert into AREA (id, horario, id_piso, id_responsable, descripcion , nombre) values ('009713', 'lunes a domingo las 24H', '007125P','00150721', 'descripcion', 'Área de computación');
insert into AREA (id, horario, id_piso, id_responsable, descripcion , nombre) values ('009714', 'lunes a domingo las 24H', '007125P','00150721', 'descripcion', 'Área de computación');
insert into AREA (id, horario, id_piso, id_responsable, descripcion , nombre) values ('009715', 'lunes a domingo las 24H', '007122P','00133221', 'descripcion', 'Área de promoción de inclusión');
insert into AREA (id, horario, id_piso, id_responsable, descripcion , nombre) values ('009716', 'lunes a domingo las 24H', '007122P','00133221', 'descripcion', 'Área de promoción de inclusión');
insert into AREA (id, horario, id_piso, id_responsable, descripcion , nombre) values ('009718', 'lunes a domingo las 24H', '007125P','00052121', 'descripcion', 'Sala de investigación');
insert into AREA (id, horario, id_piso, id_responsable, descripcion , nombre) values ('009717', 'lunes a domingo las 24H', '007125P','00052121', 'descripcion', 'Sala de investigación');
insert into AREA (id, horario, id_piso, id_responsable, descripcion , nombre) values ('009719', 'lunes a domingo las 24H', '007122P','00139121', 'descripcion', 'Área de biblioteca');
insert into AREA (id, horario, id_piso, id_responsable, descripcion , nombre) values ('009720', 'lunes a domingo las 24H', '007122P','00139121', 'descripcion', 'Área de biblioteca');
insert into AREA (id, horario, id_piso, id_responsable, descripcion , nombre) values ('009721', 'lunes a domingo las 24H', '007123P','00139121', 'descripcion', 'Área de biblioteca');
insert into AREA (id, horario, id_piso, id_responsable, descripcion , nombre) values ('009722', 'lunes a domingo las 24H', '007123P','00139121', 'descripcion', 'Área de biblioteca');
insert into AREA (id, horario, id_piso, id_responsable, descripcion , nombre) values ('009723', 'lunes a domingo las 24H', '007124P','00139121', 'descripcion', 'Área de biblioteca');
insert into AREA (id, horario, id_piso, id_responsable, descripcion , nombre) values ('009724', 'lunes a domingo las 24H', '007124P','00139121', 'descripcion', 'Área de biblioteca');
insert into AREA (id, horario, id_piso, id_responsable, descripcion , nombre) values ('009725', 'lunes a domingo las 24H', '007125P','00139121', 'descripcion', 'Área de biblioteca');
insert into AREA (id, horario, id_piso, id_responsable, descripcion , nombre) values ('009726', 'lunes a domingo las 24H', '007125P','00139121', 'descripcion', 'Área de biblioteca');
GO
insert into MATERIAL_BIBLIOGRAFICO (id_area, id_coleccion) values ('009701', '057118CO')
insert into MATERIAL_BIBLIOGRAFICO (id_area, id_coleccion) values ('009702', '057118CO')
GO
insert into MATERIAL_BIBLIOGRAFICO (id_area, id_coleccion) values ('009707', '057118CO')
insert into MATERIAL_BIBLIOGRAFICO (id_area, id_coleccion) values ('009708', '057118CO')
insert into MATERIAL_BIBLIOGRAFICO (id_area, id_coleccion) values ('009709', '057118CO')
insert into MATERIAL_BIBLIOGRAFICO (id_area, id_coleccion) values ('009710', '057118CO')
insert into MATERIAL_BIBLIOGRAFICO (id_area, id_coleccion) values ('009711', '057118CO')
insert into MATERIAL_BIBLIOGRAFICO (id_area, id_coleccion) values ('009712', '057118CO')
insert into MATERIAL_BIBLIOGRAFICO (id_area, id_coleccion) values ('009713', '057118CO')
insert into MATERIAL_BIBLIOGRAFICO (id_area, id_coleccion) values ('009714', '057118CO')
GO
insert into MATERIAL_BIBLIOGRAFICO (id_area, id_coleccion) values ('009719', '057100CO'); 
insert into MATERIAL_BIBLIOGRAFICO (id_area, id_coleccion) values ('009720', '057101CO');
insert into MATERIAL_BIBLIOGRAFICO (id_area, id_coleccion) values ('009721', '057102CO');
insert into MATERIAL_BIBLIOGRAFICO (id_area, id_coleccion) values ('009722', '057103CO');
insert into MATERIAL_BIBLIOGRAFICO (id_area, id_coleccion) values ('009723', '057104CO');
insert into MATERIAL_BIBLIOGRAFICO (id_area, id_coleccion) values ('009724', '057105CO');
insert into MATERIAL_BIBLIOGRAFICO (id_area, id_coleccion) values ('009725', '057106CO');
insert into MATERIAL_BIBLIOGRAFICO (id_area, id_coleccion) values ('009726', '057107CO');
insert into MATERIAL_BIBLIOGRAFICO (id_area, id_coleccion) values ('009719', '057108CO');
insert into MATERIAL_BIBLIOGRAFICO (id_area, id_coleccion) values ('009720', '057109CO');
insert into MATERIAL_BIBLIOGRAFICO (id_area, id_coleccion) values ('009721', '057110CO');
insert into MATERIAL_BIBLIOGRAFICO (id_area, id_coleccion) values ('009722', '057111CO');
insert into MATERIAL_BIBLIOGRAFICO (id_area, id_coleccion) values ('009723', '057112CO');
insert into MATERIAL_BIBLIOGRAFICO (id_area, id_coleccion) values ('009724', '057113CO');
insert into MATERIAL_BIBLIOGRAFICO (id_area, id_coleccion) values ('009725', '057114CO');
insert into MATERIAL_BIBLIOGRAFICO (id_area, id_coleccion) values ('009726', '057115CO');
insert into MATERIAL_BIBLIOGRAFICO (id_area, id_coleccion) values ('009719', '057116CO');
insert into MATERIAL_BIBLIOGRAFICO (id_area, id_coleccion) values ('009720', '057117CO');
insert into MATERIAL_BIBLIOGRAFICO (id_area, id_coleccion) values ('009721', '057118CO');
insert into MATERIAL_BIBLIOGRAFICO (id_area, id_coleccion) values ('009722', '057119CO');
insert into MATERIAL_BIBLIOGRAFICO (id_area, id_coleccion) values ('009723', '057120CO');
insert into MATERIAL_BIBLIOGRAFICO (id_area, id_coleccion) values ('009724', '057121CO');
insert into MATERIAL_BIBLIOGRAFICO (id_area, id_coleccion) values ('009725', '057122CO');
insert into MATERIAL_BIBLIOGRAFICO (id_area, id_coleccion) values ('009726', '057100CO');
insert into MATERIAL_BIBLIOGRAFICO (id_area, id_coleccion) values ('009719', '057101CO');
insert into MATERIAL_BIBLIOGRAFICO (id_area, id_coleccion) values ('009720', '057102CO');
insert into MATERIAL_BIBLIOGRAFICO (id_area, id_coleccion) values ('009721', '057103CO');
insert into MATERIAL_BIBLIOGRAFICO (id_area, id_coleccion) values ('009722', '057104CO');
insert into MATERIAL_BIBLIOGRAFICO (id_area, id_coleccion) values ('009723', '057105CO');
insert into MATERIAL_BIBLIOGRAFICO (id_area, id_coleccion) values ('009724', '057106CO');
insert into MATERIAL_BIBLIOGRAFICO (id_area, id_coleccion) values ('009725', '057107CO');
insert into MATERIAL_BIBLIOGRAFICO (id_area, id_coleccion) values ('009726', '057108CO');
insert into MATERIAL_BIBLIOGRAFICO (id_area, id_coleccion) values ('009719', '057109CO');
insert into MATERIAL_BIBLIOGRAFICO (id_area, id_coleccion) values ('009720', '057110CO');
insert into MATERIAL_BIBLIOGRAFICO (id_area, id_coleccion) values ('009721', '057111CO');
insert into MATERIAL_BIBLIOGRAFICO (id_area, id_coleccion) values ('009722', '057112CO');
insert into MATERIAL_BIBLIOGRAFICO (id_area, id_coleccion) values ('009723', '057113CO');
insert into MATERIAL_BIBLIOGRAFICO (id_area, id_coleccion) values ('009724', '057114CO');
insert into MATERIAL_BIBLIOGRAFICO (id_area, id_coleccion) values ('009725', '057115CO');
insert into MATERIAL_BIBLIOGRAFICO (id_area, id_coleccion) values ('009726', '057116CO');
insert into MATERIAL_BIBLIOGRAFICO (id_area, id_coleccion) values ('009719', '057117CO');
insert into MATERIAL_BIBLIOGRAFICO (id_area, id_coleccion) values ('009720', '057118CO');
insert into MATERIAL_BIBLIOGRAFICO (id_area, id_coleccion) values ('009721', '057119CO');
insert into MATERIAL_BIBLIOGRAFICO (id_area, id_coleccion) values ('009722', '057120CO');
insert into MATERIAL_BIBLIOGRAFICO (id_area, id_coleccion) values ('009723', '057121CO');
insert into MATERIAL_BIBLIOGRAFICO (id_area, id_coleccion) values ('009724', '057122CO');
insert into MATERIAL_BIBLIOGRAFICO (id_area, id_coleccion) values ('009725', '057100CO');
insert into MATERIAL_BIBLIOGRAFICO (id_area, id_coleccion) values ('009726', '057101CO');
insert into MATERIAL_BIBLIOGRAFICO (id_area, id_coleccion) values ('009719', '057102CO');
insert into MATERIAL_BIBLIOGRAFICO (id_area, id_coleccion) values ('009720', '057103CO');
insert into MATERIAL_BIBLIOGRAFICO (id_area, id_coleccion) values ('009721', '057104CO');
insert into MATERIAL_BIBLIOGRAFICO (id_area, id_coleccion) values ('009722', '057105CO');
insert into MATERIAL_BIBLIOGRAFICO (id_area, id_coleccion) values ('009723', '057106CO');
insert into MATERIAL_BIBLIOGRAFICO (id_area, id_coleccion) values ('009724', '057107CO');
insert into MATERIAL_BIBLIOGRAFICO (id_area, id_coleccion) values ('009725', '057108CO');
insert into MATERIAL_BIBLIOGRAFICO (id_area, id_coleccion) values ('009726', '057109CO');
insert into MATERIAL_BIBLIOGRAFICO (id_area, id_coleccion) values ('009719', '057110CO');
insert into MATERIAL_BIBLIOGRAFICO (id_area, id_coleccion) values ('009720', '057111CO');
insert into MATERIAL_BIBLIOGRAFICO (id_area, id_coleccion) values ('009721', '057112CO');
insert into MATERIAL_BIBLIOGRAFICO (id_area, id_coleccion) values ('009722', '057113CO');
insert into MATERIAL_BIBLIOGRAFICO (id_area, id_coleccion) values ('009723', '057114CO');
insert into MATERIAL_BIBLIOGRAFICO (id_area, id_coleccion) values ('009724', '057115CO');
insert into MATERIAL_BIBLIOGRAFICO (id_area, id_coleccion) values ('009725', '057116CO');
insert into MATERIAL_BIBLIOGRAFICO (id_area, id_coleccion) values ('009726', '057117CO');
insert into MATERIAL_BIBLIOGRAFICO (id_area, id_coleccion) values ('009719', '057118CO');
insert into MATERIAL_BIBLIOGRAFICO (id_area, id_coleccion) values ('009720', '057119CO');
insert into MATERIAL_BIBLIOGRAFICO (id_area, id_coleccion) values ('009721', '057120CO');
insert into MATERIAL_BIBLIOGRAFICO (id_area, id_coleccion) values ('009722', '057121CO');
insert into MATERIAL_BIBLIOGRAFICO (id_area, id_coleccion) values ('009723', '057122CO');
insert into MATERIAL_BIBLIOGRAFICO (id_area, id_coleccion) values ('009724', '057100CO');
insert into MATERIAL_BIBLIOGRAFICO (id_area, id_coleccion) values ('009725', '057101CO');
insert into MATERIAL_BIBLIOGRAFICO (id_area, id_coleccion) values ('009726', '057102CO');
insert into MATERIAL_BIBLIOGRAFICO (id_area, id_coleccion) values ('009719', '057103CO');
insert into MATERIAL_BIBLIOGRAFICO (id_area, id_coleccion) values ('009720', '057104CO');
insert into MATERIAL_BIBLIOGRAFICO (id_area, id_coleccion) values ('009721', '057105CO');
insert into MATERIAL_BIBLIOGRAFICO (id_area, id_coleccion) values ('009722', '057106CO');
insert into MATERIAL_BIBLIOGRAFICO (id_area, id_coleccion) values ('009723', '057107CO');
insert into MATERIAL_BIBLIOGRAFICO (id_area, id_coleccion) values ('009724', '057108CO');
insert into MATERIAL_BIBLIOGRAFICO (id_area, id_coleccion) values ('009725', '057109CO');
insert into MATERIAL_BIBLIOGRAFICO (id_area, id_coleccion) values ('009726', '057110CO');
insert into MATERIAL_BIBLIOGRAFICO (id_area, id_coleccion) values ('009719', '057111CO');
insert into MATERIAL_BIBLIOGRAFICO (id_area, id_coleccion) values ('009720', '057112CO');
insert into MATERIAL_BIBLIOGRAFICO (id_area, id_coleccion) values ('009721', '057113CO');
insert into MATERIAL_BIBLIOGRAFICO (id_area, id_coleccion) values ('009722', '057114CO');
insert into MATERIAL_BIBLIOGRAFICO (id_area, id_coleccion) values ('009723', '057115CO');
insert into MATERIAL_BIBLIOGRAFICO (id_area, id_coleccion) values ('009724', '057116CO');
insert into MATERIAL_BIBLIOGRAFICO (id_area, id_coleccion) values ('009725', '057117CO');
insert into MATERIAL_BIBLIOGRAFICO (id_area, id_coleccion) values ('009726', '057118CO');
insert into MATERIAL_BIBLIOGRAFICO (id_area, id_coleccion) values ('009719', '057119CO');
insert into MATERIAL_BIBLIOGRAFICO (id_area, id_coleccion) values ('009720', '057120CO');
insert into MATERIAL_BIBLIOGRAFICO (id_area, id_coleccion) values ('009721', '057121CO');
insert into MATERIAL_BIBLIOGRAFICO (id_area, id_coleccion) values ('009722', '057122CO');
insert into MATERIAL_BIBLIOGRAFICO (id_area, id_coleccion) values ('009723', '057100CO');
insert into MATERIAL_BIBLIOGRAFICO (id_area, id_coleccion) values ('009724', '057101CO');
insert into MATERIAL_BIBLIOGRAFICO (id_area, id_coleccion) values ('009725', '057102CO');
insert into MATERIAL_BIBLIOGRAFICO (id_area, id_coleccion) values ('009726', '057103CO');
insert into MATERIAL_BIBLIOGRAFICO (id_area, id_coleccion) values ('009719', '057104CO');
insert into MATERIAL_BIBLIOGRAFICO (id_area, id_coleccion) values ('009720', '057105CO');
insert into MATERIAL_BIBLIOGRAFICO (id_area, id_coleccion) values ('009721', '057106CO');
insert into MATERIAL_BIBLIOGRAFICO (id_area, id_coleccion) values ('009722', '057107CO');
insert into MATERIAL_BIBLIOGRAFICO (id_area, id_coleccion) values ('009723', '057108CO');
insert into MATERIAL_BIBLIOGRAFICO (id_area, id_coleccion) values ('009724', '057109CO');
insert into MATERIAL_BIBLIOGRAFICO (id_area, id_coleccion) values ('009725', '057110CO');
insert into MATERIAL_BIBLIOGRAFICO (id_area, id_coleccion) values ('009726', '057111CO');
insert into MATERIAL_BIBLIOGRAFICO (id_area, id_coleccion) values ('009719', '057112CO');
insert into MATERIAL_BIBLIOGRAFICO (id_area, id_coleccion) values ('009720', '057113CO');
insert into MATERIAL_BIBLIOGRAFICO (id_area, id_coleccion) values ('009721', '057114CO');
insert into MATERIAL_BIBLIOGRAFICO (id_area, id_coleccion) values ('009722', '057115CO');
insert into MATERIAL_BIBLIOGRAFICO (id_area, id_coleccion) values ('009723', '057116CO');
insert into MATERIAL_BIBLIOGRAFICO (id_area, id_coleccion) values ('009724', '057117CO');
insert into MATERIAL_BIBLIOGRAFICO (id_area, id_coleccion) values ('009725', '057118CO');
insert into MATERIAL_BIBLIOGRAFICO (id_area, id_coleccion) values ('009726', '057119CO');
insert into MATERIAL_BIBLIOGRAFICO (id_area, id_coleccion) values ('009719', '057120CO');
insert into MATERIAL_BIBLIOGRAFICO (id_area, id_coleccion) values ('009720', '057121CO');
insert into MATERIAL_BIBLIOGRAFICO (id_area, id_coleccion) values ('009721', '057122CO');
insert into MATERIAL_BIBLIOGRAFICO (id_area, id_coleccion) values ('009722', '057100CO');
insert into MATERIAL_BIBLIOGRAFICO (id_area, id_coleccion) values ('009723', '057101CO');
insert into MATERIAL_BIBLIOGRAFICO (id_area, id_coleccion) values ('009724', '057102CO');
insert into MATERIAL_BIBLIOGRAFICO (id_area, id_coleccion) values ('009725', '057103CO');
insert into MATERIAL_BIBLIOGRAFICO (id_area, id_coleccion) values ('009726', '057104CO');
insert into MATERIAL_BIBLIOGRAFICO (id_area, id_coleccion) values ('009719', '057105CO');
insert into MATERIAL_BIBLIOGRAFICO (id_area, id_coleccion) values ('009720', '057106CO');
insert into MATERIAL_BIBLIOGRAFICO (id_area, id_coleccion) values ('009721', '057107CO');
insert into MATERIAL_BIBLIOGRAFICO (id_area, id_coleccion) values ('009722', '057108CO');
insert into MATERIAL_BIBLIOGRAFICO (id_area, id_coleccion) values ('009723', '057109CO');
insert into MATERIAL_BIBLIOGRAFICO (id_area, id_coleccion) values ('009724', '057110CO');
insert into MATERIAL_BIBLIOGRAFICO (id_area, id_coleccion) values ('009725', '057111CO');
insert into MATERIAL_BIBLIOGRAFICO (id_area, id_coleccion) values ('009726', '057112CO');
insert into MATERIAL_BIBLIOGRAFICO (id_area, id_coleccion) values ('009719', '057113CO');
insert into MATERIAL_BIBLIOGRAFICO (id_area, id_coleccion) values ('009720', '057114CO');
insert into MATERIAL_BIBLIOGRAFICO (id_area, id_coleccion) values ('009721', '057115CO');
insert into MATERIAL_BIBLIOGRAFICO (id_area, id_coleccion) values ('009722', '057116CO');
insert into MATERIAL_BIBLIOGRAFICO (id_area, id_coleccion) values ('009723', '057117CO');
insert into MATERIAL_BIBLIOGRAFICO (id_area, id_coleccion) values ('009724', '057118CO');
insert into MATERIAL_BIBLIOGRAFICO (id_area, id_coleccion) values ('009725', '057119CO');
insert into MATERIAL_BIBLIOGRAFICO (id_area, id_coleccion) values ('009726', '057120CO');
insert into MATERIAL_BIBLIOGRAFICO (id_area, id_coleccion) values ('009719', '057121CO');
insert into MATERIAL_BIBLIOGRAFICO (id_area, id_coleccion) values ('009720', '057122CO');
insert into MATERIAL_BIBLIOGRAFICO (id_area, id_coleccion) values ('009721', '057100CO');
insert into MATERIAL_BIBLIOGRAFICO (id_area, id_coleccion) values ('009722', '057101CO');
insert into MATERIAL_BIBLIOGRAFICO (id_area, id_coleccion) values ('009723', '057102CO');
insert into MATERIAL_BIBLIOGRAFICO (id_area, id_coleccion) values ('009724', '057103CO');
insert into MATERIAL_BIBLIOGRAFICO (id_area, id_coleccion) values ('009725', '057104CO');
insert into MATERIAL_BIBLIOGRAFICO (id_area, id_coleccion) values ('009726', '057105CO');
insert into MATERIAL_BIBLIOGRAFICO (id_area, id_coleccion) values ('009719', '057106CO');
insert into MATERIAL_BIBLIOGRAFICO (id_area, id_coleccion) values ('009720', '057107CO');
insert into MATERIAL_BIBLIOGRAFICO (id_area, id_coleccion) values ('009721', '057108CO');
insert into MATERIAL_BIBLIOGRAFICO (id_area, id_coleccion) values ('009722', '057109CO');
insert into MATERIAL_BIBLIOGRAFICO (id_area, id_coleccion) values ('009723', '057110CO');
insert into MATERIAL_BIBLIOGRAFICO (id_area, id_coleccion) values ('009724', '057111CO');
insert into MATERIAL_BIBLIOGRAFICO (id_area, id_coleccion) values ('009725', '057112CO');
insert into MATERIAL_BIBLIOGRAFICO (id_area, id_coleccion) values ('009726', '057113CO');
insert into MATERIAL_BIBLIOGRAFICO (id_area, id_coleccion) values ('009719', '057114CO');
insert into MATERIAL_BIBLIOGRAFICO (id_area, id_coleccion) values ('009720', '057115CO');
insert into MATERIAL_BIBLIOGRAFICO (id_area, id_coleccion) values ('009721', '057116CO');
insert into MATERIAL_BIBLIOGRAFICO (id_area, id_coleccion) values ('009722', '057117CO');
insert into MATERIAL_BIBLIOGRAFICO (id_area, id_coleccion) values ('009723', '057118CO');
insert into MATERIAL_BIBLIOGRAFICO (id_area, id_coleccion) values ('009724', '057119CO');
insert into MATERIAL_BIBLIOGRAFICO (id_area, id_coleccion) values ('009725', '057120CO');
insert into MATERIAL_BIBLIOGRAFICO (id_area, id_coleccion) values ('009726', '057121CO');
insert into MATERIAL_BIBLIOGRAFICO (id_area, id_coleccion) values ('009719', '057122CO');
insert into MATERIAL_BIBLIOGRAFICO (id_area, id_coleccion) values ('009720', '057100CO');
insert into MATERIAL_BIBLIOGRAFICO (id_area, id_coleccion) values ('009721', '057101CO');
insert into MATERIAL_BIBLIOGRAFICO (id_area, id_coleccion) values ('009722', '057102CO');
insert into MATERIAL_BIBLIOGRAFICO (id_area, id_coleccion) values ('009723', '057103CO');
insert into MATERIAL_BIBLIOGRAFICO (id_area, id_coleccion) values ('009724', '057104CO');
insert into MATERIAL_BIBLIOGRAFICO (id_area, id_coleccion) values ('009725', '057105CO');
insert into MATERIAL_BIBLIOGRAFICO (id_area, id_coleccion) values ('009726', '057106CO');
insert into MATERIAL_BIBLIOGRAFICO (id_area, id_coleccion) values ('009719', '057107CO');
insert into MATERIAL_BIBLIOGRAFICO (id_area, id_coleccion) values ('009720', '057108CO');
insert into MATERIAL_BIBLIOGRAFICO (id_area, id_coleccion) values ('009721', '057109CO');
insert into MATERIAL_BIBLIOGRAFICO (id_area, id_coleccion) values ('009722', '057110CO');
insert into MATERIAL_BIBLIOGRAFICO (id_area, id_coleccion) values ('009723', '057111CO');
insert into MATERIAL_BIBLIOGRAFICO (id_area, id_coleccion) values ('009724', '057112CO');
insert into MATERIAL_BIBLIOGRAFICO (id_area, id_coleccion) values ('009725', '057113CO');
insert into MATERIAL_BIBLIOGRAFICO (id_area, id_coleccion) values ('009726', '057114CO');
insert into MATERIAL_BIBLIOGRAFICO (id_area, id_coleccion) values ('009719', '057115CO');
insert into MATERIAL_BIBLIOGRAFICO (id_area, id_coleccion) values ('009720', '057116CO');
insert into MATERIAL_BIBLIOGRAFICO (id_area, id_coleccion) values ('009721', '057117CO');
insert into MATERIAL_BIBLIOGRAFICO (id_area, id_coleccion) values ('009722', '057118CO');
insert into MATERIAL_BIBLIOGRAFICO (id_area, id_coleccion) values ('009723', '057119CO');
insert into MATERIAL_BIBLIOGRAFICO (id_area, id_coleccion) values ('009724', '057120CO');
insert into MATERIAL_BIBLIOGRAFICO (id_area, id_coleccion) values ('009725', '057121CO');
insert into MATERIAL_BIBLIOGRAFICO (id_area, id_coleccion) values ('009726', '057122CO');
GO
insert into MATERIAL_BIBLIOGRAFICO (id_area, id_coleccion) values ('009715', '057100CO');
insert into MATERIAL_BIBLIOGRAFICO (id_area, id_coleccion) values ('009716', '057101CO');
insert into MATERIAL_BIBLIOGRAFICO (id_area, id_coleccion) values ('009715', '057102CO');
insert into MATERIAL_BIBLIOGRAFICO (id_area, id_coleccion) values ('009716', '057103CO');
insert into MATERIAL_BIBLIOGRAFICO (id_area, id_coleccion) values ('009715', '057104CO');
insert into MATERIAL_BIBLIOGRAFICO (id_area, id_coleccion) values ('009716', '057105CO');
insert into MATERIAL_BIBLIOGRAFICO (id_area, id_coleccion) values ('009715', '057106CO');
insert into MATERIAL_BIBLIOGRAFICO (id_area, id_coleccion) values ('009716', '057107CO');
insert into MATERIAL_BIBLIOGRAFICO (id_area, id_coleccion) values ('009715', '057108CO');
insert into MATERIAL_BIBLIOGRAFICO (id_area, id_coleccion) values ('009716', '057109CO');
insert into MATERIAL_BIBLIOGRAFICO (id_area, id_coleccion) values ('009715', '057110CO');
insert into MATERIAL_BIBLIOGRAFICO (id_area, id_coleccion) values ('009716', '057111CO');
insert into MATERIAL_BIBLIOGRAFICO (id_area, id_coleccion) values ('009715', '057112CO');
insert into MATERIAL_BIBLIOGRAFICO (id_area, id_coleccion) values ('009716', '057113CO');
insert into MATERIAL_BIBLIOGRAFICO (id_area, id_coleccion) values ('009715', '057114CO');
insert into MATERIAL_BIBLIOGRAFICO (id_area, id_coleccion) values ('009716', '057115CO');
insert into MATERIAL_BIBLIOGRAFICO (id_area, id_coleccion) values ('009715', '057116CO');
insert into MATERIAL_BIBLIOGRAFICO (id_area, id_coleccion) values ('009716', '057117CO');
insert into MATERIAL_BIBLIOGRAFICO (id_area, id_coleccion) values ('009715', '057118CO');
insert into MATERIAL_BIBLIOGRAFICO (id_area, id_coleccion) values ('009716', '057119CO');
insert into MATERIAL_BIBLIOGRAFICO (id_area, id_coleccion) values ('009715', '057120CO');
insert into MATERIAL_BIBLIOGRAFICO (id_area, id_coleccion) values ('009716', '057121CO');
insert into MATERIAL_BIBLIOGRAFICO (id_area, id_coleccion) values ('009715', '057122CO');
insert into MATERIAL_BIBLIOGRAFICO (id_area, id_coleccion) values ('009716', '057100CO');
insert into MATERIAL_BIBLIOGRAFICO (id_area, id_coleccion) values ('009715', '057101CO');
insert into MATERIAL_BIBLIOGRAFICO (id_area, id_coleccion) values ('009716', '057102CO');
insert into MATERIAL_BIBLIOGRAFICO (id_area, id_coleccion) values ('009715', '057103CO');
insert into MATERIAL_BIBLIOGRAFICO (id_area, id_coleccion) values ('009716', '057104CO');
insert into MATERIAL_BIBLIOGRAFICO (id_area, id_coleccion) values ('009715', '057105CO');
insert into MATERIAL_BIBLIOGRAFICO (id_area, id_coleccion) values ('009716', '057106CO');
insert into MATERIAL_BIBLIOGRAFICO (id_area, id_coleccion) values ('009715', '057107CO');
insert into MATERIAL_BIBLIOGRAFICO (id_area, id_coleccion) values ('009716', '057108CO');
insert into MATERIAL_BIBLIOGRAFICO (id_area, id_coleccion) values ('009715', '057109CO');
insert into MATERIAL_BIBLIOGRAFICO (id_area, id_coleccion) values ('009716', '057110CO');
insert into MATERIAL_BIBLIOGRAFICO (id_area, id_coleccion) values ('009715', '057111CO');
insert into MATERIAL_BIBLIOGRAFICO (id_area, id_coleccion) values ('009716', '057112CO');
insert into MATERIAL_BIBLIOGRAFICO (id_area, id_coleccion) values ('009715', '057113CO');
insert into MATERIAL_BIBLIOGRAFICO (id_area, id_coleccion) values ('009716', '057114CO');
insert into MATERIAL_BIBLIOGRAFICO (id_area, id_coleccion) values ('009715', '057115CO');
insert into MATERIAL_BIBLIOGRAFICO (id_area, id_coleccion) values ('009716', '057116CO');
insert into MATERIAL_BIBLIOGRAFICO (id_area, id_coleccion) values ('009715', '057117CO');
insert into MATERIAL_BIBLIOGRAFICO (id_area, id_coleccion) values ('009716', '057118CO');
insert into MATERIAL_BIBLIOGRAFICO (id_area, id_coleccion) values ('009715', '057119CO');
insert into MATERIAL_BIBLIOGRAFICO (id_area, id_coleccion) values ('009716', '057120CO');
insert into MATERIAL_BIBLIOGRAFICO (id_area, id_coleccion) values ('009715', '057121CO');
insert into MATERIAL_BIBLIOGRAFICO (id_area, id_coleccion) values ('009716', '057122CO');
GO
insert into MATERIAL_BIBLIOGRAFICO (id_area, id_coleccion) values ('009717', '057100CO');
insert into MATERIAL_BIBLIOGRAFICO (id_area, id_coleccion) values ('009718', '057101CO');
insert into MATERIAL_BIBLIOGRAFICO (id_area, id_coleccion) values ('009717', '057102CO');
insert into MATERIAL_BIBLIOGRAFICO (id_area, id_coleccion) values ('009718', '057103CO');
insert into MATERIAL_BIBLIOGRAFICO (id_area, id_coleccion) values ('009717', '057104CO');
insert into MATERIAL_BIBLIOGRAFICO (id_area, id_coleccion) values ('009718', '057105CO');
insert into MATERIAL_BIBLIOGRAFICO (id_area, id_coleccion) values ('009717', '057106CO');
insert into MATERIAL_BIBLIOGRAFICO (id_area, id_coleccion) values ('009718', '057107CO');
insert into MATERIAL_BIBLIOGRAFICO (id_area, id_coleccion) values ('009717', '057108CO');
insert into MATERIAL_BIBLIOGRAFICO (id_area, id_coleccion) values ('009718', '057109CO');
insert into MATERIAL_BIBLIOGRAFICO (id_area, id_coleccion) values ('009717', '057110CO');
insert into MATERIAL_BIBLIOGRAFICO (id_area, id_coleccion) values ('009718', '057111CO');
insert into MATERIAL_BIBLIOGRAFICO (id_area, id_coleccion) values ('009717', '057112CO');
insert into MATERIAL_BIBLIOGRAFICO (id_area, id_coleccion) values ('009718', '057113CO');
insert into MATERIAL_BIBLIOGRAFICO (id_area, id_coleccion) values ('009717', '057114CO');
insert into MATERIAL_BIBLIOGRAFICO (id_area, id_coleccion) values ('009718', '057115CO');
insert into MATERIAL_BIBLIOGRAFICO (id_area, id_coleccion) values ('009717', '057116CO');
insert into MATERIAL_BIBLIOGRAFICO (id_area, id_coleccion) values ('009718', '057117CO');
insert into MATERIAL_BIBLIOGRAFICO (id_area, id_coleccion) values ('009717', '057118CO');
insert into MATERIAL_BIBLIOGRAFICO (id_area, id_coleccion) values ('009718', '057119CO');
insert into MATERIAL_BIBLIOGRAFICO (id_area, id_coleccion) values ('009717', '057120CO');
insert into MATERIAL_BIBLIOGRAFICO (id_area, id_coleccion) values ('009718', '057121CO');
insert into MATERIAL_BIBLIOGRAFICO (id_area, id_coleccion) values ('009717', '057122CO');
insert into MATERIAL_BIBLIOGRAFICO (id_area, id_coleccion) values ('009718', '057100CO');
insert into MATERIAL_BIBLIOGRAFICO (id_area, id_coleccion) values ('009717', '057101CO');
insert into MATERIAL_BIBLIOGRAFICO (id_area, id_coleccion) values ('009718', '057102CO');
insert into MATERIAL_BIBLIOGRAFICO (id_area, id_coleccion) values ('009717', '057103CO');
insert into MATERIAL_BIBLIOGRAFICO (id_area, id_coleccion) values ('009718', '057104CO');
insert into MATERIAL_BIBLIOGRAFICO (id_area, id_coleccion) values ('009717', '057105CO');
insert into MATERIAL_BIBLIOGRAFICO (id_area, id_coleccion) values ('009718', '057106CO');
insert into MATERIAL_BIBLIOGRAFICO (id_area, id_coleccion) values ('009717', '057107CO');
insert into MATERIAL_BIBLIOGRAFICO (id_area, id_coleccion) values ('009718', '057108CO');
insert into MATERIAL_BIBLIOGRAFICO (id_area, id_coleccion) values ('009717', '057109CO');
insert into MATERIAL_BIBLIOGRAFICO (id_area, id_coleccion) values ('009718', '057110CO');
insert into MATERIAL_BIBLIOGRAFICO (id_area, id_coleccion) values ('009717', '057111CO');
insert into MATERIAL_BIBLIOGRAFICO (id_area, id_coleccion) values ('009718', '057112CO');
insert into MATERIAL_BIBLIOGRAFICO (id_area, id_coleccion) values ('009717', '057113CO');
insert into MATERIAL_BIBLIOGRAFICO (id_area, id_coleccion) values ('009718', '057114CO');
insert into MATERIAL_BIBLIOGRAFICO (id_area, id_coleccion) values ('009717', '057115CO');
insert into MATERIAL_BIBLIOGRAFICO (id_area, id_coleccion) values ('009718', '057116CO');
insert into MATERIAL_BIBLIOGRAFICO (id_area, id_coleccion) values ('009717', '057117CO');
insert into MATERIAL_BIBLIOGRAFICO (id_area, id_coleccion) values ('009718', '057118CO');
insert into MATERIAL_BIBLIOGRAFICO (id_area, id_coleccion) values ('009717', '057119CO');
insert into MATERIAL_BIBLIOGRAFICO (id_area, id_coleccion) values ('009718', '057120CO');
insert into MATERIAL_BIBLIOGRAFICO (id_area, id_coleccion) values ('009717', '057121CO');
insert into MATERIAL_BIBLIOGRAFICO (id_area, id_coleccion) values ('009718', '057122CO');
GO

insert into EVENTO (id, Cantidad_Asistentes, id_Area, Titulo, Objetivos) values ('091810EV', 250, '009705', 'Universal object-oriented solution', 'optimize visionary e-markets');
insert into EVENTO (id, Cantidad_Asistentes, id_Area, Titulo, Objetivos) values ('091811EV', 208, '009720', 'Open-source scalable monitoring', 'embrace e-business web-readiness');
insert into EVENTO (id, Cantidad_Asistentes, id_Area, Titulo, Objetivos) values ('091812EV', 184, '009721', 'Expanded object-oriented archive', 'incentivize magnetic supply-chains');
insert into EVENTO (id, Cantidad_Asistentes, id_Area, Titulo, Objetivos) values ('091813EV', 111, '009709', 'Multi-layered stable approach', 'integrate out-of-the-box experiences');
insert into EVENTO (id, Cantidad_Asistentes, id_Area, Titulo, Objetivos) values ('091814EV', 236, '009724', 'Grass-roots full-range website', 'redefine e-business e-tailers');
insert into EVENTO (id, Cantidad_Asistentes, id_Area, Titulo, Objetivos) values ('091815EV', 186, '009714', 'Horizontal even-keeled help-desk', 'innovate open-source architectures');
insert into EVENTO (id, Cantidad_Asistentes, id_Area, Titulo, Objetivos) values ('091816EV', 108, '009720', 'Versatile 5th generation forecast', 'innovate dot-com interfaces');
insert into EVENTO (id, Cantidad_Asistentes, id_Area, Titulo, Objetivos) values ('091817EV', 215, '009710', 'Re-engineered 24 hour budgetary management', 'synergize magnetic users');
insert into EVENTO (id, Cantidad_Asistentes, id_Area, Titulo, Objetivos) values ('091818EV', 249, '009718', 'Multi-lateral grid-enabled orchestration', 'engineer cross-platform web-readiness');
insert into EVENTO (id, Cantidad_Asistentes, id_Area, Titulo, Objetivos) values ('091819EV', 217, '009710', 'Implemented logistical throughput', 'enable vertical web-readiness');
insert into EVENTO (id, Cantidad_Asistentes, id_Area, Titulo, Objetivos) values ('091820EV', 196, '009715', 'Advanced solution-oriented adapter', 'expedite next-generation web services');
insert into EVENTO (id, Cantidad_Asistentes, id_Area, Titulo, Objetivos) values ('091821EV', 159, '009701', 'Decentralized optimizing leverage', 'enable interactive vortals');
insert into EVENTO (id, Cantidad_Asistentes, id_Area, Titulo, Objetivos) values ('091822EV', 174, '009714', 'Ergonomic grid-enabled capability', 'incentivize out-of-the-box mindshare');
insert into EVENTO (id, Cantidad_Asistentes, id_Area, Titulo, Objetivos) values ('091823EV', 141, '009702', 'Seamless 3rd generation support', 'redefine web-enabled paradigms');
insert into EVENTO (id, Cantidad_Asistentes, id_Area, Titulo, Objetivos) values ('091824EV', 117, '009714', 'Proactive bottom-line project', 'implement virtual synergies');
insert into EVENTO (id, Cantidad_Asistentes, id_Area, Titulo, Objetivos) values ('091825EV', 225, '009705', 'Diverse homogeneous product', 'grow plug-and-play functionalities');
insert into EVENTO (id, Cantidad_Asistentes, id_Area, Titulo, Objetivos) values ('091826EV', 166, '009711', 'Business-focused directional matrices', 'whiteboard transparent niches');
insert into EVENTO (id, Cantidad_Asistentes, id_Area, Titulo, Objetivos) values ('091827EV', 213, '009704', 'Diverse scalable database', 'reinvent holistic paradigms');
insert into EVENTO (id, Cantidad_Asistentes, id_Area, Titulo, Objetivos) values ('091828EV', 246, '009721', 'Triple-buffered upward-trending matrix', 'mesh plug-and-play networks');
insert into EVENTO (id, Cantidad_Asistentes, id_Area, Titulo, Objetivos) values ('091829EV', 245, '009702', 'Seamless radical product', 'generate user-centric web services');
insert into EVENTO (id, Cantidad_Asistentes, id_Area, Titulo, Objetivos) values ('091830EV', 144, '009704', 'Multi-layered asymmetric hardware', 'facilitate B2B networks');
insert into EVENTO (id, Cantidad_Asistentes, id_Area, Titulo, Objetivos) values ('091831EV', 143, '009711', 'Sharable zero defect capability', 'engineer robust interfaces');
insert into EVENTO (id, Cantidad_Asistentes, id_Area, Titulo, Objetivos) values ('091832EV', 110, '009713', 'Enterprise-wide value-added emulation', 'target efficient experiences');
insert into EVENTO (id, Cantidad_Asistentes, id_Area, Titulo, Objetivos) values ('091833EV', 243, '009702', 'Optional optimal encoding', 'benchmark turn-key platforms');
insert into EVENTO (id, Cantidad_Asistentes, id_Area, Titulo, Objetivos) values ('091834EV', 217, '009714', 'Reverse-engineered even-keeled parallelism', 'integrate visionary paradigms');
insert into EVENTO (id, Cantidad_Asistentes, id_Area, Titulo, Objetivos) values ('091835EV', 226, '009723', 'Self-enabling executive middleware', 'mesh magnetic solutions');
insert into EVENTO (id, Cantidad_Asistentes, id_Area, Titulo, Objetivos) values ('091836EV', 148, '009701', 'Multi-lateral demand-driven structure', 'optimize synergistic technologies');
insert into EVENTO (id, Cantidad_Asistentes, id_Area, Titulo, Objetivos) values ('091837EV', 233, '009722', 'Monitored zero administration focus group', 'envisioneer out-of-the-box models');
insert into EVENTO (id, Cantidad_Asistentes, id_Area, Titulo, Objetivos) values ('091838EV', 207, '009707', 'Mandatory zero tolerance throughput', 'streamline bleeding-edge infrastructures');
insert into EVENTO (id, Cantidad_Asistentes, id_Area, Titulo, Objetivos) values ('091839EV', 179, '009720', 'Inverse interactive emulation', 'engineer 24/365 action-items');
insert into EVENTO (id, Cantidad_Asistentes, id_Area, Titulo, Objetivos) values ('091840EV', 201, '009702', 'Multi-tiered human-resource moratorium', 'syndicate seamless initiatives');
insert into EVENTO (id, Cantidad_Asistentes, id_Area, Titulo, Objetivos) values ('091841EV', 117, '009726', 'De-engineered regional synergy', 'optimize ubiquitous methodologies');
insert into EVENTO (id, Cantidad_Asistentes, id_Area, Titulo, Objetivos) values ('091842EV', 178, '009705', 'Multi-layered asymmetric throughput', 'embrace collaborative e-business');
insert into EVENTO (id, Cantidad_Asistentes, id_Area, Titulo, Objetivos) values ('091843EV', 243, '009716', 'Right-sized exuding service-desk', 'enable granular applications');
insert into EVENTO (id, Cantidad_Asistentes, id_Area, Titulo, Objetivos) values ('091844EV', 113, '009718', 'Synergized context-sensitive secured line', 'mesh back-end infrastructures');
insert into EVENTO (id, Cantidad_Asistentes, id_Area, Titulo, Objetivos) values ('091845EV', 133, '009720', 'User-friendly full-range budgetary management', 'scale extensible technologies');
insert into EVENTO (id, Cantidad_Asistentes, id_Area, Titulo, Objetivos) values ('091846EV', 218, '009703', 'Implemented real-time access', 'enable revolutionary e-commerce');
insert into EVENTO (id, Cantidad_Asistentes, id_Area, Titulo, Objetivos) values ('091847EV', 217, '009725', 'Balanced static attitude', 'harness back-end architectures');
insert into EVENTO (id, Cantidad_Asistentes, id_Area, Titulo, Objetivos) values ('091848EV', 233, '009712', 'Total analyzing framework', 'extend efficient paradigms');
insert into EVENTO (id, Cantidad_Asistentes, id_Area, Titulo, Objetivos) values ('091849EV', 120, '009723', 'Robust web-enabled installation', 'mesh compelling content');
insert into EVENTO (id, Cantidad_Asistentes, id_Area, Titulo, Objetivos) values ('091850EV', 157, '009719', 'Customizable zero tolerance extranet', 'transition turn-key experiences');
insert into EVENTO (id, Cantidad_Asistentes, id_Area, Titulo, Objetivos) values ('091851EV', 169, '009723', 'Re-engineered exuding interface', 'enable cross-media relationships');
insert into EVENTO (id, Cantidad_Asistentes, id_Area, Titulo, Objetivos) values ('091852EV', 225, '009713', 'Mandatory user-facing product', 'e-enable dot-com content');
insert into EVENTO (id, Cantidad_Asistentes, id_Area, Titulo, Objetivos) values ('091853EV', 217, '009709', 'Object-based leading edge solution', 'unleash clicks-and-mortar interfaces');
insert into EVENTO (id, Cantidad_Asistentes, id_Area, Titulo, Objetivos) values ('091854EV', 146, '009717', 'Expanded uniform framework', 'enhance strategic action-items');
insert into EVENTO (id, Cantidad_Asistentes, id_Area, Titulo, Objetivos) values ('091855EV', 167, '009721', 'Digitized coherent neural-net', 'e-enable scalable applications');
insert into EVENTO (id, Cantidad_Asistentes, id_Area, Titulo, Objetivos) values ('091856EV', 238, '009711', 'Self-enabling clear-thinking monitoring', 'envisioneer front-end functionalities');
insert into EVENTO (id, Cantidad_Asistentes, id_Area, Titulo, Objetivos) values ('091857EV', 165, '009706', 'Focused 6th generation migration', 'generate clicks-and-mortar markets');
insert into EVENTO (id, Cantidad_Asistentes, id_Area, Titulo, Objetivos) values ('091858EV', 132, '009716', 'Synergized bifurcated standardization', 'extend cross-media technologies');
insert into EVENTO (id, Cantidad_Asistentes, id_Area, Titulo, Objetivos) values ('091859EV', 150, '009710', 'Mandatory even-keeled strategy', 'empower user-centric e-markets');
insert into EVENTO (id, Cantidad_Asistentes, id_Area, Titulo, Objetivos) values ('091860EV', 238, '009716', 'Compatible client-driven infrastructure', 'facilitate open-source experiences');
insert into EVENTO (id, Cantidad_Asistentes, id_Area, Titulo, Objetivos) values ('091861EV', 248, '009720', 'Business-focused high-level ability', 'enable revolutionary paradigms');
insert into EVENTO (id, Cantidad_Asistentes, id_Area, Titulo, Objetivos) values ('091862EV', 232, '009709', 'Vision-oriented scalable system engine', 'morph visionary communities');
insert into EVENTO (id, Cantidad_Asistentes, id_Area, Titulo, Objetivos) values ('091863EV', 234, '009709', 'Switchable multi-tasking pricing structure', 'e-enable efficient models');
insert into EVENTO (id, Cantidad_Asistentes, id_Area, Titulo, Objetivos) values ('091864EV', 214, '009710', 'Expanded actuating attitude', 'deploy turn-key metrics');
insert into EVENTO (id, Cantidad_Asistentes, id_Area, Titulo, Objetivos) values ('091865EV', 228, '009702', 'Compatible fresh-thinking Graphic Interface', 'scale distributed e-tailers');
insert into EVENTO (id, Cantidad_Asistentes, id_Area, Titulo, Objetivos) values ('091866EV', 132, '009701', 'Programmable zero tolerance hierarchy', 'whiteboard visionary users');
insert into EVENTO (id, Cantidad_Asistentes, id_Area, Titulo, Objetivos) values ('091867EV', 114, '009717', 'Pre-emptive logistical capability', 'optimize efficient systems');
insert into EVENTO (id, Cantidad_Asistentes, id_Area, Titulo, Objetivos) values ('091868EV', 148, '009712', 'Quality-focused non-volatile ability', 'reinvent integrated users');
insert into EVENTO (id, Cantidad_Asistentes, id_Area, Titulo, Objetivos) values ('091869EV', 161, '009701', 'Fully-configurable tertiary system engine', 'transition killer users');
insert into EVENTO (id, Cantidad_Asistentes, id_Area, Titulo, Objetivos) values ('091870EV', 193, '009708', 'Proactive responsive service-desk', 'seize robust mindshare');
insert into EVENTO (id, Cantidad_Asistentes, id_Area, Titulo, Objetivos) values ('091871EV', 248, '009710', 'Switchable fresh-thinking orchestration', 'exploit viral infrastructures');
insert into EVENTO (id, Cantidad_Asistentes, id_Area, Titulo, Objetivos) values ('091872EV', 231, '009719', 'Pre-emptive grid-enabled attitude', 'target back-end paradigms');
insert into EVENTO (id, Cantidad_Asistentes, id_Area, Titulo, Objetivos) values ('091873EV', 123, '009701', 'Organized disintermediate circuit', 'empower real-time e-services');
insert into EVENTO (id, Cantidad_Asistentes, id_Area, Titulo, Objetivos) values ('091874EV', 229, '009703', 'Assimilated intermediate circuit', 'recontextualize leading-edge content');
insert into EVENTO (id, Cantidad_Asistentes, id_Area, Titulo, Objetivos) values ('091875EV', 176, '009714', 'Triple-buffered human-resource access', 'generate intuitive bandwidth');
insert into EVENTO (id, Cantidad_Asistentes, id_Area, Titulo, Objetivos) values ('091876EV', 225, '009718', 'Advanced needs-based infrastructure', 'benchmark granular partnerships');
insert into EVENTO (id, Cantidad_Asistentes, id_Area, Titulo, Objetivos) values ('091877EV', 106, '009711', 'Business-focused logistical budgetary management', 'monetize global bandwidth');
insert into EVENTO (id, Cantidad_Asistentes, id_Area, Titulo, Objetivos) values ('091878EV', 117, '009711', 'Horizontal responsive pricing structure', 'visualize collaborative web-readiness');
insert into EVENTO (id, Cantidad_Asistentes, id_Area, Titulo, Objetivos) values ('091879EV', 151, '009717', 'Multi-lateral optimizing product', 'generate sexy models');
insert into EVENTO (id, Cantidad_Asistentes, id_Area, Titulo, Objetivos) values ('091880EV', 154, '009708', 'Enterprise-wide actuating collaboration', 'implement strategic vortals');
insert into EVENTO (id, Cantidad_Asistentes, id_Area, Titulo, Objetivos) values ('091881EV', 172, '009710', 'Intuitive object-oriented infrastructure', 'architect interactive metrics');
insert into EVENTO (id, Cantidad_Asistentes, id_Area, Titulo, Objetivos) values ('091882EV', 219, '009701', 'Re-contextualized exuding synergy', 'utilize revolutionary e-tailers');
insert into EVENTO (id, Cantidad_Asistentes, id_Area, Titulo, Objetivos) values ('091883EV', 184, '009713', 'Inverse incremental intranet', 'evolve next-generation partnerships');
insert into EVENTO (id, Cantidad_Asistentes, id_Area, Titulo, Objetivos) values ('091884EV', 172, '009717', 'Optional systemic pricing structure', 'redefine front-end networks');
insert into EVENTO (id, Cantidad_Asistentes, id_Area, Titulo, Objetivos) values ('091885EV', 206, '009705', 'Reactive transitional synergy', 'reinvent cutting-edge communities');
insert into EVENTO (id, Cantidad_Asistentes, id_Area, Titulo, Objetivos) values ('091886EV', 166, '009720', 'Profit-focused dynamic info-mediaries', 'productize customized partnerships');
insert into EVENTO (id, Cantidad_Asistentes, id_Area, Titulo, Objetivos) values ('091887EV', 135, '009724', 'Self-enabling didactic capacity', 'benchmark magnetic infrastructures');
insert into EVENTO (id, Cantidad_Asistentes, id_Area, Titulo, Objetivos) values ('091888EV', 243, '009709', 'Seamless asynchronous website', 'productize robust markets');
insert into EVENTO (id, Cantidad_Asistentes, id_Area, Titulo, Objetivos) values ('091889EV', 136, '009701', 'Phased tertiary matrix', 'optimize cross-media vortals');
insert into EVENTO (id, Cantidad_Asistentes, id_Area, Titulo, Objetivos) values ('091890EV', 189, '009723', 'Synchronised zero defect orchestration', 'facilitate granular relationships');
insert into EVENTO (id, Cantidad_Asistentes, id_Area, Titulo, Objetivos) values ('091891EV', 136, '009717', 'Cloned hybrid hardware', 'deploy end-to-end web services');
insert into EVENTO (id, Cantidad_Asistentes, id_Area, Titulo, Objetivos) values ('091892EV', 139, '009701', 'Seamless bandwidth-monitored knowledge base', 'utilize intuitive channels');
insert into EVENTO (id, Cantidad_Asistentes, id_Area, Titulo, Objetivos) values ('091893EV', 228, '009702', 'Intuitive cohesive extranet', 'productize customized infomediaries');
insert into EVENTO (id, Cantidad_Asistentes, id_Area, Titulo, Objetivos) values ('091894EV', 247, '009715', 'Managed impactful database', 'mesh visionary eyeballs');
insert into EVENTO (id, Cantidad_Asistentes, id_Area, Titulo, Objetivos) values ('091895EV', 173, '009711', 'De-engineered analyzing database', 'integrate bricks-and-clicks relationships');
insert into EVENTO (id, Cantidad_Asistentes, id_Area, Titulo, Objetivos) values ('091896EV', 170, '009712', 'Seamless 6th generation policy', 'brand interactive e-commerce');
insert into EVENTO (id, Cantidad_Asistentes, id_Area, Titulo, Objetivos) values ('091897EV', 213, '009713', 'Visionary actuating interface', 'matrix rich web-readiness');
insert into EVENTO (id, Cantidad_Asistentes, id_Area, Titulo, Objetivos) values ('091898EV', 220, '009701', 'Re-engineered global strategy', 'matrix revolutionary platforms');
insert into EVENTO (id, Cantidad_Asistentes, id_Area, Titulo, Objetivos) values ('091899EV', 137, '009725', 'Devolved upward-trending capability', 'scale granular methodologies');

--ADMINISTRADOR
GO
insert into INSTITUCION (id, Nombre) values ('0001910', 'Trilia');
insert into INSTITUCION (id, Nombre) values ('0001911', 'Yambee');
insert into INSTITUCION (id, Nombre) values ('0001912', 'Skyvu');
insert into INSTITUCION (id, Nombre) values ('0001913', 'Yodo');
insert into INSTITUCION (id, Nombre) values ('0001914', 'Dabtype');
insert into INSTITUCION (id, Nombre) values ('0001915', 'Gabtype');
insert into INSTITUCION (id, Nombre) values ('0001916', 'Trilia');
insert into INSTITUCION (id, Nombre) values ('0001917', 'Skibox');
insert into INSTITUCION (id, Nombre) values ('0001918', 'Twinte');
insert into INSTITUCION (id, Nombre) values ('0001919', 'Twitterlist');
insert into INSTITUCION (id, Nombre) values ('0001920', 'Yoveo');
insert into INSTITUCION (id, Nombre) values ('0001921', 'Twitterbeat');
insert into INSTITUCION (id, Nombre) values ('0001922', 'Brainbox');
insert into INSTITUCION (id, Nombre) values ('0001923', 'Youtags');
insert into INSTITUCION (id, Nombre) values ('0001924', 'Quatz');
insert into INSTITUCION (id, Nombre) values ('0001925', 'Jabberbean');
insert into INSTITUCION (id, Nombre) values ('0001926', 'Bubbletube');
insert into INSTITUCION (id, Nombre) values ('0001927', 'Mycat');
insert into INSTITUCION (id, Nombre) values ('0001928', 'Myworks');
insert into INSTITUCION (id, Nombre) values ('0001929', 'Eabox');
insert into INSTITUCION (id, Nombre) values ('0001930', 'Yacero');
GO
insert into OCUPACION (id, Nombre) values ('0006211', 'Estudiante');
insert into OCUPACION (id, Nombre) values ('0006212', 'Professor');
insert into OCUPACION (id, Nombre) values ('0006213', 'Particular');
insert into OCUPACION (id, Nombre) values ('0006214', 'Foraneo');


--USUARIOS 
GO
insert into CLIENTE (id, nombre_usuario, Contraseña , Nombre, Email, Direccion , Telefono , id_Institucion, id_Ocupacion) values ('0000100', 'kmarde2r', 'Sqkp27Hw0xQv', 'Kimmie Marde', 'kmarde2r@delicious.com', '0713 Trailsway Avenue', '+86 388 625 9119', '0001921', '0006214');
insert into CLIENTE (id, nombre_usuario, Contraseña , Nombre, Email, Direccion , Telefono , id_Institucion, id_Ocupacion) values ('0000101', 'sbardsley2s', '7OV0o0TIrnDn', 'Saidee Bardsley', 'sbardsley2s@stanford.edu', '61 Independence Drive', '+256 270 667 3332', '0001911', '0006214');
insert into CLIENTE (id, nombre_usuario, Contraseña , Nombre, Email, Direccion , Telefono , id_Institucion, id_Ocupacion) values ('0000102', 'mgolthorpp2t', 'izKQapah3', 'Myrta Golthorpp', 'mgolthorpp2t@ifeng.com', '882 Pierstorff Trail', '+86 951 586 3320', '0001914', '0006212');
insert into CLIENTE (id, nombre_usuario, Contraseña , Nombre, Email, Direccion , Telefono , id_Institucion, id_Ocupacion) values ('0000103', 'chardison2u', 'BSIzVk', 'Carlynn Hardison', 'chardison2u@dmoz.org', '81406 Westerfield Junction', '+970 288 469 6320', '0001914', '0006213');
insert into CLIENTE (id, nombre_usuario, Contraseña , Nombre, Email, Direccion , Telefono , id_Institucion, id_Ocupacion) values ('0000104', 'hagge2v', 'mN1htVodZ', 'Hirsch Agge', 'hagge2v@bandcamp.com', '81297 Shelley Center', '+55 126 105 4297', '0001930', '0006212');
insert into CLIENTE (id, nombre_usuario, Contraseña , Nombre, Email, Direccion , Telefono , id_Institucion, id_Ocupacion) values ('0000105', 'sroseburgh2w', 'w44lhF3c', 'Susana Roseburgh', 'sroseburgh2w@wp.com', '9 Red Cloud Pass', '+84 585 421 3342', '0001927', '0006212');
insert into CLIENTE (id, nombre_usuario, Contraseña , Nombre, Email, Direccion , Telefono , id_Institucion, id_Ocupacion) values ('0000106', 'pwark2x', 'tjhI9VCLyj', 'Prentiss Wark', 'pwark2x@jigsy.com', '817 Birchwood Terrace', '+66 966 876 0556', '0001914', '0006212');
insert into CLIENTE (id, nombre_usuario, Contraseña , Nombre, Email, Direccion , Telefono , id_Institucion, id_Ocupacion) values ('0000107', 'ehannah2y', 'RWkDhYQl', 'Emiline Hannah', 'ehannah2y@bbb.org', '55 Forest Run Circle', '+55 696 706 4576', '0001915', '0006211');
insert into CLIENTE (id, nombre_usuario, Contraseña , Nombre, Email, Direccion , Telefono , id_Institucion, id_Ocupacion) values ('0000108', 'brouzet2z', '9BdQ7sHfeP', 'Bobbe Rouzet', 'brouzet2z@google.cn', '0048 Tennessee Crossing', '+375 547 696 2948', '0001913', '0006213');
insert into CLIENTE (id, nombre_usuario, Contraseña , Nombre, Email, Direccion , Telefono , id_Institucion, id_Ocupacion) values ('0000109', 'boddboy30', 'jDWmjo', 'Berthe Oddboy', 'boddboy30@shinystat.com', '409 Farmco Parkway', '+62 673 251 9213', '0001916', '0006212');
insert into CLIENTE (id, nombre_usuario, Contraseña , Nombre, Email, Direccion , Telefono , id_Institucion, id_Ocupacion) values ('0000110', 'dhargerie31', 'FiNVqVS7Fz', 'Dorelle Hargerie', 'dhargerie31@patch.com', '5997 Messerschmidt Avenue', '+31 734 169 2226', '0001924', '0006212');
insert into CLIENTE (id, nombre_usuario, Contraseña , Nombre, Email, Direccion , Telefono , id_Institucion, id_Ocupacion) values ('0000111', 'nbusfield32', '9SMyRKObDt3i', 'Noel Busfield', 'nbusfield32@a8.net', '27185 Di Loreto Trail', '+64 491 628 5046', '0001923', '0006211');
insert into CLIENTE (id, nombre_usuario, Contraseña , Nombre, Email, Direccion , Telefono , id_Institucion, id_Ocupacion) values ('0000112', 'jgrange33', 'JxVbfdwt', 'Jodie Grange', 'jgrange33@shutterfly.com', '297 Pierstorff Junction', '+52 156 766 0402', '0001930', '0006214');
insert into CLIENTE (id, nombre_usuario, Contraseña , Nombre, Email, Direccion , Telefono , id_Institucion, id_Ocupacion) values ('0000113', 'bbortolotti34', 'F8HSfjzmS', 'Bank Bortolotti', 'bbortolotti34@deliciousdays.com', '5281 Summerview Point', '+86 634 848 8476', '0001915', '0006211');
insert into CLIENTE (id, nombre_usuario, Contraseña , Nombre, Email, Direccion , Telefono , id_Institucion, id_Ocupacion) values ('0000114', 'dsergeant35', 'lyFCYrz3', 'Daryl Sergeant', 'dsergeant35@gmpg.org', '046 Talisman Pass', '+48 203 197 1672', '0001927', '0006213');
insert into CLIENTE (id, nombre_usuario, Contraseña , Nombre, Email, Direccion , Telefono , id_Institucion, id_Ocupacion) values ('0000115', 'jpuffett36', 'oSQMfv', 'Jarid Puffett', 'jpuffett36@engadget.com', '00 Corry Pass', '+358 135 653 9387', '0001914', '0006211');
insert into CLIENTE (id, nombre_usuario, Contraseña , Nombre, Email, Direccion , Telefono , id_Institucion, id_Ocupacion) values ('0000116', 'grubenovic37', 'rbGX1LRT', 'Giselle Rubenovic', 'grubenovic37@blog.com', '4600 Comanche Lane', '+351 210 707 6712', '0001924', '0006214');
insert into CLIENTE (id, nombre_usuario, Contraseña , Nombre, Email, Direccion , Telefono , id_Institucion, id_Ocupacion) values ('0000117', 'afolley38', '3mwWSZjB', 'Arliene Folley', 'afolley38@ucsd.edu', '29755 Trailsway Way', '+63 846 917 3885', '0001924', '0006211');
insert into CLIENTE (id, nombre_usuario, Contraseña , Nombre, Email, Direccion , Telefono , id_Institucion, id_Ocupacion) values ('0000118', 'eendacott39', 'st1B9Ff', 'Eolande Endacott', 'eendacott39@dyndns.org', '94 Maryland Junction', '+62 499 934 2367', '0001927', '0006211');
insert into CLIENTE (id, nombre_usuario, Contraseña , Nombre, Email, Direccion , Telefono , id_Institucion, id_Ocupacion) values ('0000119', 'csunner3a', 'OEyx1TEm', 'Charmian Sunner', 'csunner3a@cornell.edu', '0136 7th Lane', '+46 441 152 7085', '0001927', '0006212');
insert into CLIENTE (id, nombre_usuario, Contraseña , Nombre, Email, Direccion , Telefono , id_Institucion, id_Ocupacion) values ('0000120', 'dcasaccia3b', 'GFpCuRpRx4P', 'Doy Casaccia', 'dcasaccia3b@mayoclinic.com', '9769 Hansons Lane', '+226 335 321 9796', '0001929', '0006213');
insert into CLIENTE (id, nombre_usuario, Contraseña , Nombre, Email, Direccion , Telefono , id_Institucion, id_Ocupacion) values ('0000121', 'opetto3c', 'xNHLjoY', 'Owen Petto', 'opetto3c@yahoo.co.jp', '29 Elgar Terrace', '+48 721 605 3388', '0001910', '0006211');
insert into CLIENTE (id, nombre_usuario, Contraseña , Nombre, Email, Direccion , Telefono , id_Institucion, id_Ocupacion) values ('0000122', 'rwhimper3d', 'nFh9ZQ1z', 'Riva Whimper', 'rwhimper3d@forbes.com', '8094 Glendale Place', '+963 991 843 9049', '0001924', '0006213');
insert into CLIENTE (id, nombre_usuario, Contraseña , Nombre, Email, Direccion , Telefono , id_Institucion, id_Ocupacion) values ('0000123', 'rferguson3e', 'lnDBalO', 'Redford Ferguson', 'rferguson3e@cnet.com', '90 Merry Center', '+358 384 824 0923', '0001929', '0006211');
insert into CLIENTE (id, nombre_usuario, Contraseña , Nombre, Email, Direccion , Telefono , id_Institucion, id_Ocupacion) values ('0000124', 'msetchell3f', 'SpxUBh97', 'Mureil Setchell', 'msetchell3f@addtoany.com', '43534 David Trail', '+389 833 381 3875', '0001916', '0006213');
insert into CLIENTE (id, nombre_usuario, Contraseña , Nombre, Email, Direccion , Telefono , id_Institucion, id_Ocupacion) values ('0000125', 'fmarvel3g', '893qidUCm3', 'Flin Marvel', 'fmarvel3g@ted.com', '8 Wayridge Hill', '+86 804 182 7476', '0001926', '0006211');
insert into CLIENTE (id, nombre_usuario, Contraseña , Nombre, Email, Direccion , Telefono , id_Institucion, id_Ocupacion) values ('0000126', 'bsmallridge3h', 'szUnxzl', 'Bary Smallridge', 'bsmallridge3h@deliciousdays.com', '5013 Charing Cross Street', '+86 430 456 0153', '0001922', '0006211');
insert into CLIENTE (id, nombre_usuario, Contraseña , Nombre, Email, Direccion , Telefono , id_Institucion, id_Ocupacion) values ('0000127', 'anegus3i', 'alyr8SPkZ', 'Anne-corinne Negus', 'anegus3i@taobao.com', '74 Blackbird Junction', '+86 520 149 7571', '0001912', '0006213');
insert into CLIENTE (id, nombre_usuario, Contraseña , Nombre, Email, Direccion , Telefono , id_Institucion, id_Ocupacion) values ('0000128', 'hroskelley3j', 'IAlVCzKO', 'Happy Roskelley', 'hroskelley3j@1und1.de', '562 Sunnyside Center', '+7 265 558 8209', '0001929', '0006211');
insert into CLIENTE (id, nombre_usuario, Contraseña , Nombre, Email, Direccion , Telefono , id_Institucion, id_Ocupacion) values ('0000129', 'cgitsham3k', '4tgbpYcpkj1', 'Cristiano Gitsham', 'cgitsham3k@example.com', '29 Hudson Hill', '+7 373 988 3953', '0001913', '0006213');
insert into CLIENTE (id, nombre_usuario, Contraseña , Nombre, Email, Direccion , Telefono , id_Institucion, id_Ocupacion) values ('0000130', 'tcoverley3l', 'vBHVZN9', 'Timmi Coverley', 'tcoverley3l@java.com', '36 Mcbride Alley', '+62 542 143 3630', '0001911', '0006214');
insert into CLIENTE (id, nombre_usuario, Contraseña , Nombre, Email, Direccion , Telefono , id_Institucion, id_Ocupacion) values ('0000131', 'aradford3m', 'j5xaeWs7', 'Albertina Radford', 'aradford3m@mapquest.com', '9598 Cherokee Place', '+1 917 946 1200', '0001910', '0006213');
insert into CLIENTE (id, nombre_usuario, Contraseña , Nombre, Email, Direccion , Telefono , id_Institucion, id_Ocupacion) values ('0000132', 'jkernoghan3n', 'RjR6yi8Le', 'Janis Kernoghan', 'jkernoghan3n@technorati.com', '8 Stoughton Lane', '+55 298 672 5811', '0001917', '0006213');
insert into CLIENTE (id, nombre_usuario, Contraseña , Nombre, Email, Direccion , Telefono , id_Institucion, id_Ocupacion) values ('0000133', 'csaundercock3o', 'jlG55T0', 'Colene Saundercock', 'csaundercock3o@biblegateway.com', '65 American Terrace', '+86 787 732 9305', '0001928', '0006211');
insert into CLIENTE (id, nombre_usuario, Contraseña , Nombre, Email, Direccion , Telefono , id_Institucion, id_Ocupacion) values ('0000134', 'kbleazard3p', 'J7YmXcA73', 'Ky Bleazard', 'kbleazard3p@newsvine.com', '6777 Lawn Center', '+507 965 275 3214', '0001925', '0006214');
insert into CLIENTE (id, nombre_usuario, Contraseña , Nombre, Email, Direccion , Telefono , id_Institucion, id_Ocupacion) values ('0000135', 'rshepperd3q', 'z18ADDFYIpN', 'Rochell Shepperd', 'rshepperd3q@dailymail.co.uk', '2382 Rowland Junction', '+58 943 246 1792', '0001916', '0006213');
insert into CLIENTE (id, nombre_usuario, Contraseña , Nombre, Email, Direccion , Telefono , id_Institucion, id_Ocupacion) values ('0000136', 'mdaborn3r', 'AKFDdpO', 'Milissent Daborn', 'mdaborn3r@fastcompany.com', '739 Gale Hill', '+81 174 388 1526', '0001922', '0006211');
insert into CLIENTE (id, nombre_usuario, Contraseña , Nombre, Email, Direccion , Telefono , id_Institucion, id_Ocupacion) values ('0000137', 'ubraidwood3s', 'QY4W5f8cZ4fW', 'Ulrike Braidwood', 'ubraidwood3s@patch.com', '2 Little Fleur Avenue', '+62 746 556 3254', '0001924', '0006211');
insert into CLIENTE (id, nombre_usuario, Contraseña , Nombre, Email, Direccion , Telefono , id_Institucion, id_Ocupacion) values ('0000138', 'hzebedee3t', 'X1gI0FEol', 'Heddi Zebedee', 'hzebedee3t@apple.com', '1 Glendale Pass', '+502 479 868 0179', '0001918', '0006211');
insert into CLIENTE (id, nombre_usuario, Contraseña , Nombre, Email, Direccion , Telefono , id_Institucion, id_Ocupacion) values ('0000139', 'holiva3u', 'SpUrAHSo', 'Hyacinth Oliva', 'holiva3u@wiley.com', '659 Emmet Park', '+48 559 996 6112', '0001921', '0006212');
insert into CLIENTE (id, nombre_usuario, Contraseña , Nombre, Email, Direccion , Telefono , id_Institucion, id_Ocupacion) values ('0000140', 'jmapston3v', 'tzntxVL', 'Jenni Mapston', 'jmapston3v@cnn.com', '79 Schmedeman Park', '+33 591 908 0213', '0001920', '0006212');
insert into CLIENTE (id, nombre_usuario, Contraseña , Nombre, Email, Direccion , Telefono , id_Institucion, id_Ocupacion) values ('0000141', 'jclynman3w', 'VVWG3q', 'Jerri Clynman', 'jclynman3w@yale.edu', '92683 Ridgeway Drive', '+92 261 766 5372', '0001928', '0006213');
insert into CLIENTE (id, nombre_usuario, Contraseña , Nombre, Email, Direccion , Telefono , id_Institucion, id_Ocupacion) values ('0000142', 'avanin3x', '1b335t2n', 'Anabella Vanin', 'avanin3x@mozilla.com', '8438 Kropf Pass', '+62 818 206 4691', '0001912', '0006214');
insert into CLIENTE (id, nombre_usuario, Contraseña , Nombre, Email, Direccion , Telefono , id_Institucion, id_Ocupacion) values ('0000143', 'lstorrock3y', 'oYsAW5rL', 'Lorant Storrock', 'lstorrock3y@com.com', '592 Grayhawk Court', '+976 524 476 6727', '0001917', '0006212');
insert into CLIENTE (id, nombre_usuario, Contraseña , Nombre, Email, Direccion , Telefono , id_Institucion, id_Ocupacion) values ('0000144', 'alamberteschi3z', 'wrYMCM', 'Aurel Lamberteschi', 'alamberteschi3z@admin.ch', '5 Pond Parkway', '+505 132 796 8062', '0001913', '0006212');
insert into CLIENTE (id, nombre_usuario, Contraseña , Nombre, Email, Direccion , Telefono , id_Institucion, id_Ocupacion) values ('0000145', 'jthunder40', 'HcXzu50NOU', 'Josephina Thunder', 'jthunder40@joomla.org', '6 Colorado Avenue', '+351 880 627 1653', '0001910', '0006211');
insert into CLIENTE (id, nombre_usuario, Contraseña , Nombre, Email, Direccion , Telefono , id_Institucion, id_Ocupacion) values ('0000146', 'aeverley41', 'mGFs0Jm8', 'Alayne Everley', 'aeverley41@google.ru', '08 Sheridan Drive', '+1 120 424 4884', '0001917', '0006213');
insert into CLIENTE (id, nombre_usuario, Contraseña , Nombre, Email, Direccion , Telefono , id_Institucion, id_Ocupacion) values ('0000147', 'tbrugh42', 'MAMYe4p8nU', 'Tate Brugh', 'tbrugh42@diigo.com', '981 Esch Plaza', '+55 388 525 7436', '0001914', '0006214');
insert into CLIENTE (id, nombre_usuario, Contraseña , Nombre, Email, Direccion , Telefono , id_Institucion, id_Ocupacion) values ('0000148', 'mjorge43', 'cd8yyJ', 'Meriel Jorge', 'mjorge43@moonfruit.com', '6 Tomscot Crossing', '+224 416 510 8010', '0001918', '0006212');
insert into CLIENTE (id, nombre_usuario, Contraseña , Nombre, Email, Direccion , Telefono , id_Institucion, id_Ocupacion) values ('0000149', 'tscobbie44', 'zvUTd5', 'Tatiania Scobbie', 'tscobbie44@ftc.gov', '9 Linden Park', '+86 324 510 6875', '0001928', '0006212');
insert into CLIENTE (id, nombre_usuario, Contraseña , Nombre, Email, Direccion , Telefono , id_Institucion, id_Ocupacion) values ('0000150', 'mfugere45', '9AsqFrodCp', 'Myles Fugere', 'mfugere45@jimdo.com', '736 Garrison Crossing', '+1 229 928 6744', '0001927', '0006212');
insert into CLIENTE (id, nombre_usuario, Contraseña , Nombre, Email, Direccion , Telefono , id_Institucion, id_Ocupacion) values ('0000151', 'cmeugens46', 'k6NI6v', 'Cy Meugens', 'cmeugens46@github.io', '6750 Schlimgen Hill', '+7 790 222 0492', '0001912', '0006212');
insert into CLIENTE (id, nombre_usuario, Contraseña , Nombre, Email, Direccion , Telefono , id_Institucion, id_Ocupacion) values ('0000152', 'lgoulborn47', 'YRnTSGJ', 'Levi Goulborn', 'lgoulborn47@toplist.cz', '6 Monica Plaza', '+976 972 827 6208', '0001929', '0006214');
insert into CLIENTE (id, nombre_usuario, Contraseña , Nombre, Email, Direccion , Telefono , id_Institucion, id_Ocupacion) values ('0000153', 'apudney48', 'tsyffU', 'Ahmed Pudney', 'apudney48@ucoz.com', '22 Butternut Way', '+62 979 242 2646', '0001924', '0006213');
insert into CLIENTE (id, nombre_usuario, Contraseña , Nombre, Email, Direccion , Telefono , id_Institucion, id_Ocupacion) values ('0000154', 'mbackhouse49', 'cwHwBnLi6', 'Marchelle Backhouse', 'mbackhouse49@accuweather.com', '31 Veith Park', '+595 843 374 7989', '0001920', '0006213');
insert into CLIENTE (id, nombre_usuario, Contraseña , Nombre, Email, Direccion , Telefono , id_Institucion, id_Ocupacion) values ('0000155', 'tsymmons4a', 'l48egjVLfdHf', 'Tabbitha Symmons', 'tsymmons4a@dailymotion.com', '36 Judy Street', '+62 216 962 6788', '0001912', '0006212');
insert into CLIENTE (id, nombre_usuario, Contraseña , Nombre, Email, Direccion , Telefono , id_Institucion, id_Ocupacion) values ('0000156', 'epoff4b', 'qVh9vv', 'Elli Poff', 'epoff4b@ycombinator.com', '79 New Castle Circle', '+33 333 588 9587', '0001924', '0006213');
insert into CLIENTE (id, nombre_usuario, Contraseña , Nombre, Email, Direccion , Telefono , id_Institucion, id_Ocupacion) values ('0000157', 'aquarless4c', 'STRucl2myHoJ', 'Adrian Quarless', 'aquarless4c@huffingtonpost.com', '122 Jana Park', '+7 323 127 3748', '0001922', '0006212');
insert into CLIENTE (id, nombre_usuario, Contraseña , Nombre, Email, Direccion , Telefono , id_Institucion, id_Ocupacion) values ('0000158', 'dglenny4d', '6vjhXowNmU', 'Dolph Glenny', 'dglenny4d@parallels.com', '62988 Harper Avenue', '+53 203 117 8960', '0001927', '0006213');
insert into CLIENTE (id, nombre_usuario, Contraseña , Nombre, Email, Direccion , Telefono , id_Institucion, id_Ocupacion) values ('0000159', 'edalessio4e', 'LSf4MEj6Z', 'Eydie D''Alessio', 'edalessio4e@ezinearticles.com', '77 Rigney Junction', '+55 973 459 0576', '0001925', '0006214');
insert into CLIENTE (id, nombre_usuario, Contraseña , Nombre, Email, Direccion , Telefono , id_Institucion, id_Ocupacion) values ('0000160', 'clorence4f', 'RsRh8M', 'Corenda Lorence', 'clorence4f@amazon.com', '24 Waxwing Avenue', '+251 888 309 5965', '0001913', '0006214');
insert into CLIENTE (id, nombre_usuario, Contraseña , Nombre, Email, Direccion , Telefono , id_Institucion, id_Ocupacion) values ('0000161', 'ikimbrey4g', 'LzEWTTd4', 'Iolanthe Kimbrey', 'ikimbrey4g@exblog.jp', '36405 Bonner Court', '+86 629 703 5001', '0001921', '0006212');
insert into CLIENTE (id, nombre_usuario, Contraseña , Nombre, Email, Direccion , Telefono , id_Institucion, id_Ocupacion) values ('0000162', 'tthreadgould4h', '0bL0292psIw', 'Trixie Threadgould', 'tthreadgould4h@tripod.com', '53768 4th Avenue', '+1 934 118 9328', '0001914', '0006213');
insert into CLIENTE (id, nombre_usuario, Contraseña , Nombre, Email, Direccion , Telefono , id_Institucion, id_Ocupacion) values ('0000163', 'wbottoner4i', 'ENwLgpR', 'Wittie Bottoner', 'wbottoner4i@fema.gov', '2905 Pond Crossing', '+86 861 179 1936', '0001929', '0006213');
insert into CLIENTE (id, nombre_usuario, Contraseña , Nombre, Email, Direccion , Telefono , id_Institucion, id_Ocupacion) values ('0000164', 'pboss4j', 'TwhWJK', 'Pooh Boss', 'pboss4j@sourceforge.net', '1 Hanson Circle', '+86 795 648 5481', '0001923', '0006214');
insert into CLIENTE (id, nombre_usuario, Contraseña , Nombre, Email, Direccion , Telefono , id_Institucion, id_Ocupacion) values ('0000165', 'osidebotham4k', 'iCVsSPz7S', 'Orelle Sidebotham', 'osidebotham4k@cdc.gov', '4 Chive Point', '+46 697 912 2799', '0001927', '0006211');
insert into CLIENTE (id, nombre_usuario, Contraseña , Nombre, Email, Direccion , Telefono , id_Institucion, id_Ocupacion) values ('0000166', 'ocorde4l', 'DAxwEREj', 'Othilia Corde', 'ocorde4l@omniture.com', '8821 Delaware Avenue', '+86 866 167 5656', '0001912', '0006211');
insert into CLIENTE (id, nombre_usuario, Contraseña , Nombre, Email, Direccion , Telefono , id_Institucion, id_Ocupacion) values ('0000167', 'turen4m', 'a0t4Q61kqn', 'Tiphany Uren', 'turen4m@devhub.com', '254 Oak Valley Avenue', '+86 342 274 4618', '0001910', '0006212');
insert into CLIENTE (id, nombre_usuario, Contraseña , Nombre, Email, Direccion , Telefono , id_Institucion, id_Ocupacion) values ('0000168', 'lde4n', '9cZ1lJfYka', 'Lori De Freitas', 'lde4n@51.la', '0 Summit Parkway', '+86 672 949 6698', '0001911', '0006211');
insert into CLIENTE (id, nombre_usuario, Contraseña , Nombre, Email, Direccion , Telefono , id_Institucion, id_Ocupacion) values ('0000169', 'ohailwood4o', 'Km7c8wC', 'Oliy Hailwood', 'ohailwood4o@miitbeian.gov.cn', '91072 Eliot Point', '+351 317 656 7491', '0001930', '0006214');
insert into CLIENTE (id, nombre_usuario, Contraseña , Nombre, Email, Direccion , Telefono , id_Institucion, id_Ocupacion) values ('0000170', 'mkellen4p', 'BlH2hZ', 'Maximilien Kellen', 'mkellen4p@woothemes.com', '3 Manufacturers Junction', '+46 480 362 0135', '0001923', '0006211');
insert into CLIENTE (id, nombre_usuario, Contraseña , Nombre, Email, Direccion , Telefono , id_Institucion, id_Ocupacion) values ('0000171', 'svallentin4q', '9PA1w1q0K', 'Sharyl Vallentin', 'svallentin4q@nytimes.com', '0 Fairview Court', '+86 926 708 0653', '0001916', '0006214');
insert into CLIENTE (id, nombre_usuario, Contraseña , Nombre, Email, Direccion , Telefono , id_Institucion, id_Ocupacion) values ('0000172', 'ifasson4r', 'WlYAVl7PJX', 'Inglebert Fasson', 'ifasson4r@phpbb.com', '9434 Laurel Parkway', '+82 363 142 5338', '0001921', '0006214');
insert into CLIENTE (id, nombre_usuario, Contraseña , Nombre, Email, Direccion , Telefono , id_Institucion, id_Ocupacion) values ('0000173', 'bmccrudden4s', 'tnpzLc', 'Babs McCrudden', 'bmccrudden4s@seesaa.net', '2609 Summit Pass', '+255 227 258 3647', '0001928', '0006211');
insert into CLIENTE (id, nombre_usuario, Contraseña , Nombre, Email, Direccion , Telefono , id_Institucion, id_Ocupacion) values ('0000174', 'gthurborn4t', '4pPhe1Lg', 'Gordan Thurborn', 'gthurborn4t@networkadvertising.org', '884 Delladonna Court', '+51 208 483 3601', '0001923', '0006212');
insert into CLIENTE (id, nombre_usuario, Contraseña , Nombre, Email, Direccion , Telefono , id_Institucion, id_Ocupacion) values ('0000175', 'tdollar4u', 'QOQNeD', 'Tally Dollar', 'tdollar4u@utexas.edu', '70786 Schmedeman Lane', '+45 123 522 8049', '0001911', '0006213');
insert into CLIENTE (id, nombre_usuario, Contraseña , Nombre, Email, Direccion , Telefono , id_Institucion, id_Ocupacion) values ('0000176', 'mrobertson4v', '9mJWZss7', 'Merell Robertson', 'mrobertson4v@symantec.com', '98515 Logan Court', '+55 986 240 5102', '0001926', '0006212');
insert into CLIENTE (id, nombre_usuario, Contraseña , Nombre, Email, Direccion , Telefono , id_Institucion, id_Ocupacion) values ('0000177', 'ljost4w', 'gFA3x9l', 'Lucian Jost', 'ljost4w@ft.com', '03987 Di Loreto Point', '+86 489 682 1417', '0001923', '0006213');
insert into CLIENTE (id, nombre_usuario, Contraseña , Nombre, Email, Direccion , Telefono , id_Institucion, id_Ocupacion) values ('0000178', 'wforbes4x', 'Le6UXg7z6R', 'Waylin Forbes', 'wforbes4x@tuttocitta.it', '66 Merchant Drive', '+86 276 236 9196', '0001923', '0006211');
insert into CLIENTE (id, nombre_usuario, Contraseña , Nombre, Email, Direccion , Telefono , id_Institucion, id_Ocupacion) values ('0000179', 'grennels4y', 'ifizwyR', 'Gearard Rennels', 'grennels4y@army.mil', '0210 Hansons Junction', '+7 836 208 9365', '0001918', '0006213');
insert into CLIENTE (id, nombre_usuario, Contraseña , Nombre, Email, Direccion , Telefono , id_Institucion, id_Ocupacion) values ('0000180', 'wle4z', '0TfDQthgd5G', 'Willette Le Leu', 'wle4z@typepad.com', '1063 Dryden Plaza', '+30 990 800 9760', '0001930', '0006212');
insert into CLIENTE (id, nombre_usuario, Contraseña , Nombre, Email, Direccion , Telefono , id_Institucion, id_Ocupacion) values ('0000181', 'jbarth50', '7uCBUYt8', 'Juan Barth', 'jbarth50@spotify.com', '953 Northview Way', '+86 469 440 7160', '0001917', '0006214');
insert into CLIENTE (id, nombre_usuario, Contraseña , Nombre, Email, Direccion , Telefono , id_Institucion, id_Ocupacion) values ('0000182', 'dborrell51', 'fITfz9o7m41L', 'Deborah Borrell', 'dborrell51@opensource.org', '2 Golf Course Lane', '+56 676 237 2474', '0001918', '0006211');
insert into CLIENTE (id, nombre_usuario, Contraseña , Nombre, Email, Direccion , Telefono , id_Institucion, id_Ocupacion) values ('0000183', 'msibylla52', '6amHap8R', 'Mei Sibylla', 'msibylla52@google.co.uk', '8 Buell Pass', '+55 690 401 4314', '0001916', '0006213');
insert into CLIENTE (id, nombre_usuario, Contraseña , Nombre, Email, Direccion , Telefono , id_Institucion, id_Ocupacion) values ('0000184', 'ldeyes53', '6bZe1rc', 'Loy Deyes', 'ldeyes53@elpais.com', '51 Nelson Trail', '+242 885 142 3730', '0001928', '0006213');
insert into CLIENTE (id, nombre_usuario, Contraseña , Nombre, Email, Direccion , Telefono , id_Institucion, id_Ocupacion) values ('0000185', 'aberridge54', '42magCz', 'Abdul Berridge', 'aberridge54@fastcompany.com', '6511 Pearson Avenue', '+1 671 392 0382', '0001924', '0006214');
insert into CLIENTE (id, nombre_usuario, Contraseña , Nombre, Email, Direccion , Telefono , id_Institucion, id_Ocupacion) values ('0000186', 'moldridge55', 'twaFJRz9g84P', 'Maryjane Oldridge', 'moldridge55@ca.gov', '45 Golden Leaf Road', '+62 751 868 8986', '0001916', '0006212');
insert into CLIENTE (id, nombre_usuario, Contraseña , Nombre, Email, Direccion , Telefono , id_Institucion, id_Ocupacion) values ('0000187', 'fconew56', 'PWLo6o', 'Ferdie Conew', 'fconew56@redcross.org', '94052 Spenser Place', '+57 119 759 6168', '0001922', '0006211');
insert into CLIENTE (id, nombre_usuario, Contraseña , Nombre, Email, Direccion , Telefono , id_Institucion, id_Ocupacion) values ('0000188', 'jvouls57', '2pzRIeYH', 'Jammal Vouls', 'jvouls57@adobe.com', '933 Elka Alley', '+62 137 360 4135', '0001921', '0006211');
insert into CLIENTE (id, nombre_usuario, Contraseña , Nombre, Email, Direccion , Telefono , id_Institucion, id_Ocupacion) values ('0000189', 'gbrearty58', 'mYIiBD', 'Gardner Brearty', 'gbrearty58@telegraph.co.uk', '2 Buell Way', '+27 772 634 9790', '0001925', '0006213');
insert into CLIENTE (id, nombre_usuario, Contraseña , Nombre, Email, Direccion , Telefono , id_Institucion, id_Ocupacion) values ('0000190', 'aedwinson59', 'LtWTvR4iaC', 'Angeline Edwinson', 'aedwinson59@ted.com', '2846 Garrison Point', '+1 970 614 6958', '0001930', '0006212');
insert into CLIENTE (id, nombre_usuario, Contraseña , Nombre, Email, Direccion , Telefono , id_Institucion, id_Ocupacion) values ('0000191', 'sfilipputti5a', '7wbCUq', 'Sadie Filipputti', 'sfilipputti5a@wufoo.com', '51331 6th Plaza', '+30 703 594 6783', '0001914', '0006214');
insert into CLIENTE (id, nombre_usuario, Contraseña , Nombre, Email, Direccion , Telefono , id_Institucion, id_Ocupacion) values ('0000192', 'mscamadine5b', 'FaIUxx', 'Marcos Scamadine', 'mscamadine5b@ebay.com', '2 Buhler Center', '+46 645 229 0155', '0001910', '0006213');
insert into CLIENTE (id, nombre_usuario, Contraseña , Nombre, Email, Direccion , Telefono , id_Institucion, id_Ocupacion) values ('0000193', 'eszimoni5c', 'whDS4t', 'Elisabet Szimoni', 'eszimoni5c@linkedin.com', '87322 Fuller Crossing', '+504 548 367 0861', '0001925', '0006213');
insert into CLIENTE (id, nombre_usuario, Contraseña , Nombre, Email, Direccion , Telefono , id_Institucion, id_Ocupacion) values ('0000194', 'snisby5d', 'FxuTVVbE4aK', 'Stanwood Nisby', 'snisby5d@bigcartel.com', '11 Quincy Junction', '+62 364 581 3308', '0001911', '0006213');
insert into CLIENTE (id, nombre_usuario, Contraseña , Nombre, Email, Direccion , Telefono , id_Institucion, id_Ocupacion) values ('0000195', 'tblockley5e', 'coSwEi5psnp', 'Tamqrah Blockley', 'tblockley5e@nydailynews.com', '15855 Brown Center', '+46 756 154 8161', '0001923', '0006211');
insert into CLIENTE (id, nombre_usuario, Contraseña , Nombre, Email, Direccion , Telefono , id_Institucion, id_Ocupacion) values ('0000196', 'dwisedale5f', '6mIn55ymUM', 'Deva Wisedale', 'dwisedale5f@ucoz.ru', '84 Carey Center', '+7 392 414 9703', '0001915', '0006212');
insert into CLIENTE (id, nombre_usuario, Contraseña , Nombre, Email, Direccion , Telefono , id_Institucion, id_Ocupacion) values ('0000197', 'bstanes5g', 'd5duRO1jPv', 'Budd Stanes', 'bstanes5g@pen.io', '7 Bartelt Alley', '+93 719 998 1288', '0001919', '0006214');
insert into CLIENTE (id, nombre_usuario, Contraseña , Nombre, Email, Direccion , Telefono , id_Institucion, id_Ocupacion) values ('0000198', 'sgiacomo5h', '4lzcJSDW', 'Sigismund Giacomo', 'sgiacomo5h@sciencedaily.com', '5 Farwell Circle', '+63 646 601 6956', '0001916', '0006214');
insert into CLIENTE (id, nombre_usuario, Contraseña , Nombre, Email, Direccion , Telefono , id_Institucion, id_Ocupacion) values ('0000199', 'rhumbee5i', 'X4aq3uZKO', 'Roselle Humbee', 'rhumbee5i@huffingtonpost.com', '820 Barnett Lane', '+62 715 423 7402', '0001921', '0006213');
insert into CLIENTE (id, nombre_usuario, Contraseña , Nombre, Email, Direccion , Telefono , id_Institucion, id_Ocupacion) values ('0000200', 'rhuelin5j', 'SseVxCi6p', 'Ranee Huelin', 'rhuelin5j@uol.com.br', '16 Northwestern Pass', '+51 242 524 7345', '0001928', '0006214');
insert into CLIENTE (id, nombre_usuario, Contraseña , Nombre, Email, Direccion , Telefono , id_Institucion, id_Ocupacion) values ('0000201', 'eayliff5k', 'aHAJTZe8tG', 'Ethe Ayliff', 'eayliff5k@usatoday.com', '89 Veith Point', '+62 657 713 2422', '0001923', '0006214');
insert into CLIENTE (id, nombre_usuario, Contraseña , Nombre, Email, Direccion , Telefono , id_Institucion, id_Ocupacion) values ('0000202', 'nveck5l', 'rr769tF', 'Nana Veck', 'nveck5l@livejournal.com', '98 Lakewood Gardens Street', '+1 503 652 4401', '0001917', '0006213');
insert into CLIENTE (id, nombre_usuario, Contraseña , Nombre, Email, Direccion , Telefono , id_Institucion, id_Ocupacion) values ('0000203', 'ggresham5m', '9GPInw1sHN', 'Greg Gresham', 'ggresham5m@tiny.cc', '7360 Toban Junction', '+7 872 832 6086', '0001920', '0006212');
insert into CLIENTE (id, nombre_usuario, Contraseña , Nombre, Email, Direccion , Telefono , id_Institucion, id_Ocupacion) values ('0000204', 'aarmin5n', '7l3HFnQOJdCh', 'Allistir Armin', 'aarmin5n@gmpg.org', '25237 Cascade Court', '+51 454 632 4643', '0001911', '0006211');
insert into CLIENTE (id, nombre_usuario, Contraseña , Nombre, Email, Direccion , Telefono , id_Institucion, id_Ocupacion) values ('0000205', 'rsnell5o', 'zZhfuIXN', 'Redd Snell', 'rsnell5o@squarespace.com', '84897 Fordem Drive', '+373 124 461 2259', '0001927', '0006212');
insert into CLIENTE (id, nombre_usuario, Contraseña , Nombre, Email, Direccion , Telefono , id_Institucion, id_Ocupacion) values ('0000206', 'rmanion5p', 'cjjL7NU', 'Rebe Manion', 'rmanion5p@cocolog-nifty.com', '333 Gulseth Street', '+351 682 358 6303', '0001927', '0006214');
insert into CLIENTE (id, nombre_usuario, Contraseña , Nombre, Email, Direccion , Telefono , id_Institucion, id_Ocupacion) values ('0000207', 'lhousbie5q', 'L8AL0zYT', 'Link Housbie', 'lhousbie5q@about.me', '47415 Loomis Road', '+86 812 443 7847', '0001928', '0006211');
insert into CLIENTE (id, nombre_usuario, Contraseña , Nombre, Email, Direccion , Telefono , id_Institucion, id_Ocupacion) values ('0000208', 'gcallender5r', 'wC5TSO', 'Gran Callender', 'gcallender5r@seesaa.net', '28643 Emmet Court', '+385 124 405 1117', '0001910', '0006212');
insert into CLIENTE (id, nombre_usuario, Contraseña , Nombre, Email, Direccion , Telefono , id_Institucion, id_Ocupacion) values ('0000209', 'pjewer5s', '4n3JfPgKTYn', 'Pate Jewer', 'pjewer5s@altervista.org', '63 Straubel Junction', '+1 436 255 9102', '0001917', '0006213');
insert into CLIENTE (id, nombre_usuario, Contraseña , Nombre, Email, Direccion , Telefono , id_Institucion, id_Ocupacion) values ('0000210', 'mcampany5t', 'RuSBtMFON', 'Matthaeus Campany', 'mcampany5t@ftc.gov', '88093 Summit Park', '+233 112 941 9595', '0001924', '0006214');
insert into CLIENTE (id, nombre_usuario, Contraseña , Nombre, Email, Direccion , Telefono , id_Institucion, id_Ocupacion) values ('0000211', 'rgilmartin5u', 'ZQ7mY2HQV', 'Rockey Gilmartin', 'rgilmartin5u@columbia.edu', '3 Eagan Park', '+86 984 706 9714', '0001914', '0006214');
insert into CLIENTE (id, nombre_usuario, Contraseña , Nombre, Email, Direccion , Telefono , id_Institucion, id_Ocupacion) values ('0000212', 'ascrivinor5v', 'alPXXQZvqBRV', 'Abbie Scrivinor', 'ascrivinor5v@ocn.ne.jp', '8083 Porter Trail', '+380 460 758 2168', '0001924', '0006212');
insert into CLIENTE (id, nombre_usuario, Contraseña , Nombre, Email, Direccion , Telefono , id_Institucion, id_Ocupacion) values ('0000213', 'kcapponeer5w', 'iY5KKbdRQ0', 'Kirstyn Capponeer', 'kcapponeer5w@ning.com', '41 Carpenter Pass', '+63 512 828 9969', '0001922', '0006213');
insert into CLIENTE (id, nombre_usuario, Contraseña , Nombre, Email, Direccion , Telefono , id_Institucion, id_Ocupacion) values ('0000214', 'vtyt5x', 'asNRtXWxGUQ', 'Verine Tyt', 'vtyt5x@studiopress.com', '84 Melvin Point', '+63 141 132 3320', '0001918', '0006214');
insert into CLIENTE (id, nombre_usuario, Contraseña , Nombre, Email, Direccion , Telefono , id_Institucion, id_Ocupacion) values ('0000215', 'reite5y', 'iiXyikV', 'Rourke Eite', 'reite5y@github.com', '99419 Talmadge Trail', '+370 568 635 4678', '0001922', '0006212');
insert into CLIENTE (id, nombre_usuario, Contraseña , Nombre, Email, Direccion , Telefono , id_Institucion, id_Ocupacion) values ('0000216', 'bfoulds5z', 'kpVHOkEASn', 'Bride Foulds', 'bfoulds5z@army.mil', '63 Havey Road', '+62 956 991 4994', '0001922', '0006211');
insert into CLIENTE (id, nombre_usuario, Contraseña , Nombre, Email, Direccion , Telefono , id_Institucion, id_Ocupacion) values ('0000217', 'ncastagnasso60', 'sxmuXj58BUOZ', 'Niccolo Castagnasso', 'ncastagnasso60@ucoz.ru', '290 Lerdahl Center', '+92 500 572 3592', '0001924', '0006212');
insert into CLIENTE (id, nombre_usuario, Contraseña , Nombre, Email, Direccion , Telefono , id_Institucion, id_Ocupacion) values ('0000218', 'jstienham61', '1JUWVSUfw', 'Jori Stienham', 'jstienham61@pagesperso-orange.fr', '0 Mariners Cove Point', '+86 425 328 4061', '0001914', '0006212');
insert into CLIENTE (id, nombre_usuario, Contraseña , Nombre, Email, Direccion , Telefono , id_Institucion, id_Ocupacion) values ('0000219', 'kales62', '67z2ows3F', 'Kiersten Ales0', 'kales62@adobe.com', '586 Dottie Park', '+63 508 192 9493', '0001919', '0006214');
insert into CLIENTE (id, nombre_usuario, Contraseña , Nombre, Email, Direccion , Telefono , id_Institucion, id_Ocupacion) values ('0000220', 'mhutchens63', 'Gao6Si6Jps', 'Maisey Hutchens', 'mhutchens63@360.cn', '20365 Forest Lane', '+502 602 497 2892', '0001924', '0006214');
insert into CLIENTE (id, nombre_usuario, Contraseña , Nombre, Email, Direccion , Telefono , id_Institucion, id_Ocupacion) values ('0000221', 'pgirod64', 'MXV5tRisUc', 'Parke Girod', 'pgirod64@weather.com', '764 Garrison Hill', '+86 931 546 5362', '0001926', '0006214');
insert into CLIENTE (id, nombre_usuario, Contraseña , Nombre, Email, Direccion , Telefono , id_Institucion, id_Ocupacion) values ('0000222', 'lhawkswood65', 'NRf2Wa', 'Lezlie Hawkswood', 'lhawkswood65@noaa.gov', '175 Spaight Plaza', '+63 894 626 1724', '0001915', '0006211');
insert into CLIENTE (id, nombre_usuario, Contraseña , Nombre, Email, Direccion , Telefono , id_Institucion, id_Ocupacion) values ('0000223', 'bklimov66', 'v9aK1f8v6PX', 'Bealle Klimov', 'bklimov66@abc.net.au', '250 Chinook Junction', '+62 694 116 4571', '0001919', '0006214');
insert into CLIENTE (id, nombre_usuario, Contraseña , Nombre, Email, Direccion , Telefono , id_Institucion, id_Ocupacion) values ('0000224', 'cagate67', '7BsFwFk0plS', 'Crissie Agate', 'cagate67@nps.gov', '871 Golf View Place', '+7 493 435 8750', '0001923', '0006213');
insert into CLIENTE (id, nombre_usuario, Contraseña , Nombre, Email, Direccion , Telefono , id_Institucion, id_Ocupacion) values ('0000225', 'jflatley68', 'x6ssEWiJAHB', 'Jodi Flatley', 'jflatley68@lulu.com', '001 Sunbrook Road', '+62 307 815 7760', '0001925', '0006214');
insert into CLIENTE (id, nombre_usuario, Contraseña , Nombre, Email, Direccion , Telefono , id_Institucion, id_Ocupacion) values ('0000226', 'mbroun69', 'sivGWQ', 'Marysa Broun', 'mbroun69@bloomberg.com', '90736 Everett Way', '+62 851 593 6025', '0001925', '0006212');
insert into CLIENTE (id, nombre_usuario, Contraseña , Nombre, Email, Direccion , Telefono , id_Institucion, id_Ocupacion) values ('0000227', 'xewbach6a', 'eTf4XytN', 'Ximenez Ewbach', 'xewbach6a@oaic.gov.au', '1984 Merry Way', '+51 203 473 4260', '0001913', '0006214');
insert into CLIENTE (id, nombre_usuario, Contraseña , Nombre, Email, Direccion , Telefono , id_Institucion, id_Ocupacion) values ('0000228', 'kmclagan6b', 'AIT6m6', 'Kippie McLagan', 'kmclagan6b@gnu.org', '94 Hoffman Trail', '+84 136 378 8155', '0001929', '0006212');
insert into CLIENTE (id, nombre_usuario, Contraseña , Nombre, Email, Direccion , Telefono , id_Institucion, id_Ocupacion) values ('0000229', 'tede6c', 's762csX0', 'Tuck Ede', 'tede6c@sina.com.cn', '3256 Reindahl Road', '+81 801 850 4184', '0001926', '0006213');
insert into CLIENTE (id, nombre_usuario, Contraseña , Nombre, Email, Direccion , Telefono , id_Institucion, id_Ocupacion) values ('0000230', 'fnaul6d', 'gYB4UsY3HRt', 'Fulvia Naul', 'fnaul6d@wsj.com', '0 Donald Point', '+62 778 269 3428', '0001922', '0006214');
insert into CLIENTE (id, nombre_usuario, Contraseña , Nombre, Email, Direccion , Telefono , id_Institucion, id_Ocupacion) values ('0000231', 'rnash6e', 'QdmM0MbMQhY', 'Robinette Nash', 'rnash6e@webmd.com', '861 Jay Lane', '+212 726 930 2151', '0001915', '0006214');
insert into CLIENTE (id, nombre_usuario, Contraseña , Nombre, Email, Direccion , Telefono , id_Institucion, id_Ocupacion) values ('0000232', 'csumsion6f', 'xoEYxCEd', 'Camile Sumsion', 'csumsion6f@sciencedaily.com', '6020 Holmberg Circle', '+63 443 109 9942', '0001921', '0006211');
insert into CLIENTE (id, nombre_usuario, Contraseña , Nombre, Email, Direccion , Telefono , id_Institucion, id_Ocupacion) values ('0000233', 'vcovill6g', 'vUhpCXr16d1W', 'Valery Covill', 'vcovill6g@mysql.com', '33 American Ash Alley', '+229 694 471 7006', '0001926', '0006211');
insert into CLIENTE (id, nombre_usuario, Contraseña , Nombre, Email, Direccion , Telefono , id_Institucion, id_Ocupacion) values ('0000234', 'wticehurst6h', '20VXUXdI', 'Wake Ticehurst', 'wticehurst6h@infoseek.co.jp', '2257 Burning Wood Terrace', '+63 379 479 3044', '0001915', '0006213');
insert into CLIENTE (id, nombre_usuario, Contraseña , Nombre, Email, Direccion , Telefono , id_Institucion, id_Ocupacion) values ('0000235', 'ccometto6i', '2AZaebtbPX', 'Caty Cometto', 'ccometto6i@opera.com', '7322 Nova Way', '+47 583 714 9847', '0001925', '0006212');
insert into CLIENTE (id, nombre_usuario, Contraseña , Nombre, Email, Direccion , Telefono , id_Institucion, id_Ocupacion) values ('0000236', 'rohannay6j', 'mINHy3', 'Royall O''Hannay', 'rohannay6j@cbslocal.com', '452 Comanche Road', '+55 377 748 5839', '0001923', '0006212');
insert into CLIENTE (id, nombre_usuario, Contraseña , Nombre, Email, Direccion , Telefono , id_Institucion, id_Ocupacion) values ('0000237', 'idecroix6k', 'zYLJnBOtmAD', 'Issi Decroix', 'idecroix6k@addtoany.com', '969 Jackson Lane', '+7 809 435 4521', '0001912', '0006211');
insert into CLIENTE (id, nombre_usuario, Contraseña , Nombre, Email, Direccion , Telefono , id_Institucion, id_Ocupacion) values ('0000238', 'aneilus6l', '1ZxYGtVdKo5R', 'Ailis Neilus', 'aneilus6l@microsoft.com', '3 Bonner Park', '+86 827 220 9599', '0001920', '0006212');
insert into CLIENTE (id, nombre_usuario, Contraseña , Nombre, Email, Direccion , Telefono , id_Institucion, id_Ocupacion) values ('0000239', 'bmiddlemass6m', 'DLxuVh7Vi', 'Bran Middlemass', 'bmiddlemass6m@tinyurl.com', '5 Crownhardt Road', '+506 264 940 0838', '0001924', '0006213');
insert into CLIENTE (id, nombre_usuario, Contraseña , Nombre, Email, Direccion , Telefono , id_Institucion, id_Ocupacion) values ('0000240', 'sbeckhurst6n', '7bMKsAeVz0', 'Sheela Beckhurst', 'sbeckhurst6n@cyberchimps.com', '2845 Annamark Alley', '+86 668 957 9957', '0001924', '0006214');
insert into CLIENTE (id, nombre_usuario, Contraseña , Nombre, Email, Direccion , Telefono , id_Institucion, id_Ocupacion) values ('0000241', 'mchatters6o', 'YRnDFG', 'Malinda Chatters', 'mchatters6o@wikispaces.com', '91861 Bartillon Trail', '+48 798 505 2930', '0001924', '0006213');
insert into CLIENTE (id, nombre_usuario, Contraseña , Nombre, Email, Direccion , Telefono , id_Institucion, id_Ocupacion) values ('0000242', 'rcarlens6p', 'm7x8myZ6bes3', 'Rhona Carlens', 'rcarlens6p@cargocollective.com', '17136 Shopko Terrace', '+254 491 981 8703', '0001916', '0006211');
insert into CLIENTE (id, nombre_usuario, Contraseña , Nombre, Email, Direccion , Telefono , id_Institucion, id_Ocupacion) values ('0000243', 'ablampey6q', 'RXf6xBjEFns7', 'Andrej Blampey', 'ablampey6q@mit.edu', '21 Transport Center', '+48 360 643 0263', '0001918', '0006213');
insert into CLIENTE (id, nombre_usuario, Contraseña , Nombre, Email, Direccion , Telefono , id_Institucion, id_Ocupacion) values ('0000244', 'jsemark6r', 'TihZp0HRaWx', 'Jeramie Semark', 'jsemark6r@networkadvertising.org', '7381 Dawn Place', '+255 214 864 2284', '0001917', '0006211');
insert into CLIENTE (id, nombre_usuario, Contraseña , Nombre, Email, Direccion , Telefono , id_Institucion, id_Ocupacion) values ('0000245', 'lkoubek6s', 'HipuuLUExK', 'Leeann Koubek', 'lkoubek6s@jalbum.net', '64 Starling Alley', '+1 275 214 0557', '0001913', '0006211');
insert into CLIENTE (id, nombre_usuario, Contraseña , Nombre, Email, Direccion , Telefono , id_Institucion, id_Ocupacion) values ('0000246', 'rmacskeaghan6t', 'QLbur7', 'Randell MacSkeaghan', 'rmacskeaghan6t@nasa.gov', '042 Hanover Road', '+86 618 835 5127', '0001924', '0006212');
insert into CLIENTE (id, nombre_usuario, Contraseña , Nombre, Email, Direccion , Telefono , id_Institucion, id_Ocupacion) values ('0000247', 'bandreu6u', 'XFwiM1iNx', 'Buddie Andreu', 'bandreu6u@wisc.edu', '02893 Kennedy Court', '+86 440 732 8049', '0001910', '0006214');
insert into CLIENTE (id, nombre_usuario, Contraseña , Nombre, Email, Direccion , Telefono , id_Institucion, id_Ocupacion) values ('0000248', 'atidbald6v', 'K5x3r86', 'Anthea Tidbald', 'atidbald6v@fotki.com', '7 Maple Lane', '+263 737 462 5463', '0001926', '0006212');
insert into CLIENTE (id, nombre_usuario, Contraseña , Nombre, Email, Direccion , Telefono , id_Institucion, id_Ocupacion) values ('0000249', 'karling6w', 'sxHTRKqGLt', 'Karlotte Arling', 'karling6w@mit.edu', '468 Bellgrove Alley', '+86 136 984 4066', '0001911', '0006212');
insert into CLIENTE (id, nombre_usuario, Contraseña , Nombre, Email, Direccion , Telefono , id_Institucion, id_Ocupacion) values ('0000250', 'awernham6x', 'gJ4pf8uP', 'Arden Wernham', 'awernham6x@pinterest.com', '65465 Ohio Circle', '+62 660 397 7218', '0001915', '0006214');
insert into CLIENTE (id, nombre_usuario, Contraseña , Nombre, Email, Direccion , Telefono , id_Institucion, id_Ocupacion) values ('0000251', 'abradnock6y', 'u4csqo', 'Agace Bradnock', 'abradnock6y@yale.edu', '3097 Waubesa Parkway', '+86 293 981 6928', '0001925', '0006213');
insert into CLIENTE (id, nombre_usuario, Contraseña , Nombre, Email, Direccion , Telefono , id_Institucion, id_Ocupacion) values ('0000252', 'bhazart6z', 'WVVan5dGc', 'Bridie Hazart', 'bhazart6z@themeforest.net', '00058 Mcbride Place', '+86 181 204 1297', '0001920', '0006211');
insert into CLIENTE (id, nombre_usuario, Contraseña , Nombre, Email, Direccion , Telefono , id_Institucion, id_Ocupacion) values ('0000253', 'rlevet70', 'bXwD62FS4jpW', 'Rudiger Levet', 'rlevet70@prlog.org', '41 Jenna Parkway', '+691 151 714 3016', '0001919', '0006211');
insert into CLIENTE (id, nombre_usuario, Contraseña , Nombre, Email, Direccion , Telefono , id_Institucion, id_Ocupacion) values ('0000254', 'alambole71', 'c471FVlL', 'Aleda Lambole', 'alambole71@domainmarket.com', '5713 Manitowish Park', '+7 184 178 6606', '0001927', '0006212');
insert into CLIENTE (id, nombre_usuario, Contraseña , Nombre, Email, Direccion , Telefono , id_Institucion, id_Ocupacion) values ('0000255', 'lbeggi72', 'QoIDsHEBA', 'Lonny Beggi', 'lbeggi72@indiegogo.com', '274 Sauthoff Road', '+251 481 167 5547', '0001920', '0006213');
insert into CLIENTE (id, nombre_usuario, Contraseña , Nombre, Email, Direccion , Telefono , id_Institucion, id_Ocupacion) values ('0000256', 'pbladge73', 'Mk1KpdsBE2', 'Pooh Bladge', 'pbladge73@unesco.org', '7 Kim Hill', '+7 827 613 1209', '0001914', '0006211');
insert into CLIENTE (id, nombre_usuario, Contraseña , Nombre, Email, Direccion , Telefono , id_Institucion, id_Ocupacion) values ('0000257', 'rbutterly74', 'nFTHXC', 'Reese Butterly', 'rbutterly74@gizmodo.com', '8 Barby Parkway', '+86 919 314 6166', '0001920', '0006212');
insert into CLIENTE (id, nombre_usuario, Contraseña , Nombre, Email, Direccion , Telefono , id_Institucion, id_Ocupacion) values ('0000258', 'hchamperlen75', 'pxnf47YU', 'Holden Champerlen', 'hchamperlen75@cisco.com', '1748 Quincy Trail', '+55 785 180 9343', '0001921', '0006213');
insert into CLIENTE (id, nombre_usuario, Contraseña , Nombre, Email, Direccion , Telefono , id_Institucion, id_Ocupacion) values ('0000259', 'khoodspeth76', 'JvODYS4', 'Karon Hoodspeth', 'khoodspeth76@ucla.edu', '9 Northview Lane', '+44 184 606 0296', '0001915', '0006214');
insert into CLIENTE (id, nombre_usuario, Contraseña , Nombre, Email, Direccion , Telefono , id_Institucion, id_Ocupacion) values ('0000260', 'nredmile77', 'oGhk3S1liDx', 'Nadia Redmile', 'nredmile77@japanpost.jp', '58049 Continental Center', '+62 599 705 9765', '0001913', '0006212');
insert into CLIENTE (id, nombre_usuario, Contraseña , Nombre, Email, Direccion , Telefono , id_Institucion, id_Ocupacion) values ('0000261', 'lmcalister78', 'XkYWhoqK', 'Libby McAlister', 'lmcalister78@amazon.de', '5210 Ludington Avenue', '+381 289 988 8806', '0001918', '0006212');
insert into CLIENTE (id, nombre_usuario, Contraseña , Nombre, Email, Direccion , Telefono , id_Institucion, id_Ocupacion) values ('0000262', 'gskilbeck79', 'lnEzXT2FSz', 'Genevra Skilbeck', 'gskilbeck79@utexas.edu', '025 Dexter Way', '+1 244 328 2555', '0001930', '0006213');
insert into CLIENTE (id, nombre_usuario, Contraseña , Nombre, Email, Direccion , Telefono , id_Institucion, id_Ocupacion) values ('0000263', 'twellan7a', '0MCo0hf', 'Talia Wellan', 'twellan7a@studiopress.com', '51 Rieder Center', '+86 509 513 0168', '0001912', '0006214');
insert into CLIENTE (id, nombre_usuario, Contraseña , Nombre, Email, Direccion , Telefono , id_Institucion, id_Ocupacion) values ('0000264', 'abandiera7b', 'btcQskVyW', 'Amitie Bandiera', 'abandiera7b@reference.com', '4 Dakota Point', '+7 446 323 3446', '0001913', '0006212');
insert into CLIENTE (id, nombre_usuario, Contraseña , Nombre, Email, Direccion , Telefono , id_Institucion, id_Ocupacion) values ('0000265', 'jivanovic7c', 'k5ugQUf', 'Joana Ivanovic', 'jivanovic7c@forbes.com', '0 Bartelt Hill', '+967 814 680 5672', '0001922', '0006213');
insert into CLIENTE (id, nombre_usuario, Contraseña , Nombre, Email, Direccion , Telefono , id_Institucion, id_Ocupacion) values ('0000266', 'agentile7d', 'RwKJ4SQA2', 'Artemas Gentile', 'agentile7d@comcast.net', '6 Larry Circle', '+47 211 290 6337', '0001912', '0006212');
insert into CLIENTE (id, nombre_usuario, Contraseña , Nombre, Email, Direccion , Telefono , id_Institucion, id_Ocupacion) values ('0000267', 'atincombe7e', 'ASE9SdDj0Ls', 'Abbey Tincombe', 'atincombe7e@vkontakte.ru', '99753 Tennessee Pass', '+7 661 772 1314', '0001926', '0006211');
insert into CLIENTE (id, nombre_usuario, Contraseña , Nombre, Email, Direccion , Telefono , id_Institucion, id_Ocupacion) values ('0000268', 'lhabert7f', 'tVM1VfQ', 'Lucie Habert', 'lhabert7f@tuttocitta.it', '9 Sycamore Point', '+62 411 588 7407', '0001929', '0006212');
insert into CLIENTE (id, nombre_usuario, Contraseña , Nombre, Email, Direccion , Telefono , id_Institucion, id_Ocupacion) values ('0000269', 'fgoldsack7g', 'd5tA90Pf6', 'Felicio Goldsack', 'fgoldsack7g@posterous.com', '48087 Main Junction', '+62 168 931 9061', '0001928', '0006211');
insert into CLIENTE (id, nombre_usuario, Contraseña , Nombre, Email, Direccion , Telefono , id_Institucion, id_Ocupacion) values ('0000270', 'etrittam7h', 's50J3RpXHDf8', 'Eustace Trittam', 'etrittam7h@nbcnews.com', '118 Pine View Park', '+86 803 116 2004', '0001927', '0006213');
insert into CLIENTE (id, nombre_usuario, Contraseña , Nombre, Email, Direccion , Telefono , id_Institucion, id_Ocupacion) values ('0000271', 'eclevely7i', 'S0lJZ86DmRVF', 'Ennis Clevely', 'eclevely7i@vinaora.com', '3345 Main Junction', '+7 451 921 6979', '0001921', '0006211');
insert into CLIENTE (id, nombre_usuario, Contraseña , Nombre, Email, Direccion , Telefono , id_Institucion, id_Ocupacion) values ('0000272', 'bbustard7j', '9BVbqU', 'Bogart Bustard', 'bbustard7j@symantec.com', '6049 Red Cloud Plaza', '+7 112 226 8074', '0001928', '0006213');
insert into CLIENTE (id, nombre_usuario, Contraseña , Nombre, Email, Direccion , Telefono , id_Institucion, id_Ocupacion) values ('0000273', 'givimey7k', 'uFqYxADA', 'Gifford Ivimey', 'givimey7k@flavors.me', '0 Chinook Avenue', '+380 635 207 8937', '0001923', '0006211');
insert into CLIENTE (id, nombre_usuario, Contraseña , Nombre, Email, Direccion , Telefono , id_Institucion, id_Ocupacion) values ('0000274', 'fdi7l', '2h4Z4G56Gi', 'Fallon Di Napoli', 'fdi7l@samsung.com', '16518 Colorado Center', '+55 719 406 5760', '0001920', '0006211');
insert into CLIENTE (id, nombre_usuario, Contraseña , Nombre, Email, Direccion , Telefono , id_Institucion, id_Ocupacion) values ('0000275', 'tgass7m', 'yvcchr', 'Thatcher Gass', 'tgass7m@nyu.edu', '531 Forest Run Plaza', '+62 136 195 4603', '0001910', '0006214');
insert into CLIENTE (id, nombre_usuario, Contraseña , Nombre, Email, Direccion , Telefono , id_Institucion, id_Ocupacion) values ('0000276', 'rmaving7n', 'x4QcHT38t', 'Reece Maving', 'rmaving7n@topsy.com', '18030 International Way', '+380 901 529 0005', '0001927', '0006212');
insert into CLIENTE (id, nombre_usuario, Contraseña , Nombre, Email, Direccion , Telefono , id_Institucion, id_Ocupacion) values ('0000277', 'hclapston7o', 'MrhmLTQ', 'Hazlett Clapston', 'hclapston7o@linkedin.com', '61 Orin Center', '+62 165 304 5288', '0001918', '0006214');
insert into CLIENTE (id, nombre_usuario, Contraseña , Nombre, Email, Direccion , Telefono , id_Institucion, id_Ocupacion) values ('0000278', 'lthomasset7p', '9X3tSzFfVro', 'Larina Thomasset', 'lthomasset7p@usa.gov', '0 Katie Terrace', '+81 685 735 5830', '0001925', '0006214');
insert into CLIENTE (id, nombre_usuario, Contraseña , Nombre, Email, Direccion , Telefono , id_Institucion, id_Ocupacion) values ('0000279', 'jlicquorish7q', 'apkHPVqNW2eJ', 'Jane Licquorish', 'jlicquorish7q@ox.ac.uk', '962 Sherman Crossing', '+31 959 290 2427', '0001923', '0006214');
insert into CLIENTE (id, nombre_usuario, Contraseña , Nombre, Email, Direccion , Telefono , id_Institucion, id_Ocupacion) values ('0000280', 'favery7r', 'R8jhBzoFcny', 'Frank Avery', 'favery7r@paginegialle.it', '082 Armistice Lane', '+355 252 237 0885', '0001928', '0006214');
insert into CLIENTE (id, nombre_usuario, Contraseña , Nombre, Email, Direccion , Telefono , id_Institucion, id_Ocupacion) values ('0000281', 'acharleston7s', 'VxSGBIqJa', 'Ailee Charleston', 'acharleston7s@skyrock.com', '341 Clyde Gallagher Circle', '+93 163 449 7066', '0001919', '0006211');
insert into CLIENTE (id, nombre_usuario, Contraseña , Nombre, Email, Direccion , Telefono , id_Institucion, id_Ocupacion) values ('0000282', 'nswatradge7t', 'w77JfxOB4qGv', 'Nicolis Swatradge', 'nswatradge7t@yandex.ru', '520 Portage Circle', '+30 963 811 8230', '0001927', '0006212');
insert into CLIENTE (id, nombre_usuario, Contraseña , Nombre, Email, Direccion , Telefono , id_Institucion, id_Ocupacion) values ('0000283', 'akelinge7u', 'nyR1jEcio', 'Antonino Kelinge', 'akelinge7u@cpanel.net', '15457 Ridge Oak Road', '+55 825 153 1806', '0001912', '0006213');
insert into CLIENTE (id, nombre_usuario, Contraseña , Nombre, Email, Direccion , Telefono , id_Institucion, id_Ocupacion) values ('0000284', 'cdericut7v', 'pgLGy6UW', 'Carree Dericut', 'cdericut7v@google.ca', '80853 Texas Drive', '+55 851 690 0443', '0001914', '0006211');
insert into CLIENTE (id, nombre_usuario, Contraseña , Nombre, Email, Direccion , Telefono , id_Institucion, id_Ocupacion) values ('0000285', 'rsimononsky7w', 'FaSvnSv', 'Ryun Simononsky', 'rsimononsky7w@ask.com', '60857 Garrison Way', '+30 142 289 4504', '0001927', '0006211');
insert into CLIENTE (id, nombre_usuario, Contraseña , Nombre, Email, Direccion , Telefono , id_Institucion, id_Ocupacion) values ('0000286', 'gprecious7x', 'hHP7kv', 'Garfield Precious', 'gprecious7x@jugem.jp', '5782 Westridge Lane', '+86 854 892 1752', '0001913', '0006212');
insert into CLIENTE (id, nombre_usuario, Contraseña , Nombre, Email, Direccion , Telefono , id_Institucion, id_Ocupacion) values ('0000287', 'mmartinello7y', 'a09jIIvklEo', 'Mikkel Martinello', 'mmartinello7y@myspace.com', '7274 Huxley Park', '+55 747 206 8665', '0001929', '0006212');
insert into CLIENTE (id, nombre_usuario, Contraseña , Nombre, Email, Direccion , Telefono , id_Institucion, id_Ocupacion) values ('0000288', 'gheater7z', 'esjxTL', 'Ginger Heater', 'gheater7z@washingtonpost.com', '28 Loftsgordon Alley', '+86 536 810 5388', '0001919', '0006213');
insert into CLIENTE (id, nombre_usuario, Contraseña , Nombre, Email, Direccion , Telefono , id_Institucion, id_Ocupacion) values ('0000289', 'tgeard80', 'dmMVxPg7C', 'Tracy Geard', 'tgeard80@cnet.com', '3024 Barnett Avenue', '+81 909 212 1180', '0001921', '0006213');
insert into CLIENTE (id, nombre_usuario, Contraseña , Nombre, Email, Direccion , Telefono , id_Institucion, id_Ocupacion) values ('0000290', 'cupchurch81', 'dIqJHsSY9', 'Cristi Upchurch', 'cupchurch81@nasa.gov', '7023 North Way', '+81 426 419 0452', '0001911', '0006212');
insert into CLIENTE (id, nombre_usuario, Contraseña , Nombre, Email, Direccion , Telefono , id_Institucion, id_Ocupacion) values ('0000291', 'afoord82', 'lGBHI18Kh2', 'Athene Foord', 'afoord82@ft.com', '58 Corben Drive', '+7 699 492 3193', '0001911', '0006211');
insert into CLIENTE (id, nombre_usuario, Contraseña , Nombre, Email, Direccion , Telefono , id_Institucion, id_Ocupacion) values ('0000292', 'ewhellans83', 'ecvB2MMvY', 'Eldredge Whellans', 'ewhellans83@geocities.jp', '5042 Cordelia Alley', '+54 738 225 6799', '0001930', '0006214');
insert into CLIENTE (id, nombre_usuario, Contraseña , Nombre, Email, Direccion , Telefono , id_Institucion, id_Ocupacion) values ('0000293', 'pcowderay84', 'perFwfa6sM', 'Papagena Cowderay', 'pcowderay84@gov.uk', '07081 Elmside Way', '+63 901 558 0252', '0001929', '0006214');
insert into CLIENTE (id, nombre_usuario, Contraseña , Nombre, Email, Direccion , Telefono , id_Institucion, id_Ocupacion) values ('0000294', 'kgilpillan85', 'OLSkWd', 'Karlee Gilpillan', 'kgilpillan85@ning.com', '510 Duke Pass', '+30 190 211 2853', '0001926', '0006214');
insert into CLIENTE (id, nombre_usuario, Contraseña , Nombre, Email, Direccion , Telefono , id_Institucion, id_Ocupacion) values ('0000295', 'pfuzzard86', 'JfQ9LDS', 'Paolo Fuzzard', 'pfuzzard86@shareasale.com', '41 Algoma Court', '+62 185 340 3410', '0001921', '0006212');
insert into CLIENTE (id, nombre_usuario, Contraseña , Nombre, Email, Direccion , Telefono , id_Institucion, id_Ocupacion) values ('0000296', 'dkleinerman87', '4EnJoTKh', 'Davey Kleinerman', 'dkleinerman87@ibm.com', '3 Oak Valley Lane', '+359 607 375 6655', '0001910', '0006214');
insert into CLIENTE (id, nombre_usuario, Contraseña , Nombre, Email, Direccion , Telefono , id_Institucion, id_Ocupacion) values ('0000297', 'mleavold88', 'ozrHwvJ', 'Mariette Leavold', 'mleavold88@home.pl', '62 Anderson Pass', '+381 237 961 6437', '0001920', '0006213');
insert into CLIENTE (id, nombre_usuario, Contraseña , Nombre, Email, Direccion , Telefono , id_Institucion, id_Ocupacion) values ('0000298', 'bmowett89', 'llnPOhxJa9', 'Beverie Mowett', 'bmowett89@amazon.co.jp', '167 Hoepker Place', '+66 462 769 2629', '0001912', '0006211');
insert into CLIENTE (id, nombre_usuario, Contraseña , Nombre, Email, Direccion , Telefono , id_Institucion, id_Ocupacion) values ('0000299', 'bscaysbrook8a', 'g1F7E9HPD04', 'Blythe Scaysbrook', 'bscaysbrook8a@ftc.gov', '1 Luster Court', '+960 511 466 9317', '0001930', '0006211');
insert into CLIENTE (id, nombre_usuario, Contraseña , Nombre, Email, Direccion , Telefono , id_Institucion, id_Ocupacion) values ('0000300', 'nfurney8b', 'bgTWh6kNrTI', 'Niles Furney', 'nfurney8b@prlog.org', '790 Pleasure Court', '+244 190 326 8690', '0001910', '0006213');

GO

insert into PRESTAMO (fecha_prestamo, fecha_devolucion, id_ejemplar, id_cliente) values (CONVERT (DATE,'24/03/2022',103), CONVERT (DATE,'06/10/2022',103), '022471LB', '0000239');
insert into PRESTAMO (fecha_prestamo, fecha_devolucion, id_ejemplar, id_cliente) values (CONVERT (DATE,'09/08/2021',103), CONVERT (DATE,'08/02/2023',103), '022372LB', '0000272');
insert into PRESTAMO (fecha_prestamo, fecha_devolucion, id_ejemplar, id_cliente) values (CONVERT (DATE,'22/06/2022',103), CONVERT (DATE,'29/12/2022',103), '022434LB', '0000130');
insert into PRESTAMO (fecha_prestamo, fecha_devolucion, id_ejemplar, id_cliente) values (CONVERT (DATE,'30/03/2022',103), CONVERT (DATE,'18/05/2023',103), '022462LB', '0000249');
insert into PRESTAMO (fecha_prestamo, fecha_devolucion, id_ejemplar, id_cliente) values (CONVERT (DATE,'25/12/2021',103), CONVERT (DATE,'25/06/2022',103), '022250LB', '0000172');
insert into PRESTAMO (fecha_prestamo, fecha_devolucion, id_ejemplar, id_cliente) values (CONVERT (DATE,'12/05/2022',103), CONVERT (DATE,'14/10/2022',103), '022435LB', '0000199');
insert into PRESTAMO (fecha_prestamo, fecha_devolucion, id_ejemplar, id_cliente) values (CONVERT (DATE,'20/06/2022',103), CONVERT (DATE,'01/09/2022',103), '022491LB', '0000120');
insert into PRESTAMO (fecha_prestamo, fecha_devolucion, id_ejemplar, id_cliente) values (CONVERT (DATE,'10/01/2022',103), CONVERT (DATE,'08/02/2023',103), '022171LB', '0000290');
insert into PRESTAMO (fecha_prestamo, fecha_devolucion, id_ejemplar, id_cliente) values (CONVERT (DATE,'12/05/2022',103), CONVERT (DATE,'22/10/2022',103), '022419LB', '0000238');
insert into PRESTAMO (fecha_prestamo, fecha_devolucion, id_ejemplar, id_cliente) values (CONVERT (DATE,'03/07/2021',103), CONVERT (DATE,'05/07/2022',103), '022140LB', '0000137');
insert into PRESTAMO (fecha_prestamo, fecha_devolucion, id_ejemplar, id_cliente) values (CONVERT (DATE,'11/10/2021',103), CONVERT (DATE,'02/05/2023',103), '022309LB', '0000205');
insert into PRESTAMO (fecha_prestamo, fecha_devolucion, id_ejemplar, id_cliente) values (CONVERT (DATE,'13/03/2022',103), CONVERT (DATE,'22/09/2022',103), '022540LB', '0000209');
insert into PRESTAMO (fecha_prestamo, fecha_devolucion, id_ejemplar, id_cliente) values (CONVERT (DATE,'09/03/2022',103), CONVERT (DATE,'09/07/2022',103), '022368LB', '0000212');
insert into PRESTAMO (fecha_prestamo, fecha_devolucion, id_ejemplar, id_cliente) values (CONVERT (DATE,'21/07/2021',103), CONVERT (DATE,'11/01/2023',103), '022421LB', '0000226');
insert into PRESTAMO (fecha_prestamo, fecha_devolucion, id_ejemplar, id_cliente) values (CONVERT (DATE,'20/04/2022',103), CONVERT (DATE,'20/02/2023',103), '022289LB', '0000151');
insert into PRESTAMO (fecha_prestamo, fecha_devolucion, id_ejemplar, id_cliente) values (CONVERT (DATE,'03/01/2022',103), CONVERT (DATE,'07/03/2023',103), '022521LB', '0000161');
insert into PRESTAMO (fecha_prestamo, fecha_devolucion, id_ejemplar, id_cliente) values (CONVERT (DATE,'19/02/2022',103), CONVERT (DATE,'29/11/2022',103), '022328LB', '0000108');
insert into PRESTAMO (fecha_prestamo, fecha_devolucion, id_ejemplar, id_cliente) values (CONVERT (DATE,'04/10/2021',103), CONVERT (DATE,'20/01/2023',103), '022346LB', '0000220');
insert into PRESTAMO (fecha_prestamo, fecha_devolucion, id_ejemplar, id_cliente) values (CONVERT (DATE,'25/01/2022',103), CONVERT (DATE,'20/01/2023',103), '022399LB', '0000270');
insert into PRESTAMO (fecha_prestamo, fecha_devolucion, id_ejemplar, id_cliente) values (CONVERT (DATE,'05/06/2022',103), CONVERT (DATE,'28/01/2023',103), '022580LB', '0000276');
insert into PRESTAMO (fecha_prestamo, fecha_devolucion, id_ejemplar, id_cliente) values (CONVERT (DATE,'01/01/2022',103), CONVERT (DATE,'04/07/2022',103), '022532LB', '0000108');
insert into PRESTAMO (fecha_prestamo, fecha_devolucion, id_ejemplar, id_cliente) values (CONVERT (DATE,'23/11/2021',103), CONVERT (DATE,'05/01/2023',103), '022466LB', '0000228');
insert into PRESTAMO (fecha_prestamo, fecha_devolucion, id_ejemplar, id_cliente) values (CONVERT (DATE,'17/12/2021',103), CONVERT (DATE,'26/01/2023',103), '022157LB', '0000100');
insert into PRESTAMO (fecha_prestamo, fecha_devolucion, id_ejemplar, id_cliente) values (CONVERT (DATE,'08/06/2022',103), CONVERT (DATE,'25/10/2022',103), '022435LB', '0000165');
insert into PRESTAMO (fecha_prestamo, fecha_devolucion, id_ejemplar, id_cliente) values (CONVERT (DATE,'08/07/2021',103), CONVERT (DATE,'12/05/2023',103), '022546LB', '0000117');
insert into PRESTAMO (fecha_prestamo, fecha_devolucion, id_ejemplar, id_cliente) values (CONVERT (DATE,'15/08/2021',103), CONVERT (DATE,'22/08/2022',103), '022285LB', '0000298');
insert into PRESTAMO (fecha_prestamo, fecha_devolucion, id_ejemplar, id_cliente) values (CONVERT (DATE,'01/06/2022',103), CONVERT (DATE,'20/10/2022',103), '022482LB', '0000222');
insert into PRESTAMO (fecha_prestamo, fecha_devolucion, id_ejemplar, id_cliente) values (CONVERT (DATE,'26/06/2021',103), CONVERT (DATE,'03/10/2022',103), '022235LB', '0000256');
insert into PRESTAMO (fecha_prestamo, fecha_devolucion, id_ejemplar, id_cliente) values (CONVERT (DATE,'30/06/2021',103), CONVERT (DATE,'28/10/2022',103), '022541LB', '0000268');
insert into PRESTAMO (fecha_prestamo, fecha_devolucion, id_ejemplar, id_cliente) values (CONVERT (DATE,'24/10/2021',103), CONVERT (DATE,'01/11/2022',103), '022359LB', '0000179');
insert into PRESTAMO (fecha_prestamo, fecha_devolucion, id_ejemplar, id_cliente) values (CONVERT (DATE,'20/11/2021',103), CONVERT (DATE,'23/11/2022',103), '022191LB', '0000282');
insert into PRESTAMO (fecha_prestamo, fecha_devolucion, id_ejemplar, id_cliente) values (CONVERT (DATE,'02/02/2022',103), CONVERT (DATE,'01/09/2022',103), '022494LB', '0000285');
insert into PRESTAMO (fecha_prestamo, fecha_devolucion, id_ejemplar, id_cliente) values (CONVERT (DATE,'03/06/2022',103), CONVERT (DATE,'11/12/2022',103), '022190LB', '0000188');
insert into PRESTAMO (fecha_prestamo, fecha_devolucion, id_ejemplar, id_cliente) values (CONVERT (DATE,'11/02/2022',103), CONVERT (DATE,'17/10/2022',103), '022550LB', '0000194');
insert into PRESTAMO (fecha_prestamo, fecha_devolucion, id_ejemplar, id_cliente) values (CONVERT (DATE,'08/03/2022',103), CONVERT (DATE,'19/10/2022',103), '022307LB', '0000256');
insert into PRESTAMO (fecha_prestamo, fecha_devolucion, id_ejemplar, id_cliente) values (CONVERT (DATE,'30/07/2021',103), CONVERT (DATE,'21/09/2022',103), '022259LB', '0000114');
insert into PRESTAMO (fecha_prestamo, fecha_devolucion, id_ejemplar, id_cliente) values (CONVERT (DATE,'15/08/2021',103), CONVERT (DATE,'01/09/2022',103), '022584LB', '0000246');
insert into PRESTAMO (fecha_prestamo, fecha_devolucion, id_ejemplar, id_cliente) values (CONVERT (DATE,'21/08/2021',103), CONVERT (DATE,'10/10/2022',103), '022352LB', '0000236');
insert into PRESTAMO (fecha_prestamo, fecha_devolucion, id_ejemplar, id_cliente) values (CONVERT (DATE,'03/10/2021',103), CONVERT (DATE,'03/10/2022',103), '022553LB', '0000125');
insert into PRESTAMO (fecha_prestamo, fecha_devolucion, id_ejemplar, id_cliente) values (CONVERT (DATE,'27/08/2021',103), CONVERT (DATE,'10/12/2022',103), '022364LB', '0000167');
insert into PRESTAMO (fecha_prestamo, fecha_devolucion, id_ejemplar, id_cliente) values (CONVERT (DATE,'06/05/2022',103), CONVERT (DATE,'29/05/2023',103), '022446LB', '0000193');
insert into PRESTAMO (fecha_prestamo, fecha_devolucion, id_ejemplar, id_cliente) values (CONVERT (DATE,'21/04/2022',103), CONVERT (DATE,'10/08/2022',103), '022512LB', '0000167');
insert into PRESTAMO (fecha_prestamo, fecha_devolucion, id_ejemplar, id_cliente) values (CONVERT (DATE,'26/11/2021',103), CONVERT (DATE,'10/05/2023',103), '022224LB', '0000114');
insert into PRESTAMO (fecha_prestamo, fecha_devolucion, id_ejemplar, id_cliente) values (CONVERT (DATE,'06/02/2022',103), CONVERT (DATE,'15/02/2023',103), '022321LB', '0000203');
insert into PRESTAMO (fecha_prestamo, fecha_devolucion, id_ejemplar, id_cliente) values (CONVERT (DATE,'03/10/2021',103), CONVERT (DATE,'15/07/2022',103), '022169LB', '0000173');
insert into PRESTAMO (fecha_prestamo, fecha_devolucion, id_ejemplar, id_cliente) values (CONVERT (DATE,'28/06/2021',103), CONVERT (DATE,'17/06/2023',103), '022402LB', '0000130');
insert into PRESTAMO (fecha_prestamo, fecha_devolucion, id_ejemplar, id_cliente) values (CONVERT (DATE,'28/07/2021',103), CONVERT (DATE,'04/12/2022',103), '022363LB', '0000159');
insert into PRESTAMO (fecha_prestamo, fecha_devolucion, id_ejemplar, id_cliente) values (CONVERT (DATE,'25/12/2021',103), CONVERT (DATE,'13/05/2023',103), '022485LB', '0000277');
insert into PRESTAMO (fecha_prestamo, fecha_devolucion, id_ejemplar, id_cliente) values (CONVERT (DATE,'25/12/2021',103), CONVERT (DATE,'13/10/2022',103), '022122LB', '0000168');
insert into PRESTAMO (fecha_prestamo, fecha_devolucion, id_ejemplar, id_cliente) values (CONVERT (DATE,'21/03/2022',103), CONVERT (DATE,'10/01/2023',103), '022468LB', '0000115');
insert into PRESTAMO (fecha_prestamo, fecha_devolucion, id_ejemplar, id_cliente) values (CONVERT (DATE,'14/12/2021',103), CONVERT (DATE,'27/07/2022',103), '022325LB', '0000205');
insert into PRESTAMO (fecha_prestamo, fecha_devolucion, id_ejemplar, id_cliente) values (CONVERT (DATE,'02/11/2021',103), CONVERT (DATE,'31/08/2022',103), '022437LB', '0000181');
insert into PRESTAMO (fecha_prestamo, fecha_devolucion, id_ejemplar, id_cliente) values (CONVERT (DATE,'22/06/2022',103), CONVERT (DATE,'08/07/2022',103), '022191LB', '0000129');
insert into PRESTAMO (fecha_prestamo, fecha_devolucion, id_ejemplar, id_cliente) values (CONVERT (DATE,'27/11/2021',103), CONVERT (DATE,'12/02/2023',103), '022516LB', '0000268');
insert into PRESTAMO (fecha_prestamo, fecha_devolucion, id_ejemplar, id_cliente) values (CONVERT (DATE,'22/09/2021',103), CONVERT (DATE,'16/12/2022',103), '022172LB', '0000232');
insert into PRESTAMO (fecha_prestamo, fecha_devolucion, id_ejemplar, id_cliente) values (CONVERT (DATE,'02/11/2021',103), CONVERT (DATE,'27/12/2022',103), '022442LB', '0000178');
insert into PRESTAMO (fecha_prestamo, fecha_devolucion, id_ejemplar, id_cliente) values (CONVERT (DATE,'06/06/2022',103), CONVERT (DATE,'11/08/2022',103), '022231LB', '0000200');
insert into PRESTAMO (fecha_prestamo, fecha_devolucion, id_ejemplar, id_cliente) values (CONVERT (DATE,'04/06/2022',103), CONVERT (DATE,'13/10/2022',103), '022429LB', '0000237');
insert into PRESTAMO (fecha_prestamo, fecha_devolucion, id_ejemplar, id_cliente) values (CONVERT (DATE,'02/12/2021',103), CONVERT (DATE,'18/08/2022',103), '022379LB', '0000146');
insert into PRESTAMO (fecha_prestamo, fecha_devolucion, id_ejemplar, id_cliente) values (CONVERT (DATE,'11/06/2022',103), CONVERT (DATE,'26/05/2023',103), '022126LB', '0000215');
insert into PRESTAMO (fecha_prestamo, fecha_devolucion, id_ejemplar, id_cliente) values (CONVERT (DATE,'24/10/2021',103), CONVERT (DATE,'08/09/2022',103), '022281LB', '0000285');
insert into PRESTAMO (fecha_prestamo, fecha_devolucion, id_ejemplar, id_cliente) values (CONVERT (DATE,'19/08/2021',103), CONVERT (DATE,'07/02/2023',103), '022479LB', '0000208');
insert into PRESTAMO (fecha_prestamo, fecha_devolucion, id_ejemplar, id_cliente) values (CONVERT (DATE,'04/03/2022',103), CONVERT (DATE,'15/12/2022',103), '022167LB', '0000217');
insert into PRESTAMO (fecha_prestamo, fecha_devolucion, id_ejemplar, id_cliente) values (CONVERT (DATE,'26/06/2021',103), CONVERT (DATE,'13/04/2023',103), '022596LB', '0000296');
insert into PRESTAMO (fecha_prestamo, fecha_devolucion, id_ejemplar, id_cliente) values (CONVERT (DATE,'23/02/2022',103), CONVERT (DATE,'16/07/2022',103), '022578LB', '0000295');
insert into PRESTAMO (fecha_prestamo, fecha_devolucion, id_ejemplar, id_cliente) values (CONVERT (DATE,'10/09/2021',103), CONVERT (DATE,'27/04/2023',103), '022421LB', '0000188');
insert into PRESTAMO (fecha_prestamo, fecha_devolucion, id_ejemplar, id_cliente) values (CONVERT (DATE,'23/11/2021',103), CONVERT (DATE,'04/05/2023',103), '022179LB', '0000162');
insert into PRESTAMO (fecha_prestamo, fecha_devolucion, id_ejemplar, id_cliente) values (CONVERT (DATE,'03/03/2022',103), CONVERT (DATE,'17/01/2023',103), '022551LB', '0000276');
insert into PRESTAMO (fecha_prestamo, fecha_devolucion, id_ejemplar, id_cliente) values (CONVERT (DATE,'16/06/2022',103), CONVERT (DATE,'20/09/2022',103), '022466LB', '0000298');
insert into PRESTAMO (fecha_prestamo, fecha_devolucion, id_ejemplar, id_cliente) values (CONVERT (DATE,'04/09/2021',103), CONVERT (DATE,'25/09/2022',103), '022592LB', '0000160');
insert into PRESTAMO (fecha_prestamo, fecha_devolucion, id_ejemplar, id_cliente) values (CONVERT (DATE,'06/06/2022',103), CONVERT (DATE,'26/08/2022',103), '022296LB', '0000195');
insert into PRESTAMO (fecha_prestamo, fecha_devolucion, id_ejemplar, id_cliente) values (CONVERT (DATE,'05/02/2022',103), CONVERT (DATE,'13/09/2022',103), '022443LB', '0000184');
insert into PRESTAMO (fecha_prestamo, fecha_devolucion, id_ejemplar, id_cliente) values (CONVERT (DATE,'09/09/2021',103), CONVERT (DATE,'18/02/2023',103), '022590LB', '0000227');
insert into PRESTAMO (fecha_prestamo, fecha_devolucion, id_ejemplar, id_cliente) values (CONVERT (DATE,'15/05/2022',103), CONVERT (DATE,'30/07/2022',103), '022360LB', '0000295');
insert into PRESTAMO (fecha_prestamo, fecha_devolucion, id_ejemplar, id_cliente) values (CONVERT (DATE,'31/10/2021',103), CONVERT (DATE,'14/04/2023',103), '022457LB', '0000135');
insert into PRESTAMO (fecha_prestamo, fecha_devolucion, id_ejemplar, id_cliente) values (CONVERT (DATE,'18/08/2021',103), CONVERT (DATE,'20/09/2022',103), '022149LB', '0000182');
insert into PRESTAMO (fecha_prestamo, fecha_devolucion, id_ejemplar, id_cliente) values (CONVERT (DATE,'18/09/2021',103), CONVERT (DATE,'24/06/2023',103), '022407LB', '0000194');
insert into PRESTAMO (fecha_prestamo, fecha_devolucion, id_ejemplar, id_cliente) values (CONVERT (DATE,'24/12/2021',103), CONVERT (DATE,'02/11/2022',103), '022553LB', '0000243');
insert into PRESTAMO (fecha_prestamo, fecha_devolucion, id_ejemplar, id_cliente) values (CONVERT (DATE,'14/04/2022',103), CONVERT (DATE,'18/09/2022',103), '022328LB', '0000228');
insert into PRESTAMO (fecha_prestamo, fecha_devolucion, id_ejemplar, id_cliente) values (CONVERT (DATE,'02/04/2022',103), CONVERT (DATE,'24/11/2022',103), '022130LB', '0000215');
insert into PRESTAMO (fecha_prestamo, fecha_devolucion, id_ejemplar, id_cliente) values (CONVERT (DATE,'12/12/2021',103), CONVERT (DATE,'04/07/2022',103), '022407LB', '0000189');
insert into PRESTAMO (fecha_prestamo, fecha_devolucion, id_ejemplar, id_cliente) values (CONVERT (DATE,'26/10/2021',103), CONVERT (DATE,'10/11/2022',103), '022457LB', '0000240');
insert into PRESTAMO (fecha_prestamo, fecha_devolucion, id_ejemplar, id_cliente) values (CONVERT (DATE,'08/02/2022',103), CONVERT (DATE,'24/03/2023',103), '022313LB', '0000170');
insert into PRESTAMO (fecha_prestamo, fecha_devolucion, id_ejemplar, id_cliente) values (CONVERT (DATE,'03/11/2021',103), CONVERT (DATE,'02/04/2023',103), '022147LB', '0000260');
insert into PRESTAMO (fecha_prestamo, fecha_devolucion, id_ejemplar, id_cliente) values (CONVERT (DATE,'16/08/2021',103), CONVERT (DATE,'28/06/2022',103), '022176LB', '0000207');
insert into PRESTAMO (fecha_prestamo, fecha_devolucion, id_ejemplar, id_cliente) values (CONVERT (DATE,'25/07/2021',103), CONVERT (DATE,'10/09/2022',103), '022230LB', '0000228');
insert into PRESTAMO (fecha_prestamo, fecha_devolucion, id_ejemplar, id_cliente) values (CONVERT (DATE,'19/10/2021',103), CONVERT (DATE,'10/09/2022',103), '022573LB', '0000137');
insert into PRESTAMO (fecha_prestamo, fecha_devolucion, id_ejemplar, id_cliente) values (CONVERT (DATE,'18/04/2022',103), CONVERT (DATE,'27/08/2022',103), '022166LB', '0000246');
insert into PRESTAMO (fecha_prestamo, fecha_devolucion, id_ejemplar, id_cliente) values (CONVERT (DATE,'14/08/2021',103), CONVERT (DATE,'02/02/2023',103), '022163LB', '0000135');
insert into PRESTAMO (fecha_prestamo, fecha_devolucion, id_ejemplar, id_cliente) values (CONVERT (DATE,'18/11/2021',103), CONVERT (DATE,'16/10/2022',103), '022276LB', '0000155');
insert into PRESTAMO (fecha_prestamo, fecha_devolucion, id_ejemplar, id_cliente) values (CONVERT (DATE,'25/09/2021',103), CONVERT (DATE,'20/06/2023',103), '022295LB', '0000163');
insert into PRESTAMO (fecha_prestamo, fecha_devolucion, id_ejemplar, id_cliente) values (CONVERT (DATE,'14/05/2022',103), CONVERT (DATE,'25/01/2023',103), '022264LB', '0000162');
insert into PRESTAMO (fecha_prestamo, fecha_devolucion, id_ejemplar, id_cliente) values (CONVERT (DATE,'10/09/2021',103), CONVERT (DATE,'30/11/2022',103), '022180LB', '0000174');
insert into PRESTAMO (fecha_prestamo, fecha_devolucion, id_ejemplar, id_cliente) values (CONVERT (DATE,'06/12/2021',103), CONVERT (DATE,'23/06/2023',103), '022409LB', '0000203');
insert into PRESTAMO (fecha_prestamo, fecha_devolucion, id_ejemplar, id_cliente) values (CONVERT (DATE,'11/03/2022',103), CONVERT (DATE,'20/03/2023',103), '022591LB', '0000193');
insert into PRESTAMO (fecha_prestamo, fecha_devolucion, id_ejemplar, id_cliente) values (CONVERT (DATE,'05/11/2021',103), CONVERT (DATE,'27/10/2022',103), '022484LB', '0000125');
insert into PRESTAMO (fecha_prestamo, fecha_devolucion, id_ejemplar, id_cliente) values (CONVERT (DATE,'30/03/2022',103), CONVERT (DATE,'26/06/2022',103), '022358LB', '0000159');
insert into PRESTAMO (fecha_prestamo, fecha_devolucion, id_ejemplar, id_cliente) values (CONVERT (DATE,'03/03/2022',103), CONVERT (DATE,'16/02/2023',103), '022376LB', '0000101');
insert into PRESTAMO (fecha_prestamo, fecha_devolucion, id_ejemplar, id_cliente) values (CONVERT (DATE,'17/01/2022',103), CONVERT (DATE,'25/06/2022',103), '022206LB', '0000115');
insert into PRESTAMO (fecha_prestamo, fecha_devolucion, id_ejemplar, id_cliente) values (CONVERT (DATE,'14/11/2021',103), CONVERT (DATE,'15/01/2023',103), '022103LB', '0000140');
insert into PRESTAMO (fecha_prestamo, fecha_devolucion, id_ejemplar, id_cliente) values (CONVERT (DATE,'06/06/2022',103), CONVERT (DATE,'30/09/2022',103), '022171LB', '0000165');
insert into PRESTAMO (fecha_prestamo, fecha_devolucion, id_ejemplar, id_cliente) values (CONVERT (DATE,'13/08/2021',103), CONVERT (DATE,'23/10/2022',103), '022423LB', '0000278');
insert into PRESTAMO (fecha_prestamo, fecha_devolucion, id_ejemplar, id_cliente) values (CONVERT (DATE,'15/02/2022',103), CONVERT (DATE,'27/11/2022',103), '022472LB', '0000223');
insert into PRESTAMO (fecha_prestamo, fecha_devolucion, id_ejemplar, id_cliente) values (CONVERT (DATE,'21/08/2021',103), CONVERT (DATE,'03/07/2022',103), '022447LB', '0000175');
insert into PRESTAMO (fecha_prestamo, fecha_devolucion, id_ejemplar, id_cliente) values (CONVERT (DATE,'24/02/2022',103), CONVERT (DATE,'17/01/2023',103), '022183LB', '0000281');
insert into PRESTAMO (fecha_prestamo, fecha_devolucion, id_ejemplar, id_cliente) values (CONVERT (DATE,'30/12/2021',103), CONVERT (DATE,'03/04/2023',103), '022490LB', '0000249');
insert into PRESTAMO (fecha_prestamo, fecha_devolucion, id_ejemplar, id_cliente) values (CONVERT (DATE,'09/08/2021',103), CONVERT (DATE,'14/10/2022',103), '022545LB', '0000177');
insert into PRESTAMO (fecha_prestamo, fecha_devolucion, id_ejemplar, id_cliente) values (CONVERT (DATE,'20/07/2021',103), CONVERT (DATE,'12/08/2022',103), '022318LB', '0000282');
insert into PRESTAMO (fecha_prestamo, fecha_devolucion, id_ejemplar, id_cliente) values (CONVERT (DATE,'12/09/2021',103), CONVERT (DATE,'29/04/2023',103), '022439LB', '0000134');
insert into PRESTAMO (fecha_prestamo, fecha_devolucion, id_ejemplar, id_cliente) values (CONVERT (DATE,'19/11/2021',103), CONVERT (DATE,'25/01/2023',103), '022192LB', '0000252');
insert into PRESTAMO (fecha_prestamo, fecha_devolucion, id_ejemplar, id_cliente) values (CONVERT (DATE,'25/03/2022',103), CONVERT (DATE,'17/03/2023',103), '022290LB', '0000164');
insert into PRESTAMO (fecha_prestamo, fecha_devolucion, id_ejemplar, id_cliente) values (CONVERT (DATE,'28/05/2022',103), CONVERT (DATE,'03/05/2023',103), '022193LB', '0000147');
insert into PRESTAMO (fecha_prestamo, fecha_devolucion, id_ejemplar, id_cliente) values (CONVERT (DATE,'24/09/2021',103), CONVERT (DATE,'02/10/2022',103), '022362LB', '0000163');
insert into PRESTAMO (fecha_prestamo, fecha_devolucion, id_ejemplar, id_cliente) values (CONVERT (DATE,'05/12/2021',103), CONVERT (DATE,'23/06/2023',103), '022263LB', '0000247');
insert into PRESTAMO (fecha_prestamo, fecha_devolucion, id_ejemplar, id_cliente) values (CONVERT (DATE,'23/11/2021',103), CONVERT (DATE,'27/03/2023',103), '022451LB', '0000240');
insert into PRESTAMO (fecha_prestamo, fecha_devolucion, id_ejemplar, id_cliente) values (CONVERT (DATE,'09/08/2021',103), CONVERT (DATE,'13/03/2023',103), '022154LB', '0000232');
insert into PRESTAMO (fecha_prestamo, fecha_devolucion, id_ejemplar, id_cliente) values (CONVERT (DATE,'08/10/2021',103), CONVERT (DATE,'03/11/2022',103), '022514LB', '0000127');
insert into PRESTAMO (fecha_prestamo, fecha_devolucion, id_ejemplar, id_cliente) values (CONVERT (DATE,'30/11/2021',103), CONVERT (DATE,'23/01/2023',103), '022415LB', '0000179');
insert into PRESTAMO (fecha_prestamo, fecha_devolucion, id_ejemplar, id_cliente) values (CONVERT (DATE,'23/04/2022',103), CONVERT (DATE,'11/05/2023',103), '022405LB', '0000199');
insert into PRESTAMO (fecha_prestamo, fecha_devolucion, id_ejemplar, id_cliente) values (CONVERT (DATE,'30/09/2021',103), CONVERT (DATE,'01/02/2023',103), '022424LB', '0000282');
insert into PRESTAMO (fecha_prestamo, fecha_devolucion, id_ejemplar, id_cliente) values (CONVERT (DATE,'08/02/2022',103), CONVERT (DATE,'08/08/2022',103), '022273LB', '0000212');
insert into PRESTAMO (fecha_prestamo, fecha_devolucion, id_ejemplar, id_cliente) values (CONVERT (DATE,'03/03/2022',103), CONVERT (DATE,'23/04/2023',103), '022439LB', '0000230');
insert into PRESTAMO (fecha_prestamo, fecha_devolucion, id_ejemplar, id_cliente) values (CONVERT (DATE,'19/03/2022',103), CONVERT (DATE,'06/03/2023',103), '022188LB', '0000151');
insert into PRESTAMO (fecha_prestamo, fecha_devolucion, id_ejemplar, id_cliente) values (CONVERT (DATE,'30/10/2021',103), CONVERT (DATE,'19/10/2022',103), '022237LB', '0000185');
insert into PRESTAMO (fecha_prestamo, fecha_devolucion, id_ejemplar, id_cliente) values (CONVERT (DATE,'17/01/2022',103), CONVERT (DATE,'14/03/2023',103), '022233LB', '0000207');
insert into PRESTAMO (fecha_prestamo, fecha_devolucion, id_ejemplar, id_cliente) values (CONVERT (DATE,'24/10/2021',103), CONVERT (DATE,'28/08/2022',103), '022335LB', '0000254');
insert into PRESTAMO (fecha_prestamo, fecha_devolucion, id_ejemplar, id_cliente) values (CONVERT (DATE,'27/04/2022',103), CONVERT (DATE,'16/08/2022',103), '022163LB', '0000209');
insert into PRESTAMO (fecha_prestamo, fecha_devolucion, id_ejemplar, id_cliente) values (CONVERT (DATE,'28/07/2021',103), CONVERT (DATE,'02/10/2022',103), '022455LB', '0000186');
insert into PRESTAMO (fecha_prestamo, fecha_devolucion, id_ejemplar, id_cliente) values (CONVERT (DATE,'04/08/2021',103), CONVERT (DATE,'15/03/2023',103), '022570LB', '0000262');
insert into PRESTAMO (fecha_prestamo, fecha_devolucion, id_ejemplar, id_cliente) values (CONVERT (DATE,'28/03/2022',103), CONVERT (DATE,'01/12/2022',103), '022288LB', '0000208');
insert into PRESTAMO (fecha_prestamo, fecha_devolucion, id_ejemplar, id_cliente) values (CONVERT (DATE,'06/09/2021',103), CONVERT (DATE,'20/04/2023',103), '022569LB', '0000193');
insert into PRESTAMO (fecha_prestamo, fecha_devolucion, id_ejemplar, id_cliente) values (CONVERT (DATE,'19/01/2022',103), CONVERT (DATE,'12/01/2023',103), '022281LB', '0000194');
insert into PRESTAMO (fecha_prestamo, fecha_devolucion, id_ejemplar, id_cliente) values (CONVERT (DATE,'31/10/2021',103), CONVERT (DATE,'20/12/2022',103), '022304LB', '0000247');
insert into PRESTAMO (fecha_prestamo, fecha_devolucion, id_ejemplar, id_cliente) values (CONVERT (DATE,'17/04/2022',103), CONVERT (DATE,'20/09/2022',103), '022299LB', '0000168');
insert into PRESTAMO (fecha_prestamo, fecha_devolucion, id_ejemplar, id_cliente) values (CONVERT (DATE,'22/10/2021',103), CONVERT (DATE,'03/09/2022',103), '022453LB', '0000282');
insert into PRESTAMO (fecha_prestamo, fecha_devolucion, id_ejemplar, id_cliente) values (CONVERT (DATE,'26/11/2021',103), CONVERT (DATE,'27/06/2022',103), '022600LB', '0000216');
insert into PRESTAMO (fecha_prestamo, fecha_devolucion, id_ejemplar, id_cliente) values (CONVERT (DATE,'09/10/2021',103), CONVERT (DATE,'30/09/2022',103), '022522LB', '0000101');
insert into PRESTAMO (fecha_prestamo, fecha_devolucion, id_ejemplar, id_cliente) values (CONVERT (DATE,'06/09/2021',103), CONVERT (DATE,'08/12/2022',103), '022298LB', '0000156');
insert into PRESTAMO (fecha_prestamo, fecha_devolucion, id_ejemplar, id_cliente) values (CONVERT (DATE,'28/12/2021',103), CONVERT (DATE,'22/02/2023',103), '022529LB', '0000145');
insert into PRESTAMO (fecha_prestamo, fecha_devolucion, id_ejemplar, id_cliente) values (CONVERT (DATE,'20/03/2022',103), CONVERT (DATE,'03/11/2022',103), '022538LB', '0000271');
insert into PRESTAMO (fecha_prestamo, fecha_devolucion, id_ejemplar, id_cliente) values (CONVERT (DATE,'06/06/2022',103), CONVERT (DATE,'12/12/2022',103), '022409LB', '0000147');
insert into PRESTAMO (fecha_prestamo, fecha_devolucion, id_ejemplar, id_cliente) values (CONVERT (DATE,'09/08/2021',103), CONVERT (DATE,'19/07/2022',103), '022117LB', '0000105');
insert into PRESTAMO (fecha_prestamo, fecha_devolucion, id_ejemplar, id_cliente) values (CONVERT (DATE,'12/07/2021',103), CONVERT (DATE,'09/01/2023',103), '022196LB', '0000175');
insert into PRESTAMO (fecha_prestamo, fecha_devolucion, id_ejemplar, id_cliente) values (CONVERT (DATE,'03/08/2021',103), CONVERT (DATE,'07/09/2022',103), '022470LB', '0000173');
insert into PRESTAMO (fecha_prestamo, fecha_devolucion, id_ejemplar, id_cliente) values (CONVERT (DATE,'26/06/2021',103), CONVERT (DATE,'28/07/2022',103), '022597LB', '0000240');
insert into PRESTAMO (fecha_prestamo, fecha_devolucion, id_ejemplar, id_cliente) values (CONVERT (DATE,'19/02/2022',103), CONVERT (DATE,'16/02/2023',103), '022266LB', '0000153');
insert into PRESTAMO (fecha_prestamo, fecha_devolucion, id_ejemplar, id_cliente) values (CONVERT (DATE,'10/12/2021',103), CONVERT (DATE,'01/06/2023',103), '022592LB', '0000207');
insert into PRESTAMO (fecha_prestamo, fecha_devolucion, id_ejemplar, id_cliente) values (CONVERT (DATE,'03/01/2022',103), CONVERT (DATE,'15/03/2023',103), '022478LB', '0000271');
insert into PRESTAMO (fecha_prestamo, fecha_devolucion, id_ejemplar, id_cliente) values (CONVERT (DATE,'07/08/2021',103), CONVERT (DATE,'23/02/2023',103), '022447LB', '0000188');
insert into PRESTAMO (fecha_prestamo, fecha_devolucion, id_ejemplar, id_cliente) values (CONVERT (DATE,'17/10/2021',103), CONVERT (DATE,'23/08/2022',103), '022148LB', '0000270');
insert into PRESTAMO (fecha_prestamo, fecha_devolucion, id_ejemplar, id_cliente) values (CONVERT (DATE,'08/08/2021',103), CONVERT (DATE,'24/11/2022',103), '022258LB', '0000297');
insert into PRESTAMO (fecha_prestamo, fecha_devolucion, id_ejemplar, id_cliente) values (CONVERT (DATE,'01/12/2021',103), CONVERT (DATE,'13/10/2022',103), '022552LB', '0000262');
insert into PRESTAMO (fecha_prestamo, fecha_devolucion, id_ejemplar, id_cliente) values (CONVERT (DATE,'19/09/2021',103), CONVERT (DATE,'20/07/2022',103), '022573LB', '0000262');
insert into PRESTAMO (fecha_prestamo, fecha_devolucion, id_ejemplar, id_cliente) values (CONVERT (DATE,'15/07/2021',103), CONVERT (DATE,'10/10/2022',103), '022440LB', '0000232');
insert into PRESTAMO (fecha_prestamo, fecha_devolucion, id_ejemplar, id_cliente) values (CONVERT (DATE,'11/11/2021',103), CONVERT (DATE,'05/02/2023',103), '022312LB', '0000247');
insert into PRESTAMO (fecha_prestamo, fecha_devolucion, id_ejemplar, id_cliente) values (CONVERT (DATE,'19/10/2021',103), CONVERT (DATE,'04/03/2023',103), '022359LB', '0000222');
insert into PRESTAMO (fecha_prestamo, fecha_devolucion, id_ejemplar, id_cliente) values (CONVERT (DATE,'30/08/2021',103), CONVERT (DATE,'08/09/2022',103), '022557LB', '0000293');
insert into PRESTAMO (fecha_prestamo, fecha_devolucion, id_ejemplar, id_cliente) values (CONVERT (DATE,'28/06/2021',103), CONVERT (DATE,'13/04/2023',103), '022142LB', '0000132');
insert into PRESTAMO (fecha_prestamo, fecha_devolucion, id_ejemplar, id_cliente) values (CONVERT (DATE,'15/06/2022',103), CONVERT (DATE,'01/01/2023',103), '022442LB', '0000243');
insert into PRESTAMO (fecha_prestamo, fecha_devolucion, id_ejemplar, id_cliente) values (CONVERT (DATE,'13/03/2022',103), CONVERT (DATE,'23/08/2022',103), '022519LB', '0000221');
insert into PRESTAMO (fecha_prestamo, fecha_devolucion, id_ejemplar, id_cliente) values (CONVERT (DATE,'11/02/2022',103), CONVERT (DATE,'30/07/2022',103), '022225LB', '0000205');
insert into PRESTAMO (fecha_prestamo, fecha_devolucion, id_ejemplar, id_cliente) values (CONVERT (DATE,'16/08/2021',103), CONVERT (DATE,'02/10/2022',103), '022130LB', '0000174');
insert into PRESTAMO (fecha_prestamo, fecha_devolucion, id_ejemplar, id_cliente) values (CONVERT (DATE,'07/09/2021',103), CONVERT (DATE,'05/10/2022',103), '022222LB', '0000244');
insert into PRESTAMO (fecha_prestamo, fecha_devolucion, id_ejemplar, id_cliente) values (CONVERT (DATE,'12/11/2021',103), CONVERT (DATE,'16/06/2023',103), '022395LB', '0000189');
insert into PRESTAMO (fecha_prestamo, fecha_devolucion, id_ejemplar, id_cliente) values (CONVERT (DATE,'26/10/2021',103), CONVERT (DATE,'20/05/2023',103), '022349LB', '0000234');
insert into PRESTAMO (fecha_prestamo, fecha_devolucion, id_ejemplar, id_cliente) values (CONVERT (DATE,'24/08/2021',103), CONVERT (DATE,'03/10/2022',103), '022312LB', '0000244');
insert into PRESTAMO (fecha_prestamo, fecha_devolucion, id_ejemplar, id_cliente) values (CONVERT (DATE,'27/02/2022',103), CONVERT (DATE,'24/12/2022',103), '022219LB', '0000201');
insert into PRESTAMO (fecha_prestamo, fecha_devolucion, id_ejemplar, id_cliente) values (CONVERT (DATE,'09/06/2022',103), CONVERT (DATE,'21/04/2023',103), '022386LB', '0000262');
insert into PRESTAMO (fecha_prestamo, fecha_devolucion, id_ejemplar, id_cliente) values (CONVERT (DATE,'12/01/2022',103), CONVERT (DATE,'15/02/2023',103), '022307LB', '0000284');
insert into PRESTAMO (fecha_prestamo, fecha_devolucion, id_ejemplar, id_cliente) values (CONVERT (DATE,'30/09/2021',103), CONVERT (DATE,'18/07/2022',103), '022562LB', '0000179');
insert into PRESTAMO (fecha_prestamo, fecha_devolucion, id_ejemplar, id_cliente) values (CONVERT (DATE,'02/06/2022',103), CONVERT (DATE,'10/10/2022',103), '022322LB', '0000133');
insert into PRESTAMO (fecha_prestamo, fecha_devolucion, id_ejemplar, id_cliente) values (CONVERT (DATE,'17/08/2021',103), CONVERT (DATE,'01/03/2023',103), '022542LB', '0000256');
insert into PRESTAMO (fecha_prestamo, fecha_devolucion, id_ejemplar, id_cliente) values (CONVERT (DATE,'09/11/2021',103), CONVERT (DATE,'07/09/2022',103), '022154LB', '0000121');
insert into PRESTAMO (fecha_prestamo, fecha_devolucion, id_ejemplar, id_cliente) values (CONVERT (DATE,'15/09/2021',103), CONVERT (DATE,'23/10/2022',103), '022412LB', '0000125');
insert into PRESTAMO (fecha_prestamo, fecha_devolucion, id_ejemplar, id_cliente) values (CONVERT (DATE,'06/01/2022',103), CONVERT (DATE,'01/02/2023',103), '022525LB', '0000214');
insert into PRESTAMO (fecha_prestamo, fecha_devolucion, id_ejemplar, id_cliente) values (CONVERT (DATE,'10/01/2022',103), CONVERT (DATE,'03/01/2023',103), '022342LB', '0000214');
insert into PRESTAMO (fecha_prestamo, fecha_devolucion, id_ejemplar, id_cliente) values (CONVERT (DATE,'10/06/2022',103), CONVERT (DATE,'27/06/2022',103), '022181LB', '0000113');
insert into PRESTAMO (fecha_prestamo, fecha_devolucion, id_ejemplar, id_cliente) values (CONVERT (DATE,'01/08/2021',103), CONVERT (DATE,'20/02/2023',103), '022133LB', '0000233');
insert into PRESTAMO (fecha_prestamo, fecha_devolucion, id_ejemplar, id_cliente) values (CONVERT (DATE,'14/04/2022',103), CONVERT (DATE,'11/02/2023',103), '022573LB', '0000117');
insert into PRESTAMO (fecha_prestamo, fecha_devolucion, id_ejemplar, id_cliente) values (CONVERT (DATE,'29/01/2022',103), CONVERT (DATE,'03/09/2022',103), '022120LB', '0000226');
insert into PRESTAMO (fecha_prestamo, fecha_devolucion, id_ejemplar, id_cliente) values (CONVERT (DATE,'12/08/2021',103), CONVERT (DATE,'20/09/2022',103), '022161LB', '0000143');
insert into PRESTAMO (fecha_prestamo, fecha_devolucion, id_ejemplar, id_cliente) values (CONVERT (DATE,'01/08/2021',103), CONVERT (DATE,'25/10/2022',103), '022142LB', '0000264');
insert into PRESTAMO (fecha_prestamo, fecha_devolucion, id_ejemplar, id_cliente) values (CONVERT (DATE,'16/11/2021',103), CONVERT (DATE,'03/06/2023',103), '022123LB', '0000148');
insert into PRESTAMO (fecha_prestamo, fecha_devolucion, id_ejemplar, id_cliente) values (CONVERT (DATE,'04/06/2022',103), CONVERT (DATE,'19/08/2022',103), '022128LB', '0000184');
insert into PRESTAMO (fecha_prestamo, fecha_devolucion, id_ejemplar, id_cliente) values (CONVERT (DATE,'11/10/2021',103), CONVERT (DATE,'23/07/2022',103), '022359LB', '0000296');
insert into PRESTAMO (fecha_prestamo, fecha_devolucion, id_ejemplar, id_cliente) values (CONVERT (DATE,'31/01/2022',103), CONVERT (DATE,'29/05/2023',103), '022530LB', '0000110');
insert into PRESTAMO (fecha_prestamo, fecha_devolucion, id_ejemplar, id_cliente) values (CONVERT (DATE,'20/12/2021',103), CONVERT (DATE,'17/11/2022',103), '022224LB', '0000262');
insert into PRESTAMO (fecha_prestamo, fecha_devolucion, id_ejemplar, id_cliente) values (CONVERT (DATE,'28/05/2022',103), CONVERT (DATE,'20/06/2023',103), '022232LB', '0000232');
insert into PRESTAMO (fecha_prestamo, fecha_devolucion, id_ejemplar, id_cliente) values (CONVERT (DATE,'04/11/2021',103), CONVERT (DATE,'19/04/2023',103), '022447LB', '0000240');
insert into PRESTAMO (fecha_prestamo, fecha_devolucion, id_ejemplar, id_cliente) values (CONVERT (DATE,'30/05/2022',103), CONVERT (DATE,'09/04/2023',103), '022518LB', '0000199');
insert into PRESTAMO (fecha_prestamo, fecha_devolucion, id_ejemplar, id_cliente) values (CONVERT (DATE,'26/06/2021',103), CONVERT (DATE,'24/02/2023',103), '022243LB', '0000166');
insert into PRESTAMO (fecha_prestamo, fecha_devolucion, id_ejemplar, id_cliente) values (CONVERT (DATE,'10/12/2021',103), CONVERT (DATE,'09/08/2022',103), '022357LB', '0000259');
insert into PRESTAMO (fecha_prestamo, fecha_devolucion, id_ejemplar, id_cliente) values (CONVERT (DATE,'19/09/2021',103), CONVERT (DATE,'16/07/2022',103), '022477LB', '0000122');
insert into PRESTAMO (fecha_prestamo, fecha_devolucion, id_ejemplar, id_cliente) values (CONVERT (DATE,'16/11/2021',103), CONVERT (DATE,'22/06/2023',103), '022313LB', '0000296');
insert into PRESTAMO (fecha_prestamo, fecha_devolucion, id_ejemplar, id_cliente) values (CONVERT (DATE,'07/05/2022',103), CONVERT (DATE,'02/12/2022',103), '022110LB', '0000287');
insert into PRESTAMO (fecha_prestamo, fecha_devolucion, id_ejemplar, id_cliente) values (CONVERT (DATE,'26/07/2021',103), CONVERT (DATE,'26/05/2023',103), '022176LB', '0000296');
insert into PRESTAMO (fecha_prestamo, fecha_devolucion, id_ejemplar, id_cliente) values (CONVERT (DATE,'31/03/2022',103), CONVERT (DATE,'16/01/2023',103), '022378LB', '0000284');
insert into PRESTAMO (fecha_prestamo, fecha_devolucion, id_ejemplar, id_cliente) values (CONVERT (DATE,'14/12/2021',103), CONVERT (DATE,'20/10/2022',103), '022145LB', '0000132');
insert into PRESTAMO (fecha_prestamo, fecha_devolucion, id_ejemplar, id_cliente) values (CONVERT (DATE,'11/10/2021',103), CONVERT (DATE,'17/11/2022',103), '022372LB', '0000129');
insert into PRESTAMO (fecha_prestamo, fecha_devolucion, id_ejemplar, id_cliente) values (CONVERT (DATE,'19/11/2021',103), CONVERT (DATE,'24/02/2023',103), '022520LB', '0000248');
insert into PRESTAMO (fecha_prestamo, fecha_devolucion, id_ejemplar, id_cliente) values (CONVERT (DATE,'20/06/2022',103), CONVERT (DATE,'04/01/2023',103), '022302LB', '0000275');
insert into PRESTAMO (fecha_prestamo, fecha_devolucion, id_ejemplar, id_cliente) values (CONVERT (DATE,'22/11/2021',103), CONVERT (DATE,'18/11/2022',103), '022363LB', '0000137');
insert into PRESTAMO (fecha_prestamo, fecha_devolucion, id_ejemplar, id_cliente) values (CONVERT (DATE,'21/04/2022',103), CONVERT (DATE,'01/01/2023',103), '022582LB', '0000156');
insert into PRESTAMO (fecha_prestamo, fecha_devolucion, id_ejemplar, id_cliente) values (CONVERT (DATE,'07/08/2021',103), CONVERT (DATE,'08/03/2023',103), '022482LB', '0000138');
insert into PRESTAMO (fecha_prestamo, fecha_devolucion, id_ejemplar, id_cliente) values (CONVERT (DATE,'17/09/2021',103), CONVERT (DATE,'21/01/2023',103), '022214LB', '0000163');
insert into PRESTAMO (fecha_prestamo, fecha_devolucion, id_ejemplar, id_cliente) values (CONVERT (DATE,'05/01/2022',103), CONVERT (DATE,'14/04/2023',103), '022490LB', '0000226');
insert into PRESTAMO (fecha_prestamo, fecha_devolucion, id_ejemplar, id_cliente) values (CONVERT (DATE,'26/08/2021',103), CONVERT (DATE,'22/01/2023',103), '022595LB', '0000171');
insert into PRESTAMO (fecha_prestamo, fecha_devolucion, id_ejemplar, id_cliente) values (CONVERT (DATE,'26/12/2021',103), CONVERT (DATE,'24/06/2023',103), '022122LB', '0000196');
insert into PRESTAMO (fecha_prestamo, fecha_devolucion, id_ejemplar, id_cliente) values (CONVERT (DATE,'14/05/2022',103), CONVERT (DATE,'20/12/2022',103), '022572LB', '0000163');
insert into PRESTAMO (fecha_prestamo, fecha_devolucion, id_ejemplar, id_cliente) values (CONVERT (DATE,'29/06/2021',103), CONVERT (DATE,'18/11/2022',103), '022330LB', '0000204');
insert into PRESTAMO (fecha_prestamo, fecha_devolucion, id_ejemplar, id_cliente) values (CONVERT (DATE,'27/05/2022',103), CONVERT (DATE,'24/10/2022',103), '022491LB', '0000299');
insert into PRESTAMO (fecha_prestamo, fecha_devolucion, id_ejemplar, id_cliente) values (CONVERT (DATE,'31/01/2022',103), CONVERT (DATE,'19/05/2023',103), '022481LB', '0000103');
insert into PRESTAMO (fecha_prestamo, fecha_devolucion, id_ejemplar, id_cliente) values (CONVERT (DATE,'10/11/2021',103), CONVERT (DATE,'04/07/2022',103), '022330LB', '0000191');
insert into PRESTAMO (fecha_prestamo, fecha_devolucion, id_ejemplar, id_cliente) values (CONVERT (DATE,'06/10/2021',103), CONVERT (DATE,'08/03/2023',103), '022366LB', '0000225');
insert into PRESTAMO (fecha_prestamo, fecha_devolucion, id_ejemplar, id_cliente) values (CONVERT (DATE,'22/06/2022',103), CONVERT (DATE,'25/09/2022',103), '022369LB', '0000291');
insert into PRESTAMO (fecha_prestamo, fecha_devolucion, id_ejemplar, id_cliente) values (CONVERT (DATE,'05/07/2021',103), CONVERT (DATE,'23/08/2022',103), '022506LB', '0000115');
insert into PRESTAMO (fecha_prestamo, fecha_devolucion, id_ejemplar, id_cliente) values (CONVERT (DATE,'03/01/2022',103), CONVERT (DATE,'15/04/2023',103), '022263LB', '0000143');
insert into PRESTAMO (fecha_prestamo, fecha_devolucion, id_ejemplar, id_cliente) values (CONVERT (DATE,'03/05/2022',103), CONVERT (DATE,'25/07/2022',103), '022590LB', '0000223');
insert into PRESTAMO (fecha_prestamo, fecha_devolucion, id_ejemplar, id_cliente) values (CONVERT (DATE,'15/11/2021',103), CONVERT (DATE,'22/11/2022',103), '022359LB', '0000262');
insert into PRESTAMO (fecha_prestamo, fecha_devolucion, id_ejemplar, id_cliente) values (CONVERT (DATE,'05/11/2021',103), CONVERT (DATE,'24/11/2022',103), '022288LB', '0000141');
insert into PRESTAMO (fecha_prestamo, fecha_devolucion, id_ejemplar, id_cliente) values (CONVERT (DATE,'13/08/2021',103), CONVERT (DATE,'01/06/2023',103), '022594LB', '0000120');
insert into PRESTAMO (fecha_prestamo, fecha_devolucion, id_ejemplar, id_cliente) values (CONVERT (DATE,'14/08/2021',103), CONVERT (DATE,'30/06/2022',103), '022328LB', '0000135');
insert into PRESTAMO (fecha_prestamo, fecha_devolucion, id_ejemplar, id_cliente) values (CONVERT (DATE,'02/01/2022',103), CONVERT (DATE,'14/10/2022',103), '022123LB', '0000236');
insert into PRESTAMO (fecha_prestamo, fecha_devolucion, id_ejemplar, id_cliente) values (CONVERT (DATE,'30/06/2021',103), CONVERT (DATE,'06/07/2022',103), '022412LB', '0000150');
insert into PRESTAMO (fecha_prestamo, fecha_devolucion, id_ejemplar, id_cliente) values (CONVERT (DATE,'10/03/2022',103), CONVERT (DATE,'22/01/2023',103), '022396LB', '0000224');
insert into PRESTAMO (fecha_prestamo, fecha_devolucion, id_ejemplar, id_cliente) values (CONVERT (DATE,'01/06/2022',103), CONVERT (DATE,'03/03/2023',103), '022493LB', '0000176');
insert into PRESTAMO (fecha_prestamo, fecha_devolucion, id_ejemplar, id_cliente) values (CONVERT (DATE,'17/05/2022',103), CONVERT (DATE,'04/09/2022',103), '022190LB', '0000166');
insert into PRESTAMO (fecha_prestamo, fecha_devolucion, id_ejemplar, id_cliente) values (CONVERT (DATE,'16/11/2021',103), CONVERT (DATE,'30/06/2022',103), '022189LB', '0000252');
insert into PRESTAMO (fecha_prestamo, fecha_devolucion, id_ejemplar, id_cliente) values (CONVERT (DATE,'13/10/2021',103), CONVERT (DATE,'19/04/2023',103), '022458LB', '0000168');
insert into PRESTAMO (fecha_prestamo, fecha_devolucion, id_ejemplar, id_cliente) values (CONVERT (DATE,'06/11/2021',103), CONVERT (DATE,'25/09/2022',103), '022224LB', '0000245');
insert into PRESTAMO (fecha_prestamo, fecha_devolucion, id_ejemplar, id_cliente) values (CONVERT (DATE,'22/01/2022',103), CONVERT (DATE,'18/09/2022',103), '022294LB', '0000262');
insert into PRESTAMO (fecha_prestamo, fecha_devolucion, id_ejemplar, id_cliente) values (CONVERT (DATE,'20/09/2021',103), CONVERT (DATE,'28/04/2023',103), '022450LB', '0000224');
insert into PRESTAMO (fecha_prestamo, fecha_devolucion, id_ejemplar, id_cliente) values (CONVERT (DATE,'11/10/2021',103), CONVERT (DATE,'24/11/2022',103), '022363LB', '0000224');
insert into PRESTAMO (fecha_prestamo, fecha_devolucion, id_ejemplar, id_cliente) values (CONVERT (DATE,'09/03/2022',103), CONVERT (DATE,'08/07/2022',103), '022245LB', '0000289');
insert into PRESTAMO (fecha_prestamo, fecha_devolucion, id_ejemplar, id_cliente) values (CONVERT (DATE,'20/12/2021',103), CONVERT (DATE,'09/04/2023',103), '022336LB', '0000103');
insert into PRESTAMO (fecha_prestamo, fecha_devolucion, id_ejemplar, id_cliente) values (CONVERT (DATE,'21/04/2022',103), CONVERT (DATE,'09/01/2023',103), '022207LB', '0000112');
insert into PRESTAMO (fecha_prestamo, fecha_devolucion, id_ejemplar, id_cliente) values (CONVERT (DATE,'08/07/2021',103), CONVERT (DATE,'22/01/2023',103), '022372LB', '0000240');
insert into PRESTAMO (fecha_prestamo, fecha_devolucion, id_ejemplar, id_cliente) values (CONVERT (DATE,'16/05/2022',103), CONVERT (DATE,'08/11/2022',103), '022545LB', '0000223');
insert into PRESTAMO (fecha_prestamo, fecha_devolucion, id_ejemplar, id_cliente) values (CONVERT (DATE,'05/03/2022',103), CONVERT (DATE,'14/08/2022',103), '022317LB', '0000107');
insert into PRESTAMO (fecha_prestamo, fecha_devolucion, id_ejemplar, id_cliente) values (CONVERT (DATE,'25/08/2021',103), CONVERT (DATE,'17/12/2022',103), '022473LB', '0000111');
insert into PRESTAMO (fecha_prestamo, fecha_devolucion, id_ejemplar, id_cliente) values (CONVERT (DATE,'22/04/2022',103), CONVERT (DATE,'19/04/2023',103), '022495LB', '0000171');
insert into PRESTAMO (fecha_prestamo, fecha_devolucion, id_ejemplar, id_cliente) values (CONVERT (DATE,'12/12/2021',103), CONVERT (DATE,'09/04/2023',103), '022134LB', '0000110');
insert into PRESTAMO (fecha_prestamo, fecha_devolucion, id_ejemplar, id_cliente) values (CONVERT (DATE,'21/12/2021',103), CONVERT (DATE,'22/10/2022',103), '022542LB', '0000217');
insert into PRESTAMO (fecha_prestamo, fecha_devolucion, id_ejemplar, id_cliente) values (CONVERT (DATE,'15/11/2021',103), CONVERT (DATE,'08/08/2022',103), '022596LB', '0000238');
insert into PRESTAMO (fecha_prestamo, fecha_devolucion, id_ejemplar, id_cliente) values (CONVERT (DATE,'16/04/2022',103), CONVERT (DATE,'11/03/2023',103), '022472LB', '0000247');
insert into PRESTAMO (fecha_prestamo, fecha_devolucion, id_ejemplar, id_cliente) values (CONVERT (DATE,'22/02/2022',103), CONVERT (DATE,'06/07/2022',103), '022476LB', '0000269');
insert into PRESTAMO (fecha_prestamo, fecha_devolucion, id_ejemplar, id_cliente) values (CONVERT (DATE,'19/10/2021',103), CONVERT (DATE,'09/02/2023',103), '022309LB', '0000100');
insert into PRESTAMO (fecha_prestamo, fecha_devolucion, id_ejemplar, id_cliente) values (CONVERT (DATE,'18/01/2022',103), CONVERT (DATE,'04/01/2023',103), '022530LB', '0000197');
insert into PRESTAMO (fecha_prestamo, fecha_devolucion, id_ejemplar, id_cliente) values (CONVERT (DATE,'29/07/2021',103), CONVERT (DATE,'03/08/2022',103), '022331LB', '0000141');
insert into PRESTAMO (fecha_prestamo, fecha_devolucion, id_ejemplar, id_cliente) values (CONVERT (DATE,'12/11/2021',103), CONVERT (DATE,'26/05/2023',103), '022279LB', '0000282');
insert into PRESTAMO (fecha_prestamo, fecha_devolucion, id_ejemplar, id_cliente) values (CONVERT (DATE,'07/04/2022',103), CONVERT (DATE,'06/02/2023',103), '022516LB', '0000139');
insert into PRESTAMO (fecha_prestamo, fecha_devolucion, id_ejemplar, id_cliente) values (CONVERT (DATE,'13/06/2022',103), CONVERT (DATE,'20/09/2022',103), '022221LB', '0000242');
insert into PRESTAMO (fecha_prestamo, fecha_devolucion, id_ejemplar, id_cliente) values (CONVERT (DATE,'15/08/2021',103), CONVERT (DATE,'21/01/2023',103), '022183LB', '0000288');
insert into PRESTAMO (fecha_prestamo, fecha_devolucion, id_ejemplar, id_cliente) values (CONVERT (DATE,'19/07/2021',103), CONVERT (DATE,'11/08/2022',103), '022113LB', '0000110');
insert into PRESTAMO (fecha_prestamo, fecha_devolucion, id_ejemplar, id_cliente) values (CONVERT (DATE,'09/11/2021',103), CONVERT (DATE,'17/04/2023',103), '022480LB', '0000186');
insert into PRESTAMO (fecha_prestamo, fecha_devolucion, id_ejemplar, id_cliente) values (CONVERT (DATE,'23/03/2022',103), CONVERT (DATE,'02/10/2022',103), '022529LB', '0000138');
insert into PRESTAMO (fecha_prestamo, fecha_devolucion, id_ejemplar, id_cliente) values (CONVERT (DATE,'25/10/2021',103), CONVERT (DATE,'09/10/2022',103), '022488LB', '0000230');
insert into PRESTAMO (fecha_prestamo, fecha_devolucion, id_ejemplar, id_cliente) values (CONVERT (DATE,'30/05/2022',103), CONVERT (DATE,'25/03/2023',103), '022180LB', '0000147');
insert into PRESTAMO (fecha_prestamo, fecha_devolucion, id_ejemplar, id_cliente) values (CONVERT (DATE,'20/05/2022',103), CONVERT (DATE,'20/06/2023',103), '022176LB', '0000147');
insert into PRESTAMO (fecha_prestamo, fecha_devolucion, id_ejemplar, id_cliente) values (CONVERT (DATE,'06/10/2021',103), CONVERT (DATE,'12/04/2023',103), '022529LB', '0000113');
insert into PRESTAMO (fecha_prestamo, fecha_devolucion, id_ejemplar, id_cliente) values (CONVERT (DATE,'13/06/2022',103), CONVERT (DATE,'23/08/2022',103), '022149LB', '0000165');
insert into PRESTAMO (fecha_prestamo, fecha_devolucion, id_ejemplar, id_cliente) values (CONVERT (DATE,'22/11/2021',103), CONVERT (DATE,'22/03/2023',103), '022437LB', '0000293');
insert into PRESTAMO (fecha_prestamo, fecha_devolucion, id_ejemplar, id_cliente) values (CONVERT (DATE,'05/11/2021',103), CONVERT (DATE,'20/08/2022',103), '022341LB', '0000253');
insert into PRESTAMO (fecha_prestamo, fecha_devolucion, id_ejemplar, id_cliente) values (CONVERT (DATE,'25/05/2022',103), CONVERT (DATE,'30/12/2022',103), '022459LB', '0000248');
insert into PRESTAMO (fecha_prestamo, fecha_devolucion, id_ejemplar, id_cliente) values (CONVERT (DATE,'24/06/2022',103), CONVERT (DATE,'29/10/2022',103), '022486LB', '0000197');
insert into PRESTAMO (fecha_prestamo, fecha_devolucion, id_ejemplar, id_cliente) values (CONVERT (DATE,'27/06/2021',103), CONVERT (DATE,'09/08/2022',103), '022123LB', '0000141');
insert into PRESTAMO (fecha_prestamo, fecha_devolucion, id_ejemplar, id_cliente) values (CONVERT (DATE,'27/07/2021',103), CONVERT (DATE,'30/09/2022',103), '022523LB', '0000252');
insert into PRESTAMO (fecha_prestamo, fecha_devolucion, id_ejemplar, id_cliente) values (CONVERT (DATE,'03/06/2022',103), CONVERT (DATE,'10/01/2023',103), '022555LB', '0000119');
insert into PRESTAMO (fecha_prestamo, fecha_devolucion, id_ejemplar, id_cliente) values (CONVERT (DATE,'31/03/2022',103), CONVERT (DATE,'02/12/2022',103), '022365LB', '0000155');
insert into PRESTAMO (fecha_prestamo, fecha_devolucion, id_ejemplar, id_cliente) values (CONVERT (DATE,'06/03/2022',103), CONVERT (DATE,'10/07/2022',103), '022353LB', '0000290');
insert into PRESTAMO (fecha_prestamo, fecha_devolucion, id_ejemplar, id_cliente) values (CONVERT (DATE,'05/01/2022',103), CONVERT (DATE,'19/06/2023',103), '022326LB', '0000142');
insert into PRESTAMO (fecha_prestamo, fecha_devolucion, id_ejemplar, id_cliente) values (CONVERT (DATE,'17/06/2022',103), CONVERT (DATE,'05/08/2022',103), '022580LB', '0000126');
insert into PRESTAMO (fecha_prestamo, fecha_devolucion, id_ejemplar, id_cliente) values (CONVERT (DATE,'12/01/2022',103), CONVERT (DATE,'18/11/2022',103), '022551LB', '0000285');
insert into PRESTAMO (fecha_prestamo, fecha_devolucion, id_ejemplar, id_cliente) values (CONVERT (DATE,'04/01/2022',103), CONVERT (DATE,'27/07/2022',103), '022531LB', '0000295');
insert into PRESTAMO (fecha_prestamo, fecha_devolucion, id_ejemplar, id_cliente) values (CONVERT (DATE,'29/12/2021',103), CONVERT (DATE,'21/11/2022',103), '022146LB', '0000272');
insert into PRESTAMO (fecha_prestamo, fecha_devolucion, id_ejemplar, id_cliente) values (CONVERT (DATE,'18/01/2022',103), CONVERT (DATE,'28/03/2023',103), '022127LB', '0000235');
insert into PRESTAMO (fecha_prestamo, fecha_devolucion, id_ejemplar, id_cliente) values (CONVERT (DATE,'14/06/2022',103), CONVERT (DATE,'15/06/2023',103), '022488LB', '0000288');
insert into PRESTAMO (fecha_prestamo, fecha_devolucion, id_ejemplar, id_cliente) values (CONVERT (DATE,'19/08/2021',103), CONVERT (DATE,'14/07/2022',103), '022133LB', '0000225');
insert into PRESTAMO (fecha_prestamo, fecha_devolucion, id_ejemplar, id_cliente) values (CONVERT (DATE,'16/06/2022',103), CONVERT (DATE,'22/06/2023',103), '022414LB', '0000202');
insert into PRESTAMO (fecha_prestamo, fecha_devolucion, id_ejemplar, id_cliente) values (CONVERT (DATE,'28/09/2021',103), CONVERT (DATE,'19/02/2023',103), '022357LB', '0000239');
insert into PRESTAMO (fecha_prestamo, fecha_devolucion, id_ejemplar, id_cliente) values (CONVERT (DATE,'31/03/2022',103), CONVERT (DATE,'26/02/2023',103), '022473LB', '0000211');
insert into PRESTAMO (fecha_prestamo, fecha_devolucion, id_ejemplar, id_cliente) values (CONVERT (DATE,'23/01/2022',103), CONVERT (DATE,'28/09/2022',103), '022137LB', '0000226');
insert into PRESTAMO (fecha_prestamo, fecha_devolucion, id_ejemplar, id_cliente) values (CONVERT (DATE,'28/02/2022',103), CONVERT (DATE,'26/11/2022',103), '022403LB', '0000156');
insert into PRESTAMO (fecha_prestamo, fecha_devolucion, id_ejemplar, id_cliente) values (CONVERT (DATE,'29/10/2021',103), CONVERT (DATE,'22/05/2023',103), '022574LB', '0000115');
insert into PRESTAMO (fecha_prestamo, fecha_devolucion, id_ejemplar, id_cliente) values (CONVERT (DATE,'20/08/2021',103), CONVERT (DATE,'14/07/2022',103), '022323LB', '0000121');
insert into PRESTAMO (fecha_prestamo, fecha_devolucion, id_ejemplar, id_cliente) values (CONVERT (DATE,'21/01/2022',103), CONVERT (DATE,'27/04/2023',103), '022108LB', '0000173');
insert into PRESTAMO (fecha_prestamo, fecha_devolucion, id_ejemplar, id_cliente) values (CONVERT (DATE,'12/02/2022',103), CONVERT (DATE,'15/09/2022',103), '022229LB', '0000146');
insert into PRESTAMO (fecha_prestamo, fecha_devolucion, id_ejemplar, id_cliente) values (CONVERT (DATE,'24/08/2021',103), CONVERT (DATE,'08/10/2022',103), '022265LB', '0000245');
insert into PRESTAMO (fecha_prestamo, fecha_devolucion, id_ejemplar, id_cliente) values (CONVERT (DATE,'27/11/2021',103), CONVERT (DATE,'03/06/2023',103), '022580LB', '0000186');
insert into PRESTAMO (fecha_prestamo, fecha_devolucion, id_ejemplar, id_cliente) values (CONVERT (DATE,'11/03/2022',103), CONVERT (DATE,'08/10/2022',103), '022149LB', '0000177');
insert into PRESTAMO (fecha_prestamo, fecha_devolucion, id_ejemplar, id_cliente) values (CONVERT (DATE,'27/10/2021',103), CONVERT (DATE,'12/10/2022',103), '022525LB', '0000210');
insert into PRESTAMO (fecha_prestamo, fecha_devolucion, id_ejemplar, id_cliente) values (CONVERT (DATE,'08/04/2022',103), CONVERT (DATE,'24/01/2023',103), '022221LB', '0000152');
insert into PRESTAMO (fecha_prestamo, fecha_devolucion, id_ejemplar, id_cliente) values (CONVERT (DATE,'09/11/2021',103), CONVERT (DATE,'17/05/2023',103), '022464LB', '0000146');
insert into PRESTAMO (fecha_prestamo, fecha_devolucion, id_ejemplar, id_cliente) values (CONVERT (DATE,'28/02/2022',103), CONVERT (DATE,'24/10/2022',103), '022294LB', '0000204');
insert into PRESTAMO (fecha_prestamo, fecha_devolucion, id_ejemplar, id_cliente) values (CONVERT (DATE,'12/04/2022',103), CONVERT (DATE,'10/02/2023',103), '022236LB', '0000296');
insert into PRESTAMO (fecha_prestamo, fecha_devolucion, id_ejemplar, id_cliente) values (CONVERT (DATE,'21/06/2022',103), CONVERT (DATE,'05/07/2022',103), '022203LB', '0000192');
insert into PRESTAMO (fecha_prestamo, fecha_devolucion, id_ejemplar, id_cliente) values (CONVERT (DATE,'10/06/2022',103), CONVERT (DATE,'22/07/2022',103), '022510LB', '0000252');
insert into PRESTAMO (fecha_prestamo, fecha_devolucion, id_ejemplar, id_cliente) values (CONVERT (DATE,'08/05/2022',103), CONVERT (DATE,'29/10/2022',103), '022298LB', '0000221');
insert into PRESTAMO (fecha_prestamo, fecha_devolucion, id_ejemplar, id_cliente) values (CONVERT (DATE,'28/06/2021',103), CONVERT (DATE,'19/08/2022',103), '022201LB', '0000281');
insert into PRESTAMO (fecha_prestamo, fecha_devolucion, id_ejemplar, id_cliente) values (CONVERT (DATE,'04/05/2022',103), CONVERT (DATE,'09/07/2022',103), '022133LB', '0000112');
insert into PRESTAMO (fecha_prestamo, fecha_devolucion, id_ejemplar, id_cliente) values (CONVERT (DATE,'31/10/2021',103), CONVERT (DATE,'25/03/2023',103), '022374LB', '0000229');
insert into PRESTAMO (fecha_prestamo, fecha_devolucion, id_ejemplar, id_cliente) values (CONVERT (DATE,'01/03/2022',103), CONVERT (DATE,'17/08/2022',103), '022194LB', '0000255');
insert into PRESTAMO (fecha_prestamo, fecha_devolucion, id_ejemplar, id_cliente) values (CONVERT (DATE,'26/09/2021',103), CONVERT (DATE,'31/08/2022',103), '022127LB', '0000172');
insert into PRESTAMO (fecha_prestamo, fecha_devolucion, id_ejemplar, id_cliente) values (CONVERT (DATE,'29/10/2021',103), CONVERT (DATE,'09/09/2022',103), '022225LB', '0000274');
insert into PRESTAMO (fecha_prestamo, fecha_devolucion, id_ejemplar, id_cliente) values (CONVERT (DATE,'13/10/2021',103), CONVERT (DATE,'22/08/2022',103), '022167LB', '0000236');
insert into PRESTAMO (fecha_prestamo, fecha_devolucion, id_ejemplar, id_cliente) values (CONVERT (DATE,'09/05/2022',103), CONVERT (DATE,'26/10/2022',103), '022170LB', '0000150');
insert into PRESTAMO (fecha_prestamo, fecha_devolucion, id_ejemplar, id_cliente) values (CONVERT (DATE,'12/04/2022',103), CONVERT (DATE,'07/07/2022',103), '022211LB', '0000284');
insert into PRESTAMO (fecha_prestamo, fecha_devolucion, id_ejemplar, id_cliente) values (CONVERT (DATE,'22/06/2022',103), CONVERT (DATE,'11/10/2022',103), '022563LB', '0000167');
insert into PRESTAMO (fecha_prestamo, fecha_devolucion, id_ejemplar, id_cliente) values (CONVERT (DATE,'14/01/2022',103), CONVERT (DATE,'23/04/2023',103), '022305LB', '0000285');
insert into PRESTAMO (fecha_prestamo, fecha_devolucion, id_ejemplar, id_cliente) values (CONVERT (DATE,'22/02/2022',103), CONVERT (DATE,'27/04/2023',103), '022189LB', '0000246');
insert into PRESTAMO (fecha_prestamo, fecha_devolucion, id_ejemplar, id_cliente) values (CONVERT (DATE,'03/11/2021',103), CONVERT (DATE,'13/09/2022',103), '022267LB', '0000232');
insert into PRESTAMO (fecha_prestamo, fecha_devolucion, id_ejemplar, id_cliente) values (CONVERT (DATE,'15/10/2021',103), CONVERT (DATE,'26/10/2022',103), '022515LB', '0000266');
insert into PRESTAMO (fecha_prestamo, fecha_devolucion, id_ejemplar, id_cliente) values (CONVERT (DATE,'31/12/2021',103), CONVERT (DATE,'21/05/2023',103), '022425LB', '0000207');
insert into PRESTAMO (fecha_prestamo, fecha_devolucion, id_ejemplar, id_cliente) values (CONVERT (DATE,'24/05/2022',103), CONVERT (DATE,'03/04/2023',103), '022364LB', '0000289');
insert into PRESTAMO (fecha_prestamo, fecha_devolucion, id_ejemplar, id_cliente) values (CONVERT (DATE,'28/11/2021',103), CONVERT (DATE,'22/07/2022',103), '022451LB', '0000129');
insert into PRESTAMO (fecha_prestamo, fecha_devolucion, id_ejemplar, id_cliente) values (CONVERT (DATE,'07/07/2021',103), CONVERT (DATE,'20/12/2022',103), '022514LB', '0000222');
insert into PRESTAMO (fecha_prestamo, fecha_devolucion, id_ejemplar, id_cliente) values (CONVERT (DATE,'20/12/2021',103), CONVERT (DATE,'03/06/2023',103), '022562LB', '0000108');
insert into PRESTAMO (fecha_prestamo, fecha_devolucion, id_ejemplar, id_cliente) values (CONVERT (DATE,'17/07/2021',103), CONVERT (DATE,'12/03/2023',103), '022395LB', '0000173');
insert into PRESTAMO (fecha_prestamo, fecha_devolucion, id_ejemplar, id_cliente) values (CONVERT (DATE,'02/04/2022',103), CONVERT (DATE,'23/10/2022',103), '022470LB', '0000216');
insert into PRESTAMO (fecha_prestamo, fecha_devolucion, id_ejemplar, id_cliente) values (CONVERT (DATE,'03/06/2022',103), CONVERT (DATE,'19/06/2023',103), '022150LB', '0000270');
insert into PRESTAMO (fecha_prestamo, fecha_devolucion, id_ejemplar, id_cliente) values (CONVERT (DATE,'18/05/2022',103), CONVERT (DATE,'09/05/2023',103), '022497LB', '0000206');
insert into PRESTAMO (fecha_prestamo, fecha_devolucion, id_ejemplar, id_cliente) values (CONVERT (DATE,'22/04/2022',103), CONVERT (DATE,'12/05/2023',103), '022297LB', '0000238');
insert into PRESTAMO (fecha_prestamo, fecha_devolucion, id_ejemplar, id_cliente) values (CONVERT (DATE,'28/10/2021',103), CONVERT (DATE,'17/05/2023',103), '022266LB', '0000113');
insert into PRESTAMO (fecha_prestamo, fecha_devolucion, id_ejemplar, id_cliente) values (CONVERT (DATE,'05/10/2021',103), CONVERT (DATE,'21/07/2022',103), '022360LB', '0000199');
insert into PRESTAMO (fecha_prestamo, fecha_devolucion, id_ejemplar, id_cliente) values (CONVERT (DATE,'13/03/2022',103), CONVERT (DATE,'22/10/2022',103), '022372LB', '0000225');
insert into PRESTAMO (fecha_prestamo, fecha_devolucion, id_ejemplar, id_cliente) values (CONVERT (DATE,'15/02/2022',103), CONVERT (DATE,'17/11/2022',103), '022110LB', '0000117');
insert into PRESTAMO (fecha_prestamo, fecha_devolucion, id_ejemplar, id_cliente) values (CONVERT (DATE,'07/01/2022',103), CONVERT (DATE,'11/12/2022',103), '022348LB', '0000184');
insert into PRESTAMO (fecha_prestamo, fecha_devolucion, id_ejemplar, id_cliente) values (CONVERT (DATE,'03/06/2022',103), CONVERT (DATE,'17/06/2023',103), '022451LB', '0000235');
insert into PRESTAMO (fecha_prestamo, fecha_devolucion, id_ejemplar, id_cliente) values (CONVERT (DATE,'15/12/2021',103), CONVERT (DATE,'13/08/2022',103), '022553LB', '0000255');
insert into PRESTAMO (fecha_prestamo, fecha_devolucion, id_ejemplar, id_cliente) values (CONVERT (DATE,'21/01/2022',103), CONVERT (DATE,'31/07/2022',103), '022241LB', '0000256');
insert into PRESTAMO (fecha_prestamo, fecha_devolucion, id_ejemplar, id_cliente) values (CONVERT (DATE,'23/06/2022',103), CONVERT (DATE,'15/12/2022',103), '022438LB', '0000291');
insert into PRESTAMO (fecha_prestamo, fecha_devolucion, id_ejemplar, id_cliente) values (CONVERT (DATE,'09/01/2022',103), CONVERT (DATE,'06/08/2022',103), '022419LB', '0000264');
insert into PRESTAMO (fecha_prestamo, fecha_devolucion, id_ejemplar, id_cliente) values (CONVERT (DATE,'08/03/2022',103), CONVERT (DATE,'14/04/2023',103), '022579LB', '0000296');
insert into PRESTAMO (fecha_prestamo, fecha_devolucion, id_ejemplar, id_cliente) values (CONVERT (DATE,'10/02/2022',103), CONVERT (DATE,'06/12/2022',103), '022359LB', '0000108');
insert into PRESTAMO (fecha_prestamo, fecha_devolucion, id_ejemplar, id_cliente) values (CONVERT (DATE,'20/12/2021',103), CONVERT (DATE,'22/02/2023',103), '022226LB', '0000240');
insert into PRESTAMO (fecha_prestamo, fecha_devolucion, id_ejemplar, id_cliente) values (CONVERT (DATE,'23/01/2022',103), CONVERT (DATE,'12/11/2022',103), '022583LB', '0000134');
insert into PRESTAMO (fecha_prestamo, fecha_devolucion, id_ejemplar, id_cliente) values (CONVERT (DATE,'13/09/2021',103), CONVERT (DATE,'08/04/2023',103), '022415LB', '0000169');
insert into PRESTAMO (fecha_prestamo, fecha_devolucion, id_ejemplar, id_cliente) values (CONVERT (DATE,'05/04/2022',103), CONVERT (DATE,'24/10/2022',103), '022137LB', '0000274');
insert into PRESTAMO (fecha_prestamo, fecha_devolucion, id_ejemplar, id_cliente) values (CONVERT (DATE,'20/08/2021',103), CONVERT (DATE,'17/07/2022',103), '022188LB', '0000268');
insert into PRESTAMO (fecha_prestamo, fecha_devolucion, id_ejemplar, id_cliente) values (CONVERT (DATE,'24/08/2021',103), CONVERT (DATE,'18/06/2023',103), '022123LB', '0000216');
insert into PRESTAMO (fecha_prestamo, fecha_devolucion, id_ejemplar, id_cliente) values (CONVERT (DATE,'06/03/2022',103), CONVERT (DATE,'28/09/2022',103), '022389LB', '0000113');
insert into PRESTAMO (fecha_prestamo, fecha_devolucion, id_ejemplar, id_cliente) values (CONVERT (DATE,'01/10/2021',103), CONVERT (DATE,'11/08/2022',103), '022593LB', '0000121');
insert into PRESTAMO (fecha_prestamo, fecha_devolucion, id_ejemplar, id_cliente) values (CONVERT (DATE,'29/01/2022',103), CONVERT (DATE,'09/07/2022',103), '022113LB', '0000166');
insert into PRESTAMO (fecha_prestamo, fecha_devolucion, id_ejemplar, id_cliente) values (CONVERT (DATE,'20/10/2021',103), CONVERT (DATE,'12/08/2022',103), '022292LB', '0000134');
insert into PRESTAMO (fecha_prestamo, fecha_devolucion, id_ejemplar, id_cliente) values (CONVERT (DATE,'15/12/2021',103), CONVERT (DATE,'13/08/2022',103), '022193LB', '0000258');
insert into PRESTAMO (fecha_prestamo, fecha_devolucion, id_ejemplar, id_cliente) values (CONVERT (DATE,'01/06/2022',103), CONVERT (DATE,'23/05/2023',103), '022526LB', '0000171');
insert into PRESTAMO (fecha_prestamo, fecha_devolucion, id_ejemplar, id_cliente) values (CONVERT (DATE,'04/09/2021',103), CONVERT (DATE,'28/07/2022',103), '022201LB', '0000180');
insert into PRESTAMO (fecha_prestamo, fecha_devolucion, id_ejemplar, id_cliente) values (CONVERT (DATE,'21/12/2021',103), CONVERT (DATE,'13/07/2022',103), '022266LB', '0000132');
insert into PRESTAMO (fecha_prestamo, fecha_devolucion, id_ejemplar, id_cliente) values (CONVERT (DATE,'20/11/2021',103), CONVERT (DATE,'16/10/2022',103), '022393LB', '0000278');
insert into PRESTAMO (fecha_prestamo, fecha_devolucion, id_ejemplar, id_cliente) values (CONVERT (DATE,'17/07/2021',103), CONVERT (DATE,'09/03/2023',103), '022515LB', '0000257');
insert into PRESTAMO (fecha_prestamo, fecha_devolucion, id_ejemplar, id_cliente) values (CONVERT (DATE,'17/08/2021',103), CONVERT (DATE,'19/03/2023',103), '022245LB', '0000295');
insert into PRESTAMO (fecha_prestamo, fecha_devolucion, id_ejemplar, id_cliente) values (CONVERT (DATE,'06/11/2021',103), CONVERT (DATE,'18/08/2022',103), '022291LB', '0000260');
insert into PRESTAMO (fecha_prestamo, fecha_devolucion, id_ejemplar, id_cliente) values (CONVERT (DATE,'20/10/2021',103), CONVERT (DATE,'29/09/2022',103), '022373LB', '0000292');
insert into PRESTAMO (fecha_prestamo, fecha_devolucion, id_ejemplar, id_cliente) values (CONVERT (DATE,'05/03/2022',103), CONVERT (DATE,'29/05/2023',103), '022363LB', '0000294');
insert into PRESTAMO (fecha_prestamo, fecha_devolucion, id_ejemplar, id_cliente) values (CONVERT (DATE,'02/03/2022',103), CONVERT (DATE,'08/06/2023',103), '022269LB', '0000186');
insert into PRESTAMO (fecha_prestamo, fecha_devolucion, id_ejemplar, id_cliente) values (CONVERT (DATE,'08/07/2021',103), CONVERT (DATE,'02/01/2023',103), '022590LB', '0000182');
insert into PRESTAMO (fecha_prestamo, fecha_devolucion, id_ejemplar, id_cliente) values (CONVERT (DATE,'23/10/2021',103), CONVERT (DATE,'10/12/2022',103), '022140LB', '0000223');
insert into PRESTAMO (fecha_prestamo, fecha_devolucion, id_ejemplar, id_cliente) values (CONVERT (DATE,'07/07/2021',103), CONVERT (DATE,'26/07/2022',103), '022409LB', '0000214');
insert into PRESTAMO (fecha_prestamo, fecha_devolucion, id_ejemplar, id_cliente) values (CONVERT (DATE,'16/05/2022',103), CONVERT (DATE,'14/04/2023',103), '022426LB', '0000263');
insert into PRESTAMO (fecha_prestamo, fecha_devolucion, id_ejemplar, id_cliente) values (CONVERT (DATE,'01/02/2022',103), CONVERT (DATE,'12/05/2023',103), '022113LB', '0000293');
insert into PRESTAMO (fecha_prestamo, fecha_devolucion, id_ejemplar, id_cliente) values (CONVERT (DATE,'21/08/2021',103), CONVERT (DATE,'20/03/2023',103), '022379LB', '0000246');
insert into PRESTAMO (fecha_prestamo, fecha_devolucion, id_ejemplar, id_cliente) values (CONVERT (DATE,'27/06/2021',103), CONVERT (DATE,'07/09/2022',103), '022495LB', '0000268');
insert into PRESTAMO (fecha_prestamo, fecha_devolucion, id_ejemplar, id_cliente) values (CONVERT (DATE,'02/09/2021',103), CONVERT (DATE,'04/05/2023',103), '022121LB', '0000103');
insert into PRESTAMO (fecha_prestamo, fecha_devolucion, id_ejemplar, id_cliente) values (CONVERT (DATE,'27/04/2022',103), CONVERT (DATE,'29/03/2023',103), '022463LB', '0000221');
insert into PRESTAMO (fecha_prestamo, fecha_devolucion, id_ejemplar, id_cliente) values (CONVERT (DATE,'27/08/2021',103), CONVERT (DATE,'13/02/2023',103), '022374LB', '0000142');
insert into PRESTAMO (fecha_prestamo, fecha_devolucion, id_ejemplar, id_cliente) values (CONVERT (DATE,'20/09/2021',103), CONVERT (DATE,'29/11/2022',103), '022522LB', '0000278');
insert into PRESTAMO (fecha_prestamo, fecha_devolucion, id_ejemplar, id_cliente) values (CONVERT (DATE,'30/10/2021',103), CONVERT (DATE,'26/09/2022',103), '022518LB', '0000100');
insert into PRESTAMO (fecha_prestamo, fecha_devolucion, id_ejemplar, id_cliente) values (CONVERT (DATE,'31/08/2021',103), CONVERT (DATE,'12/05/2023',103), '022195LB', '0000197');
insert into PRESTAMO (fecha_prestamo, fecha_devolucion, id_ejemplar, id_cliente) values (CONVERT (DATE,'15/01/2022',103), CONVERT (DATE,'04/06/2023',103), '022470LB', '0000289');
insert into PRESTAMO (fecha_prestamo, fecha_devolucion, id_ejemplar, id_cliente) values (CONVERT (DATE,'20/08/2021',103), CONVERT (DATE,'01/06/2023',103), '022553LB', '0000261');
insert into PRESTAMO (fecha_prestamo, fecha_devolucion, id_ejemplar, id_cliente) values (CONVERT (DATE,'01/11/2021',103), CONVERT (DATE,'13/03/2023',103), '022471LB', '0000106');
insert into PRESTAMO (fecha_prestamo, fecha_devolucion, id_ejemplar, id_cliente) values (CONVERT (DATE,'08/05/2022',103), CONVERT (DATE,'19/06/2023',103), '022314LB', '0000271');
insert into PRESTAMO (fecha_prestamo, fecha_devolucion, id_ejemplar, id_cliente) values (CONVERT (DATE,'11/02/2022',103), CONVERT (DATE,'03/04/2023',103), '022220LB', '0000113');
insert into PRESTAMO (fecha_prestamo, fecha_devolucion, id_ejemplar, id_cliente) values (CONVERT (DATE,'09/05/2022',103), CONVERT (DATE,'07/09/2022',103), '022291LB', '0000100');
insert into PRESTAMO (fecha_prestamo, fecha_devolucion, id_ejemplar, id_cliente) values (CONVERT (DATE,'24/09/2021',103), CONVERT (DATE,'20/02/2023',103), '022155LB', '0000186');
insert into PRESTAMO (fecha_prestamo, fecha_devolucion, id_ejemplar, id_cliente) values (CONVERT (DATE,'30/06/2021',103), CONVERT (DATE,'07/03/2023',103), '022426LB', '0000281');
insert into PRESTAMO (fecha_prestamo, fecha_devolucion, id_ejemplar, id_cliente) values (CONVERT (DATE,'19/07/2021',103), CONVERT (DATE,'07/05/2023',103), '022381LB', '0000240');
insert into PRESTAMO (fecha_prestamo, fecha_devolucion, id_ejemplar, id_cliente) values (CONVERT (DATE,'06/05/2022',103), CONVERT (DATE,'04/02/2023',103), '022189LB', '0000146');
insert into PRESTAMO (fecha_prestamo, fecha_devolucion, id_ejemplar, id_cliente) values (CONVERT (DATE,'15/01/2022',103), CONVERT (DATE,'12/02/2023',103), '022271LB', '0000294');
insert into PRESTAMO (fecha_prestamo, fecha_devolucion, id_ejemplar, id_cliente) values (CONVERT (DATE,'05/02/2022',103), CONVERT (DATE,'29/08/2022',103), '022379LB', '0000114');
insert into PRESTAMO (fecha_prestamo, fecha_devolucion, id_ejemplar, id_cliente) values (CONVERT (DATE,'13/03/2022',103), CONVERT (DATE,'24/03/2023',103), '022395LB', '0000289');
insert into PRESTAMO (fecha_prestamo, fecha_devolucion, id_ejemplar, id_cliente) values (CONVERT (DATE,'08/08/2021',103), CONVERT (DATE,'30/05/2023',103), '022456LB', '0000260');
insert into PRESTAMO (fecha_prestamo, fecha_devolucion, id_ejemplar, id_cliente) values (CONVERT (DATE,'06/01/2022',103), CONVERT (DATE,'04/10/2022',103), '022437LB', '0000175');
insert into PRESTAMO (fecha_prestamo, fecha_devolucion, id_ejemplar, id_cliente) values (CONVERT (DATE,'21/03/2022',103), CONVERT (DATE,'21/08/2022',103), '022185LB', '0000184');
insert into PRESTAMO (fecha_prestamo, fecha_devolucion, id_ejemplar, id_cliente) values (CONVERT (DATE,'29/01/2022',103), CONVERT (DATE,'27/12/2022',103), '022389LB', '0000298');
insert into PRESTAMO (fecha_prestamo, fecha_devolucion, id_ejemplar, id_cliente) values (CONVERT (DATE,'14/02/2022',103), CONVERT (DATE,'26/02/2023',103), '022412LB', '0000105');
insert into PRESTAMO (fecha_prestamo, fecha_devolucion, id_ejemplar, id_cliente) values (CONVERT (DATE,'06/08/2021',103), CONVERT (DATE,'12/03/2023',103), '022166LB', '0000219');
insert into PRESTAMO (fecha_prestamo, fecha_devolucion, id_ejemplar, id_cliente) values (CONVERT (DATE,'02/07/2021',103), CONVERT (DATE,'27/03/2023',103), '022580LB', '0000101');
insert into PRESTAMO (fecha_prestamo, fecha_devolucion, id_ejemplar, id_cliente) values (CONVERT (DATE,'16/09/2021',103), CONVERT (DATE,'09/04/2023',103), '022246LB', '0000105');
insert into PRESTAMO (fecha_prestamo, fecha_devolucion, id_ejemplar, id_cliente) values (CONVERT (DATE,'31/01/2022',103), CONVERT (DATE,'29/11/2022',103), '022397LB', '0000178');
insert into PRESTAMO (fecha_prestamo, fecha_devolucion, id_ejemplar, id_cliente) values (CONVERT (DATE,'01/09/2021',103), CONVERT (DATE,'15/02/2023',103), '022580LB', '0000274');
insert into PRESTAMO (fecha_prestamo, fecha_devolucion, id_ejemplar, id_cliente) values (CONVERT (DATE,'11/09/2021',103), CONVERT (DATE,'24/05/2023',103), '022523LB', '0000287');
insert into PRESTAMO (fecha_prestamo, fecha_devolucion, id_ejemplar, id_cliente) values (CONVERT (DATE,'23/04/2022',103), CONVERT (DATE,'14/05/2023',103), '022273LB', '0000173');
insert into PRESTAMO (fecha_prestamo, fecha_devolucion, id_ejemplar, id_cliente) values (CONVERT (DATE,'29/09/2021',103), CONVERT (DATE,'23/06/2023',103), '022361LB', '0000220');
insert into PRESTAMO (fecha_prestamo, fecha_devolucion, id_ejemplar, id_cliente) values (CONVERT (DATE,'14/12/2021',103), CONVERT (DATE,'25/07/2022',103), '022585LB', '0000200');
insert into PRESTAMO (fecha_prestamo, fecha_devolucion, id_ejemplar, id_cliente) values (CONVERT (DATE,'30/08/2021',103), CONVERT (DATE,'14/08/2022',103), '022586LB', '0000262');
insert into PRESTAMO (fecha_prestamo, fecha_devolucion, id_ejemplar, id_cliente) values (CONVERT (DATE,'27/01/2022',103), CONVERT (DATE,'31/08/2022',103), '022117LB', '0000141');
insert into PRESTAMO (fecha_prestamo, fecha_devolucion, id_ejemplar, id_cliente) values (CONVERT (DATE,'19/06/2022',103), CONVERT (DATE,'09/09/2022',103), '022594LB', '0000152');
insert into PRESTAMO (fecha_prestamo, fecha_devolucion, id_ejemplar, id_cliente) values (CONVERT (DATE,'10/04/2022',103), CONVERT (DATE,'02/10/2022',103), '022298LB', '0000245');
insert into PRESTAMO (fecha_prestamo, fecha_devolucion, id_ejemplar, id_cliente) values (CONVERT (DATE,'30/09/2021',103), CONVERT (DATE,'12/12/2022',103), '022344LB', '0000188');
insert into PRESTAMO (fecha_prestamo, fecha_devolucion, id_ejemplar, id_cliente) values (CONVERT (DATE,'04/01/2022',103), CONVERT (DATE,'16/05/2023',103), '022184LB', '0000223');
insert into PRESTAMO (fecha_prestamo, fecha_devolucion, id_ejemplar, id_cliente) values (CONVERT (DATE,'15/09/2021',103), CONVERT (DATE,'18/07/2022',103), '022533LB', '0000273');
insert into PRESTAMO (fecha_prestamo, fecha_devolucion, id_ejemplar, id_cliente) values (CONVERT (DATE,'17/04/2022',103), CONVERT (DATE,'10/10/2022',103), '022318LB', '0000281');
insert into PRESTAMO (fecha_prestamo, fecha_devolucion, id_ejemplar, id_cliente) values (CONVERT (DATE,'11/06/2022',103), CONVERT (DATE,'09/03/2023',103), '022430LB', '0000195');
insert into PRESTAMO (fecha_prestamo, fecha_devolucion, id_ejemplar, id_cliente) values (CONVERT (DATE,'15/08/2021',103), CONVERT (DATE,'07/02/2023',103), '022193LB', '0000181');
insert into PRESTAMO (fecha_prestamo, fecha_devolucion, id_ejemplar, id_cliente) values (CONVERT (DATE,'08/03/2022',103), CONVERT (DATE,'27/08/2022',103), '022525LB', '0000290');
insert into PRESTAMO (fecha_prestamo, fecha_devolucion, id_ejemplar, id_cliente) values (CONVERT (DATE,'17/10/2021',103), CONVERT (DATE,'11/08/2022',103), '022555LB', '0000243');
insert into PRESTAMO (fecha_prestamo, fecha_devolucion, id_ejemplar, id_cliente) values (CONVERT (DATE,'20/11/2021',103), CONVERT (DATE,'13/09/2022',103), '022352LB', '0000155');
insert into PRESTAMO (fecha_prestamo, fecha_devolucion, id_ejemplar, id_cliente) values (CONVERT (DATE,'21/01/2022',103), CONVERT (DATE,'05/07/2022',103), '022496LB', '0000185');
insert into PRESTAMO (fecha_prestamo, fecha_devolucion, id_ejemplar, id_cliente) values (CONVERT (DATE,'21/07/2021',103), CONVERT (DATE,'17/12/2022',103), '022518LB', '0000270');
insert into PRESTAMO (fecha_prestamo, fecha_devolucion, id_ejemplar, id_cliente) values (CONVERT (DATE,'22/05/2022',103), CONVERT (DATE,'25/02/2023',103), '022125LB', '0000261');
insert into PRESTAMO (fecha_prestamo, fecha_devolucion, id_ejemplar, id_cliente) values (CONVERT (DATE,'27/12/2021',103), CONVERT (DATE,'28/02/2023',103), '022233LB', '0000160');
insert into PRESTAMO (fecha_prestamo, fecha_devolucion, id_ejemplar, id_cliente) values (CONVERT (DATE,'13/07/2021',103), CONVERT (DATE,'25/12/2022',103), '022361LB', '0000137');
insert into PRESTAMO (fecha_prestamo, fecha_devolucion, id_ejemplar, id_cliente) values (CONVERT (DATE,'24/09/2021',103), CONVERT (DATE,'03/02/2023',103), '022284LB', '0000164');
insert into PRESTAMO (fecha_prestamo, fecha_devolucion, id_ejemplar, id_cliente) values (CONVERT (DATE,'06/11/2021',103), CONVERT (DATE,'14/10/2022',103), '022306LB', '0000230');
insert into PRESTAMO (fecha_prestamo, fecha_devolucion, id_ejemplar, id_cliente) values (CONVERT (DATE,'29/11/2021',103), CONVERT (DATE,'16/04/2023',103), '022186LB', '0000212');
insert into PRESTAMO (fecha_prestamo, fecha_devolucion, id_ejemplar, id_cliente) values (CONVERT (DATE,'25/08/2021',103), CONVERT (DATE,'22/10/2022',103), '022400LB', '0000175');
insert into PRESTAMO (fecha_prestamo, fecha_devolucion, id_ejemplar, id_cliente) values (CONVERT (DATE,'29/03/2022',103), CONVERT (DATE,'01/01/2023',103), '022413LB', '0000160');
insert into PRESTAMO (fecha_prestamo, fecha_devolucion, id_ejemplar, id_cliente) values (CONVERT (DATE,'22/07/2021',103), CONVERT (DATE,'23/06/2023',103), '022314LB', '0000136');
insert into PRESTAMO (fecha_prestamo, fecha_devolucion, id_ejemplar, id_cliente) values (CONVERT (DATE,'28/05/2022',103), CONVERT (DATE,'25/10/2022',103), '022583LB', '0000208');
insert into PRESTAMO (fecha_prestamo, fecha_devolucion, id_ejemplar, id_cliente) values (CONVERT (DATE,'18/03/2022',103), CONVERT (DATE,'03/05/2023',103), '022191LB', '0000215');
insert into PRESTAMO (fecha_prestamo, fecha_devolucion, id_ejemplar, id_cliente) values (CONVERT (DATE,'02/10/2021',103), CONVERT (DATE,'12/04/2023',103), '022101LB', '0000144');
insert into PRESTAMO (fecha_prestamo, fecha_devolucion, id_ejemplar, id_cliente) values (CONVERT (DATE,'20/07/2021',103), CONVERT (DATE,'13/06/2023',103), '022510LB', '0000164');
insert into PRESTAMO (fecha_prestamo, fecha_devolucion, id_ejemplar, id_cliente) values (CONVERT (DATE,'17/07/2021',103), CONVERT (DATE,'12/01/2023',103), '022318LB', '0000116');
insert into PRESTAMO (fecha_prestamo, fecha_devolucion, id_ejemplar, id_cliente) values (CONVERT (DATE,'05/05/2022',103), CONVERT (DATE,'27/05/2023',103), '022590LB', '0000200');
insert into PRESTAMO (fecha_prestamo, fecha_devolucion, id_ejemplar, id_cliente) values (CONVERT (DATE,'24/04/2022',103), CONVERT (DATE,'08/05/2023',103), '022114LB', '0000145');
insert into PRESTAMO (fecha_prestamo, fecha_devolucion, id_ejemplar, id_cliente) values (CONVERT (DATE,'28/06/2021',103), CONVERT (DATE,'22/05/2023',103), '022369LB', '0000247');
insert into PRESTAMO (fecha_prestamo, fecha_devolucion, id_ejemplar, id_cliente) values (CONVERT (DATE,'04/04/2022',103), CONVERT (DATE,'28/11/2022',103), '022541LB', '0000214');
insert into PRESTAMO (fecha_prestamo, fecha_devolucion, id_ejemplar, id_cliente) values (CONVERT (DATE,'15/12/2021',103), CONVERT (DATE,'17/02/2023',103), '022553LB', '0000170');
insert into PRESTAMO (fecha_prestamo, fecha_devolucion, id_ejemplar, id_cliente) values (CONVERT (DATE,'07/09/2021',103), CONVERT (DATE,'21/10/2022',103), '022535LB', '0000227');
insert into PRESTAMO (fecha_prestamo, fecha_devolucion, id_ejemplar, id_cliente) values (CONVERT (DATE,'27/05/2022',103), CONVERT (DATE,'24/02/2023',103), '022551LB', '0000113');
insert into PRESTAMO (fecha_prestamo, fecha_devolucion, id_ejemplar, id_cliente) values (CONVERT (DATE,'11/02/2022',103), CONVERT (DATE,'23/12/2022',103), '022386LB', '0000282');
insert into PRESTAMO (fecha_prestamo, fecha_devolucion, id_ejemplar, id_cliente) values (CONVERT (DATE,'09/08/2021',103), CONVERT (DATE,'28/07/2022',103), '022471LB', '0000219');
insert into PRESTAMO (fecha_prestamo, fecha_devolucion, id_ejemplar, id_cliente) values (CONVERT (DATE,'14/05/2022',103), CONVERT (DATE,'14/02/2023',103), '022534LB', '0000206');
insert into PRESTAMO (fecha_prestamo, fecha_devolucion, id_ejemplar, id_cliente) values (CONVERT (DATE,'25/02/2022',103), CONVERT (DATE,'10/02/2023',103), '022428LB', '0000185');
insert into PRESTAMO (fecha_prestamo, fecha_devolucion, id_ejemplar, id_cliente) values (CONVERT (DATE,'28/07/2021',103), CONVERT (DATE,'18/07/2022',103), '022507LB', '0000150');
insert into PRESTAMO (fecha_prestamo, fecha_devolucion, id_ejemplar, id_cliente) values (CONVERT (DATE,'15/03/2022',103), CONVERT (DATE,'15/03/2023',103), '022468LB', '0000297');
go
insert into RESERVA_LIBRO (fecha_reserva, id_ejemplar, id_cliente) values (CONVERT (DATE,'04/09/2022',103), '022431LB', '0000240');
insert into RESERVA_LIBRO (fecha_reserva, id_ejemplar, id_cliente) values (CONVERT (DATE,'11/04/2023',103), '022430LB', '0000224');
insert into RESERVA_LIBRO (fecha_reserva, id_ejemplar, id_cliente) values (CONVERT (DATE,'19/11/2022',103), '022211LB', '0000275');
insert into RESERVA_LIBRO (fecha_reserva, id_ejemplar, id_cliente) values (CONVERT (DATE,'29/08/2022',103), '022278LB', '0000143');
insert into RESERVA_LIBRO (fecha_reserva, id_ejemplar, id_cliente) values (CONVERT (DATE,'02/01/2023',103), '022448LB', '0000264');
insert into RESERVA_LIBRO (fecha_reserva, id_ejemplar, id_cliente) values (CONVERT (DATE,'28/05/2023',103), '022547LB', '0000240');
insert into RESERVA_LIBRO (fecha_reserva, id_ejemplar, id_cliente) values (CONVERT (DATE,'04/09/2022',103), '022482LB', '0000287');
insert into RESERVA_LIBRO (fecha_reserva, id_ejemplar, id_cliente) values (CONVERT (DATE,'13/08/2022',103), '022468LB', '0000174');
insert into RESERVA_LIBRO (fecha_reserva, id_ejemplar, id_cliente) values (CONVERT (DATE,'24/03/2023',103), '022281LB', '0000157');
insert into RESERVA_LIBRO (fecha_reserva, id_ejemplar, id_cliente) values (CONVERT (DATE,'20/01/2023',103), '022424LB', '0000123');
insert into RESERVA_LIBRO (fecha_reserva, id_ejemplar, id_cliente) values (CONVERT (DATE,'18/02/2023',103), '022529LB', '0000275');
insert into RESERVA_LIBRO (fecha_reserva, id_ejemplar, id_cliente) values (CONVERT (DATE,'14/12/2022',103), '022413LB', '0000200');
insert into RESERVA_LIBRO (fecha_reserva, id_ejemplar, id_cliente) values (CONVERT (DATE,'29/06/2022',103), '022435LB', '0000213');
insert into RESERVA_LIBRO (fecha_reserva, id_ejemplar, id_cliente) values (CONVERT (DATE,'05/10/2022',103), '022543LB', '0000194');
insert into RESERVA_LIBRO (fecha_reserva, id_ejemplar, id_cliente) values (CONVERT (DATE,'28/12/2022',103), '022480LB', '0000253');
insert into RESERVA_LIBRO (fecha_reserva, id_ejemplar, id_cliente) values (CONVERT (DATE,'01/02/2023',103), '022461LB', '0000168');
insert into RESERVA_LIBRO (fecha_reserva, id_ejemplar, id_cliente) values (CONVERT (DATE,'19/06/2023',103), '022524LB', '0000169');
insert into RESERVA_LIBRO (fecha_reserva, id_ejemplar, id_cliente) values (CONVERT (DATE,'13/02/2023',103), '022417LB', '0000211');
insert into RESERVA_LIBRO (fecha_reserva, id_ejemplar, id_cliente) values (CONVERT (DATE,'13/07/2022',103), '022170LB', '0000225');
insert into RESERVA_LIBRO (fecha_reserva, id_ejemplar, id_cliente) values (CONVERT (DATE,'08/07/2022',103), '022297LB', '0000184');
insert into RESERVA_LIBRO (fecha_reserva, id_ejemplar, id_cliente) values (CONVERT (DATE,'14/01/2023',103), '022478LB', '0000232');
insert into RESERVA_LIBRO (fecha_reserva, id_ejemplar, id_cliente) values (CONVERT (DATE,'16/09/2022',103), '022565LB', '0000274');
insert into RESERVA_LIBRO (fecha_reserva, id_ejemplar, id_cliente) values (CONVERT (DATE,'12/04/2023',103), '022202LB', '0000179');
insert into RESERVA_LIBRO (fecha_reserva, id_ejemplar, id_cliente) values (CONVERT (DATE,'30/06/2022',103), '022563LB', '0000134');
insert into RESERVA_LIBRO (fecha_reserva, id_ejemplar, id_cliente) values (CONVERT (DATE,'01/01/2023',103), '022104LB', '0000143');
insert into RESERVA_LIBRO (fecha_reserva, id_ejemplar, id_cliente) values (CONVERT (DATE,'16/06/2023',103), '022552LB', '0000293');
insert into RESERVA_LIBRO (fecha_reserva, id_ejemplar, id_cliente) values (CONVERT (DATE,'06/12/2022',103), '022489LB', '0000281');
insert into RESERVA_LIBRO (fecha_reserva, id_ejemplar, id_cliente) values (CONVERT (DATE,'12/10/2022',103), '022582LB', '0000147');
insert into RESERVA_LIBRO (fecha_reserva, id_ejemplar, id_cliente) values (CONVERT (DATE,'21/05/2023',103), '022548LB', '0000218');
insert into RESERVA_LIBRO (fecha_reserva, id_ejemplar, id_cliente) values (CONVERT (DATE,'24/05/2023',103), '022413LB', '0000101');
insert into RESERVA_LIBRO (fecha_reserva, id_ejemplar, id_cliente) values (CONVERT (DATE,'24/04/2023',103), '022162LB', '0000141');
insert into RESERVA_LIBRO (fecha_reserva, id_ejemplar, id_cliente) values (CONVERT (DATE,'01/10/2022',103), '022321LB', '0000295');
insert into RESERVA_LIBRO (fecha_reserva, id_ejemplar, id_cliente) values (CONVERT (DATE,'07/10/2022',103), '022162LB', '0000215');
insert into RESERVA_LIBRO (fecha_reserva, id_ejemplar, id_cliente) values (CONVERT (DATE,'07/05/2023',103), '022195LB', '0000295');
insert into RESERVA_LIBRO (fecha_reserva, id_ejemplar, id_cliente) values (CONVERT (DATE,'27/01/2023',103), '022104LB', '0000250');
insert into RESERVA_LIBRO (fecha_reserva, id_ejemplar, id_cliente) values (CONVERT (DATE,'22/05/2023',103), '022287LB', '0000136');
insert into RESERVA_LIBRO (fecha_reserva, id_ejemplar, id_cliente) values (CONVERT (DATE,'06/12/2022',103), '022528LB', '0000200');
insert into RESERVA_LIBRO (fecha_reserva, id_ejemplar, id_cliente) values (CONVERT (DATE,'24/04/2023',103), '022278LB', '0000178');
insert into RESERVA_LIBRO (fecha_reserva, id_ejemplar, id_cliente) values (CONVERT (DATE,'03/08/2022',103), '022594LB', '0000257');
insert into RESERVA_LIBRO (fecha_reserva, id_ejemplar, id_cliente) values (CONVERT (DATE,'04/08/2022',103), '022424LB', '0000134');
insert into RESERVA_LIBRO (fecha_reserva, id_ejemplar, id_cliente) values (CONVERT (DATE,'02/02/2023',103), '022159LB', '0000124');
insert into RESERVA_LIBRO (fecha_reserva, id_ejemplar, id_cliente) values (CONVERT (DATE,'27/01/2023',103), '022226LB', '0000264');
insert into RESERVA_LIBRO (fecha_reserva, id_ejemplar, id_cliente) values (CONVERT (DATE,'13/05/2023',103), '022139LB', '0000285');
insert into RESERVA_LIBRO (fecha_reserva, id_ejemplar, id_cliente) values (CONVERT (DATE,'16/11/2022',103), '022393LB', '0000270');
insert into RESERVA_LIBRO (fecha_reserva, id_ejemplar, id_cliente) values (CONVERT (DATE,'02/07/2022',103), '022409LB', '0000110');
insert into RESERVA_LIBRO (fecha_reserva, id_ejemplar, id_cliente) values (CONVERT (DATE,'05/07/2022',103), '022577LB', '0000273');
insert into RESERVA_LIBRO (fecha_reserva, id_ejemplar, id_cliente) values (CONVERT (DATE,'12/11/2022',103), '022430LB', '0000157');
insert into RESERVA_LIBRO (fecha_reserva, id_ejemplar, id_cliente) values (CONVERT (DATE,'19/06/2023',103), '022588LB', '0000212');
insert into RESERVA_LIBRO (fecha_reserva, id_ejemplar, id_cliente) values (CONVERT (DATE,'18/01/2023',103), '022180LB', '0000147');
insert into RESERVA_LIBRO (fecha_reserva, id_ejemplar, id_cliente) values (CONVERT (DATE,'09/06/2023',103), '022241LB', '0000176');
insert into RESERVA_LIBRO (fecha_reserva, id_ejemplar, id_cliente) values (CONVERT (DATE,'29/06/2022',103), '022330LB', '0000239');
insert into RESERVA_LIBRO (fecha_reserva, id_ejemplar, id_cliente) values (CONVERT (DATE,'08/03/2023',103), '022136LB', '0000290');
insert into RESERVA_LIBRO (fecha_reserva, id_ejemplar, id_cliente) values (CONVERT (DATE,'19/01/2023',103), '022317LB', '0000249');
insert into RESERVA_LIBRO (fecha_reserva, id_ejemplar, id_cliente) values (CONVERT (DATE,'27/10/2022',103), '022201LB', '0000274');
insert into RESERVA_LIBRO (fecha_reserva, id_ejemplar, id_cliente) values (CONVERT (DATE,'14/08/2022',103), '022488LB', '0000244');
insert into RESERVA_LIBRO (fecha_reserva, id_ejemplar, id_cliente) values (CONVERT (DATE,'08/03/2023',103), '022343LB', '0000195');
insert into RESERVA_LIBRO (fecha_reserva, id_ejemplar, id_cliente) values (CONVERT (DATE,'02/12/2022',103), '022530LB', '0000249');
insert into RESERVA_LIBRO (fecha_reserva, id_ejemplar, id_cliente) values (CONVERT (DATE,'05/08/2022',103), '022263LB', '0000116');
insert into RESERVA_LIBRO (fecha_reserva, id_ejemplar, id_cliente) values (CONVERT (DATE,'29/08/2022',103), '022270LB', '0000251');
insert into RESERVA_LIBRO (fecha_reserva, id_ejemplar, id_cliente) values (CONVERT (DATE,'19/08/2022',103), '022261LB', '0000178');
insert into RESERVA_LIBRO (fecha_reserva, id_ejemplar, id_cliente) values (CONVERT (DATE,'12/05/2023',103), '022335LB', '0000182');
insert into RESERVA_LIBRO (fecha_reserva, id_ejemplar, id_cliente) values (CONVERT (DATE,'09/02/2023',103), '022459LB', '0000108');
insert into RESERVA_LIBRO (fecha_reserva, id_ejemplar, id_cliente) values (CONVERT (DATE,'02/07/2022',103), '022248LB', '0000103');
insert into RESERVA_LIBRO (fecha_reserva, id_ejemplar, id_cliente) values (CONVERT (DATE,'26/12/2022',103), '022578LB', '0000151');
insert into RESERVA_LIBRO (fecha_reserva, id_ejemplar, id_cliente) values (CONVERT (DATE,'02/03/2023',103), '022540LB', '0000277');
insert into RESERVA_LIBRO (fecha_reserva, id_ejemplar, id_cliente) values (CONVERT (DATE,'08/08/2022',103), '022345LB', '0000128');
insert into RESERVA_LIBRO (fecha_reserva, id_ejemplar, id_cliente) values (CONVERT (DATE,'03/11/2022',103), '022515LB', '0000284');
insert into RESERVA_LIBRO (fecha_reserva, id_ejemplar, id_cliente) values (CONVERT (DATE,'13/07/2022',103), '022578LB', '0000230');
insert into RESERVA_LIBRO (fecha_reserva, id_ejemplar, id_cliente) values (CONVERT (DATE,'11/12/2022',103), '022547LB', '0000198');
insert into RESERVA_LIBRO (fecha_reserva, id_ejemplar, id_cliente) values (CONVERT (DATE,'24/12/2022',103), '022159LB', '0000160');
insert into RESERVA_LIBRO (fecha_reserva, id_ejemplar, id_cliente) values (CONVERT (DATE,'08/01/2023',103), '022240LB', '0000105');
insert into RESERVA_LIBRO (fecha_reserva, id_ejemplar, id_cliente) values (CONVERT (DATE,'25/12/2022',103), '022403LB', '0000269');
insert into RESERVA_LIBRO (fecha_reserva, id_ejemplar, id_cliente) values (CONVERT (DATE,'11/12/2022',103), '022471LB', '0000287');
insert into RESERVA_LIBRO (fecha_reserva, id_ejemplar, id_cliente) values (CONVERT (DATE,'24/02/2023',103), '022269LB', '0000159');
insert into RESERVA_LIBRO (fecha_reserva, id_ejemplar, id_cliente) values (CONVERT (DATE,'08/05/2023',103), '022530LB', '0000210');
insert into RESERVA_LIBRO (fecha_reserva, id_ejemplar, id_cliente) values (CONVERT (DATE,'31/12/2022',103), '022569LB', '0000288');
insert into RESERVA_LIBRO (fecha_reserva, id_ejemplar, id_cliente) values (CONVERT (DATE,'23/04/2023',103), '022338LB', '0000168');
insert into RESERVA_LIBRO (fecha_reserva, id_ejemplar, id_cliente) values (CONVERT (DATE,'26/12/2022',103), '022408LB', '0000188');
insert into RESERVA_LIBRO (fecha_reserva, id_ejemplar, id_cliente) values (CONVERT (DATE,'23/09/2022',103), '022333LB', '0000124');
insert into RESERVA_LIBRO (fecha_reserva, id_ejemplar, id_cliente) values (CONVERT (DATE,'29/11/2022',103), '022104LB', '0000135');
insert into RESERVA_LIBRO (fecha_reserva, id_ejemplar, id_cliente) values (CONVERT (DATE,'30/10/2022',103), '022375LB', '0000198');
insert into RESERVA_LIBRO (fecha_reserva, id_ejemplar, id_cliente) values (CONVERT (DATE,'18/06/2023',103), '022224LB', '0000287');
insert into RESERVA_LIBRO (fecha_reserva, id_ejemplar, id_cliente) values (CONVERT (DATE,'26/06/2022',103), '022348LB', '0000261');
insert into RESERVA_LIBRO (fecha_reserva, id_ejemplar, id_cliente) values (CONVERT (DATE,'12/08/2022',103), '022583LB', '0000176');
insert into RESERVA_LIBRO (fecha_reserva, id_ejemplar, id_cliente) values (CONVERT (DATE,'09/11/2022',103), '022400LB', '0000263');
insert into RESERVA_LIBRO (fecha_reserva, id_ejemplar, id_cliente) values (CONVERT (DATE,'05/05/2023',103), '022206LB', '0000284');
insert into RESERVA_LIBRO (fecha_reserva, id_ejemplar, id_cliente) values (CONVERT (DATE,'25/09/2022',103), '022268LB', '0000222');
insert into RESERVA_LIBRO (fecha_reserva, id_ejemplar, id_cliente) values (CONVERT (DATE,'08/06/2023',103), '022374LB', '0000198');
insert into RESERVA_LIBRO (fecha_reserva, id_ejemplar, id_cliente) values (CONVERT (DATE,'21/07/2022',103), '022445LB', '0000110');
insert into RESERVA_LIBRO (fecha_reserva, id_ejemplar, id_cliente) values (CONVERT (DATE,'06/07/2022',103), '022510LB', '0000279');
insert into RESERVA_LIBRO (fecha_reserva, id_ejemplar, id_cliente) values (CONVERT (DATE,'14/07/2022',103), '022423LB', '0000278');
insert into RESERVA_LIBRO (fecha_reserva, id_ejemplar, id_cliente) values (CONVERT (DATE,'22/06/2023',103), '022523LB', '0000185');
insert into RESERVA_LIBRO (fecha_reserva, id_ejemplar, id_cliente) values (CONVERT (DATE,'09/03/2023',103), '022422LB', '0000109');
insert into RESERVA_LIBRO (fecha_reserva, id_ejemplar, id_cliente) values (CONVERT (DATE,'26/04/2023',103), '022277LB', '0000129');
insert into RESERVA_LIBRO (fecha_reserva, id_ejemplar, id_cliente) values (CONVERT (DATE,'01/07/2022',103), '022390LB', '0000141');
insert into RESERVA_LIBRO (fecha_reserva, id_ejemplar, id_cliente) values (CONVERT (DATE,'10/12/2022',103), '022332LB', '0000143');
insert into RESERVA_LIBRO (fecha_reserva, id_ejemplar, id_cliente) values (CONVERT (DATE,'15/12/2022',103), '022130LB', '0000127');
insert into RESERVA_LIBRO (fecha_reserva, id_ejemplar, id_cliente) values (CONVERT (DATE,'27/07/2022',103), '022349LB', '0000136');
insert into RESERVA_LIBRO (fecha_reserva, id_ejemplar, id_cliente) values (CONVERT (DATE,'15/03/2023',103), '022214LB', '0000123');
insert into RESERVA_LIBRO (fecha_reserva, id_ejemplar, id_cliente) values (CONVERT (DATE,'08/12/2022',103), '022489LB', '0000175');
insert into RESERVA_LIBRO (fecha_reserva, id_ejemplar, id_cliente) values (CONVERT (DATE,'07/09/2022',103), '022413LB', '0000139');
insert into RESERVA_LIBRO (fecha_reserva, id_ejemplar, id_cliente) values (CONVERT (DATE,'27/07/2022',103), '022191LB', '0000137');
insert into RESERVA_LIBRO (fecha_reserva, id_ejemplar, id_cliente) values (CONVERT (DATE,'05/05/2023',103), '022174LB', '0000133');
insert into RESERVA_LIBRO (fecha_reserva, id_ejemplar, id_cliente) values (CONVERT (DATE,'31/01/2023',103), '022175LB', '0000280');
insert into RESERVA_LIBRO (fecha_reserva, id_ejemplar, id_cliente) values (CONVERT (DATE,'11/03/2023',103), '022292LB', '0000166');
insert into RESERVA_LIBRO (fecha_reserva, id_ejemplar, id_cliente) values (CONVERT (DATE,'01/11/2022',103), '022202LB', '0000137');
insert into RESERVA_LIBRO (fecha_reserva, id_ejemplar, id_cliente) values (CONVERT (DATE,'30/06/2022',103), '022189LB', '0000232');
insert into RESERVA_LIBRO (fecha_reserva, id_ejemplar, id_cliente) values (CONVERT (DATE,'22/10/2022',103), '022328LB', '0000136');
insert into RESERVA_LIBRO (fecha_reserva, id_ejemplar, id_cliente) values (CONVERT (DATE,'20/07/2022',103), '022103LB', '0000217');
insert into RESERVA_LIBRO (fecha_reserva, id_ejemplar, id_cliente) values (CONVERT (DATE,'27/04/2023',103), '022268LB', '0000148');
insert into RESERVA_LIBRO (fecha_reserva, id_ejemplar, id_cliente) values (CONVERT (DATE,'28/03/2023',103), '022329LB', '0000258');
insert into RESERVA_LIBRO (fecha_reserva, id_ejemplar, id_cliente) values (CONVERT (DATE,'16/11/2022',103), '022589LB', '0000116');
insert into RESERVA_LIBRO (fecha_reserva, id_ejemplar, id_cliente) values (CONVERT (DATE,'23/09/2022',103), '022302LB', '0000221');
insert into RESERVA_LIBRO (fecha_reserva, id_ejemplar, id_cliente) values (CONVERT (DATE,'14/11/2022',103), '022600LB', '0000259');
insert into RESERVA_LIBRO (fecha_reserva, id_ejemplar, id_cliente) values (CONVERT (DATE,'03/11/2022',103), '022171LB', '0000189');
insert into RESERVA_LIBRO (fecha_reserva, id_ejemplar, id_cliente) values (CONVERT (DATE,'02/03/2023',103), '022220LB', '0000216');
insert into RESERVA_LIBRO (fecha_reserva, id_ejemplar, id_cliente) values (CONVERT (DATE,'22/03/2023',103), '022343LB', '0000184');
insert into RESERVA_LIBRO (fecha_reserva, id_ejemplar, id_cliente) values (CONVERT (DATE,'27/07/2022',103), '022283LB', '0000163');
insert into RESERVA_LIBRO (fecha_reserva, id_ejemplar, id_cliente) values (CONVERT (DATE,'14/08/2022',103), '022381LB', '0000175');
insert into RESERVA_LIBRO (fecha_reserva, id_ejemplar, id_cliente) values (CONVERT (DATE,'24/01/2023',103), '022523LB', '0000257');
insert into RESERVA_LIBRO (fecha_reserva, id_ejemplar, id_cliente) values (CONVERT (DATE,'23/10/2022',103), '022157LB', '0000119');
insert into RESERVA_LIBRO (fecha_reserva, id_ejemplar, id_cliente) values (CONVERT (DATE,'23/09/2022',103), '022313LB', '0000134');
insert into RESERVA_LIBRO (fecha_reserva, id_ejemplar, id_cliente) values (CONVERT (DATE,'08/06/2023',103), '022207LB', '0000241');
insert into RESERVA_LIBRO (fecha_reserva, id_ejemplar, id_cliente) values (CONVERT (DATE,'26/05/2023',103), '022402LB', '0000216');
insert into RESERVA_LIBRO (fecha_reserva, id_ejemplar, id_cliente) values (CONVERT (DATE,'28/05/2023',103), '022585LB', '0000164');
insert into RESERVA_LIBRO (fecha_reserva, id_ejemplar, id_cliente) values (CONVERT (DATE,'26/04/2023',103), '022324LB', '0000190');
insert into RESERVA_LIBRO (fecha_reserva, id_ejemplar, id_cliente) values (CONVERT (DATE,'18/02/2023',103), '022535LB', '0000213');
insert into RESERVA_LIBRO (fecha_reserva, id_ejemplar, id_cliente) values (CONVERT (DATE,'01/10/2022',103), '022363LB', '0000281');
insert into RESERVA_LIBRO (fecha_reserva, id_ejemplar, id_cliente) values (CONVERT (DATE,'15/02/2023',103), '022191LB', '0000211');
insert into RESERVA_LIBRO (fecha_reserva, id_ejemplar, id_cliente) values (CONVERT (DATE,'27/03/2023',103), '022314LB', '0000251');
insert into RESERVA_LIBRO (fecha_reserva, id_ejemplar, id_cliente) values (CONVERT (DATE,'15/06/2023',103), '022190LB', '0000260');
insert into RESERVA_LIBRO (fecha_reserva, id_ejemplar, id_cliente) values (CONVERT (DATE,'03/10/2022',103), '022569LB', '0000187');
insert into RESERVA_LIBRO (fecha_reserva, id_ejemplar, id_cliente) values (CONVERT (DATE,'31/10/2022',103), '022123LB', '0000174');
insert into RESERVA_LIBRO (fecha_reserva, id_ejemplar, id_cliente) values (CONVERT (DATE,'07/12/2022',103), '022446LB', '0000276');
insert into RESERVA_LIBRO (fecha_reserva, id_ejemplar, id_cliente) values (CONVERT (DATE,'04/01/2023',103), '022236LB', '0000102');
insert into RESERVA_LIBRO (fecha_reserva, id_ejemplar, id_cliente) values (CONVERT (DATE,'07/11/2022',103), '022109LB', '0000226');
insert into RESERVA_LIBRO (fecha_reserva, id_ejemplar, id_cliente) values (CONVERT (DATE,'18/08/2022',103), '022232LB', '0000156');
insert into RESERVA_LIBRO (fecha_reserva, id_ejemplar, id_cliente) values (CONVERT (DATE,'28/08/2022',103), '022525LB', '0000119');
insert into RESERVA_LIBRO (fecha_reserva, id_ejemplar, id_cliente) values (CONVERT (DATE,'23/06/2023',103), '022171LB', '0000136');
insert into RESERVA_LIBRO (fecha_reserva, id_ejemplar, id_cliente) values (CONVERT (DATE,'03/04/2023',103), '022177LB', '0000284');
insert into RESERVA_LIBRO (fecha_reserva, id_ejemplar, id_cliente) values (CONVERT (DATE,'07/07/2022',103), '022137LB', '0000106');
insert into RESERVA_LIBRO (fecha_reserva, id_ejemplar, id_cliente) values (CONVERT (DATE,'14/04/2023',103), '022454LB', '0000160');
insert into RESERVA_LIBRO (fecha_reserva, id_ejemplar, id_cliente) values (CONVERT (DATE,'10/07/2022',103), '022191LB', '0000231');
insert into RESERVA_LIBRO (fecha_reserva, id_ejemplar, id_cliente) values (CONVERT (DATE,'05/03/2023',103), '022183LB', '0000224');
insert into RESERVA_LIBRO (fecha_reserva, id_ejemplar, id_cliente) values (CONVERT (DATE,'04/09/2022',103), '022228LB', '0000204');
insert into RESERVA_LIBRO (fecha_reserva, id_ejemplar, id_cliente) values (CONVERT (DATE,'13/06/2023',103), '022498LB', '0000114');
insert into RESERVA_LIBRO (fecha_reserva, id_ejemplar, id_cliente) values (CONVERT (DATE,'02/08/2022',103), '022170LB', '0000109');
insert into RESERVA_LIBRO (fecha_reserva, id_ejemplar, id_cliente) values (CONVERT (DATE,'19/08/2022',103), '022160LB', '0000271');
insert into RESERVA_LIBRO (fecha_reserva, id_ejemplar, id_cliente) values (CONVERT (DATE,'07/07/2022',103), '022477LB', '0000104');
insert into RESERVA_LIBRO (fecha_reserva, id_ejemplar, id_cliente) values (CONVERT (DATE,'18/12/2022',103), '022493LB', '0000167');
insert into RESERVA_LIBRO (fecha_reserva, id_ejemplar, id_cliente) values (CONVERT (DATE,'08/01/2023',103), '022218LB', '0000172');
insert into RESERVA_LIBRO (fecha_reserva, id_ejemplar, id_cliente) values (CONVERT (DATE,'08/12/2022',103), '022390LB', '0000205');
insert into RESERVA_LIBRO (fecha_reserva, id_ejemplar, id_cliente) values (CONVERT (DATE,'21/01/2023',103), '022115LB', '0000207');
insert into RESERVA_LIBRO (fecha_reserva, id_ejemplar, id_cliente) values (CONVERT (DATE,'28/02/2023',103), '022423LB', '0000150');
insert into RESERVA_LIBRO (fecha_reserva, id_ejemplar, id_cliente) values (CONVERT (DATE,'17/01/2023',103), '022510LB', '0000295');
insert into RESERVA_LIBRO (fecha_reserva, id_ejemplar, id_cliente) values (CONVERT (DATE,'30/09/2022',103), '022574LB', '0000274');
insert into RESERVA_LIBRO (fecha_reserva, id_ejemplar, id_cliente) values (CONVERT (DATE,'12/10/2022',103), '022300LB', '0000196');
insert into RESERVA_LIBRO (fecha_reserva, id_ejemplar, id_cliente) values (CONVERT (DATE,'09/05/2023',103), '022452LB', '0000176');
insert into RESERVA_LIBRO (fecha_reserva, id_ejemplar, id_cliente) values (CONVERT (DATE,'02/09/2022',103), '022518LB', '0000172');
insert into RESERVA_LIBRO (fecha_reserva, id_ejemplar, id_cliente) values (CONVERT (DATE,'19/05/2023',103), '022196LB', '0000273');
insert into RESERVA_LIBRO (fecha_reserva, id_ejemplar, id_cliente) values (CONVERT (DATE,'17/08/2022',103), '022443LB', '0000290');
insert into RESERVA_LIBRO (fecha_reserva, id_ejemplar, id_cliente) values (CONVERT (DATE,'24/07/2022',103), '022244LB', '0000242');
insert into RESERVA_LIBRO (fecha_reserva, id_ejemplar, id_cliente) values (CONVERT (DATE,'29/08/2022',103), '022452LB', '0000261');
insert into RESERVA_LIBRO (fecha_reserva, id_ejemplar, id_cliente) values (CONVERT (DATE,'14/02/2023',103), '022549LB', '0000218');
insert into RESERVA_LIBRO (fecha_reserva, id_ejemplar, id_cliente) values (CONVERT (DATE,'03/02/2023',103), '022172LB', '0000247');
insert into RESERVA_LIBRO (fecha_reserva, id_ejemplar, id_cliente) values (CONVERT (DATE,'22/11/2022',103), '022387LB', '0000287');
insert into RESERVA_LIBRO (fecha_reserva, id_ejemplar, id_cliente) values (CONVERT (DATE,'22/11/2022',103), '022474LB', '0000108');
insert into RESERVA_LIBRO (fecha_reserva, id_ejemplar, id_cliente) values (CONVERT (DATE,'25/03/2023',103), '022253LB', '0000113');
insert into RESERVA_LIBRO (fecha_reserva, id_ejemplar, id_cliente) values (CONVERT (DATE,'25/10/2022',103), '022536LB', '0000221');
insert into RESERVA_LIBRO (fecha_reserva, id_ejemplar, id_cliente) values (CONVERT (DATE,'04/10/2022',103), '022233LB', '0000156');
insert into RESERVA_LIBRO (fecha_reserva, id_ejemplar, id_cliente) values (CONVERT (DATE,'14/01/2023',103), '022507LB', '0000300');
insert into RESERVA_LIBRO (fecha_reserva, id_ejemplar, id_cliente) values (CONVERT (DATE,'13/03/2023',103), '022255LB', '0000269');
insert into RESERVA_LIBRO (fecha_reserva, id_ejemplar, id_cliente) values (CONVERT (DATE,'06/05/2023',103), '022103LB', '0000243');
insert into RESERVA_LIBRO (fecha_reserva, id_ejemplar, id_cliente) values (CONVERT (DATE,'30/09/2022',103), '022438LB', '0000265');
insert into RESERVA_LIBRO (fecha_reserva, id_ejemplar, id_cliente) values (CONVERT (DATE,'09/10/2022',103), '022375LB', '0000227');
insert into RESERVA_LIBRO (fecha_reserva, id_ejemplar, id_cliente) values (CONVERT (DATE,'18/10/2022',103), '022524LB', '0000191');
insert into RESERVA_LIBRO (fecha_reserva, id_ejemplar, id_cliente) values (CONVERT (DATE,'25/11/2022',103), '022399LB', '0000204');
insert into RESERVA_LIBRO (fecha_reserva, id_ejemplar, id_cliente) values (CONVERT (DATE,'04/09/2022',103), '022290LB', '0000223');
insert into RESERVA_LIBRO (fecha_reserva, id_ejemplar, id_cliente) values (CONVERT (DATE,'07/10/2022',103), '022362LB', '0000158');
insert into RESERVA_LIBRO (fecha_reserva, id_ejemplar, id_cliente) values (CONVERT (DATE,'19/01/2023',103), '022459LB', '0000235');
insert into RESERVA_LIBRO (fecha_reserva, id_ejemplar, id_cliente) values (CONVERT (DATE,'18/05/2023',103), '022440LB', '0000185');
insert into RESERVA_LIBRO (fecha_reserva, id_ejemplar, id_cliente) values (CONVERT (DATE,'27/11/2022',103), '022172LB', '0000105');
insert into RESERVA_LIBRO (fecha_reserva, id_ejemplar, id_cliente) values (CONVERT (DATE,'09/08/2022',103), '022176LB', '0000123');
insert into RESERVA_LIBRO (fecha_reserva, id_ejemplar, id_cliente) values (CONVERT (DATE,'19/09/2022',103), '022542LB', '0000103');
insert into RESERVA_LIBRO (fecha_reserva, id_ejemplar, id_cliente) values (CONVERT (DATE,'28/11/2022',103), '022563LB', '0000281');
insert into RESERVA_LIBRO (fecha_reserva, id_ejemplar, id_cliente) values (CONVERT (DATE,'06/02/2023',103), '022178LB', '0000148');
insert into RESERVA_LIBRO (fecha_reserva, id_ejemplar, id_cliente) values (CONVERT (DATE,'09/09/2022',103), '022496LB', '0000286');
insert into RESERVA_LIBRO (fecha_reserva, id_ejemplar, id_cliente) values (CONVERT (DATE,'06/06/2023',103), '022265LB', '0000266');
insert into RESERVA_LIBRO (fecha_reserva, id_ejemplar, id_cliente) values (CONVERT (DATE,'10/01/2023',103), '022208LB', '0000129');
insert into RESERVA_LIBRO (fecha_reserva, id_ejemplar, id_cliente) values (CONVERT (DATE,'25/06/2022',103), '022499LB', '0000162');
insert into RESERVA_LIBRO (fecha_reserva, id_ejemplar, id_cliente) values (CONVERT (DATE,'04/11/2022',103), '022448LB', '0000240');
insert into RESERVA_LIBRO (fecha_reserva, id_ejemplar, id_cliente) values (CONVERT (DATE,'10/08/2022',103), '022355LB', '0000242');
insert into RESERVA_LIBRO (fecha_reserva, id_ejemplar, id_cliente) values (CONVERT (DATE,'19/04/2023',103), '022351LB', '0000134');
insert into RESERVA_LIBRO (fecha_reserva, id_ejemplar, id_cliente) values (CONVERT (DATE,'28/04/2023',103), '022422LB', '0000149');
insert into RESERVA_LIBRO (fecha_reserva, id_ejemplar, id_cliente) values (CONVERT (DATE,'10/06/2023',103), '022551LB', '0000184');
insert into RESERVA_LIBRO (fecha_reserva, id_ejemplar, id_cliente) values (CONVERT (DATE,'11/10/2022',103), '022417LB', '0000225');
insert into RESERVA_LIBRO (fecha_reserva, id_ejemplar, id_cliente) values (CONVERT (DATE,'13/11/2022',103), '022257LB', '0000253');
insert into RESERVA_LIBRO (fecha_reserva, id_ejemplar, id_cliente) values (CONVERT (DATE,'29/06/2022',103), '022330LB', '0000178');
insert into RESERVA_LIBRO (fecha_reserva, id_ejemplar, id_cliente) values (CONVERT (DATE,'25/05/2023',103), '022418LB', '0000297');
insert into RESERVA_LIBRO (fecha_reserva, id_ejemplar, id_cliente) values (CONVERT (DATE,'30/09/2022',103), '022596LB', '0000142');
insert into RESERVA_LIBRO (fecha_reserva, id_ejemplar, id_cliente) values (CONVERT (DATE,'28/09/2022',103), '022371LB', '0000140');
insert into RESERVA_LIBRO (fecha_reserva, id_ejemplar, id_cliente) values (CONVERT (DATE,'10/01/2023',103), '022407LB', '0000236');
insert into RESERVA_LIBRO (fecha_reserva, id_ejemplar, id_cliente) values (CONVERT (DATE,'26/07/2022',103), '022595LB', '0000214');
insert into RESERVA_LIBRO (fecha_reserva, id_ejemplar, id_cliente) values (CONVERT (DATE,'15/03/2023',103), '022450LB', '0000250');
insert into RESERVA_LIBRO (fecha_reserva, id_ejemplar, id_cliente) values (CONVERT (DATE,'04/10/2022',103), '022431LB', '0000283');
insert into RESERVA_LIBRO (fecha_reserva, id_ejemplar, id_cliente) values (CONVERT (DATE,'28/05/2023',103), '022157LB', '0000225');
insert into RESERVA_LIBRO (fecha_reserva, id_ejemplar, id_cliente) values (CONVERT (DATE,'06/03/2023',103), '022441LB', '0000137');
insert into RESERVA_LIBRO (fecha_reserva, id_ejemplar, id_cliente) values (CONVERT (DATE,'07/09/2022',103), '022457LB', '0000227');
insert into RESERVA_LIBRO (fecha_reserva, id_ejemplar, id_cliente) values (CONVERT (DATE,'22/11/2022',103), '022157LB', '0000160');
insert into RESERVA_LIBRO (fecha_reserva, id_ejemplar, id_cliente) values (CONVERT (DATE,'13/02/2023',103), '022393LB', '0000202');
insert into RESERVA_LIBRO (fecha_reserva, id_ejemplar, id_cliente) values (CONVERT (DATE,'25/08/2022',103), '022328LB', '0000115');
insert into RESERVA_LIBRO (fecha_reserva, id_ejemplar, id_cliente) values (CONVERT (DATE,'18/08/2022',103), '022291LB', '0000119');
insert into RESERVA_LIBRO (fecha_reserva, id_ejemplar, id_cliente) values (CONVERT (DATE,'26/08/2022',103), '022184LB', '0000273');
insert into RESERVA_LIBRO (fecha_reserva, id_ejemplar, id_cliente) values (CONVERT (DATE,'28/12/2022',103), '022504LB', '0000210');
insert into RESERVA_LIBRO (fecha_reserva, id_ejemplar, id_cliente) values (CONVERT (DATE,'03/10/2022',103), '022101LB', '0000149');
insert into RESERVA_LIBRO (fecha_reserva, id_ejemplar, id_cliente) values (CONVERT (DATE,'10/12/2022',103), '022160LB', '0000268');
insert into RESERVA_LIBRO (fecha_reserva, id_ejemplar, id_cliente) values (CONVERT (DATE,'07/05/2023',103), '022213LB', '0000256');
insert into RESERVA_LIBRO (fecha_reserva, id_ejemplar, id_cliente) values (CONVERT (DATE,'13/10/2022',103), '022126LB', '0000184');
insert into RESERVA_LIBRO (fecha_reserva, id_ejemplar, id_cliente) values (CONVERT (DATE,'25/11/2022',103), '022437LB', '0000251');
insert into RESERVA_LIBRO (fecha_reserva, id_ejemplar, id_cliente) values (CONVERT (DATE,'23/11/2022',103), '022266LB', '0000231');
insert into RESERVA_LIBRO (fecha_reserva, id_ejemplar, id_cliente) values (CONVERT (DATE,'20/10/2022',103), '022124LB', '0000172');
insert into RESERVA_LIBRO (fecha_reserva, id_ejemplar, id_cliente) values (CONVERT (DATE,'11/01/2023',103), '022577LB', '0000224');
insert into RESERVA_LIBRO (fecha_reserva, id_ejemplar, id_cliente) values (CONVERT (DATE,'29/06/2022',103), '022437LB', '0000209');
insert into RESERVA_LIBRO (fecha_reserva, id_ejemplar, id_cliente) values (CONVERT (DATE,'29/03/2023',103), '022488LB', '0000255');
insert into RESERVA_LIBRO (fecha_reserva, id_ejemplar, id_cliente) values (CONVERT (DATE,'31/08/2022',103), '022282LB', '0000105');
insert into RESERVA_LIBRO (fecha_reserva, id_ejemplar, id_cliente) values (CONVERT (DATE,'18/11/2022',103), '022542LB', '0000182');
insert into RESERVA_LIBRO (fecha_reserva, id_ejemplar, id_cliente) values (CONVERT (DATE,'27/09/2022',103), '022149LB', '0000120');
insert into RESERVA_LIBRO (fecha_reserva, id_ejemplar, id_cliente) values (CONVERT (DATE,'06/03/2023',103), '022356LB', '0000229');
insert into RESERVA_LIBRO (fecha_reserva, id_ejemplar, id_cliente) values (CONVERT (DATE,'04/03/2023',103), '022404LB', '0000283');
insert into RESERVA_LIBRO (fecha_reserva, id_ejemplar, id_cliente) values (CONVERT (DATE,'14/03/2023',103), '022584LB', '0000268');
insert into RESERVA_LIBRO (fecha_reserva, id_ejemplar, id_cliente) values (CONVERT (DATE,'22/06/2023',103), '022270LB', '0000130');
insert into RESERVA_LIBRO (fecha_reserva, id_ejemplar, id_cliente) values (CONVERT (DATE,'18/09/2022',103), '022106LB', '0000119');
insert into RESERVA_LIBRO (fecha_reserva, id_ejemplar, id_cliente) values (CONVERT (DATE,'19/04/2023',103), '022138LB', '0000186');
insert into RESERVA_LIBRO (fecha_reserva, id_ejemplar, id_cliente) values (CONVERT (DATE,'12/05/2023',103), '022513LB', '0000245');
insert into RESERVA_LIBRO (fecha_reserva, id_ejemplar, id_cliente) values (CONVERT (DATE,'25/05/2023',103), '022508LB', '0000256');
insert into RESERVA_LIBRO (fecha_reserva, id_ejemplar, id_cliente) values (CONVERT (DATE,'11/05/2023',103), '022393LB', '0000118');
insert into RESERVA_LIBRO (fecha_reserva, id_ejemplar, id_cliente) values (CONVERT (DATE,'24/11/2022',103), '022397LB', '0000291');
insert into RESERVA_LIBRO (fecha_reserva, id_ejemplar, id_cliente) values (CONVERT (DATE,'10/12/2022',103), '022584LB', '0000149');
insert into RESERVA_LIBRO (fecha_reserva, id_ejemplar, id_cliente) values (CONVERT (DATE,'12/04/2023',103), '022390LB', '0000298');
insert into RESERVA_LIBRO (fecha_reserva, id_ejemplar, id_cliente) values (CONVERT (DATE,'04/01/2023',103), '022507LB', '0000153');
insert into RESERVA_LIBRO (fecha_reserva, id_ejemplar, id_cliente) values (CONVERT (DATE,'17/11/2022',103), '022559LB', '0000297');
insert into RESERVA_LIBRO (fecha_reserva, id_ejemplar, id_cliente) values (CONVERT (DATE,'13/08/2022',103), '022468LB', '0000119');
insert into RESERVA_LIBRO (fecha_reserva, id_ejemplar, id_cliente) values (CONVERT (DATE,'22/06/2023',103), '022134LB', '0000185');
insert into RESERVA_LIBRO (fecha_reserva, id_ejemplar, id_cliente) values (CONVERT (DATE,'06/06/2023',103), '022500LB', '0000282');
insert into RESERVA_LIBRO (fecha_reserva, id_ejemplar, id_cliente) values (CONVERT (DATE,'06/12/2022',103), '022387LB', '0000292');
insert into RESERVA_LIBRO (fecha_reserva, id_ejemplar, id_cliente) values (CONVERT (DATE,'28/05/2023',103), '022453LB', '0000164');
insert into RESERVA_LIBRO (fecha_reserva, id_ejemplar, id_cliente) values (CONVERT (DATE,'07/05/2023',103), '022548LB', '0000222');
insert into RESERVA_LIBRO (fecha_reserva, id_ejemplar, id_cliente) values (CONVERT (DATE,'22/12/2022',103), '022100LB', '0000205');
insert into RESERVA_LIBRO (fecha_reserva, id_ejemplar, id_cliente) values (CONVERT (DATE,'06/12/2022',103), '022340LB', '0000202');
insert into RESERVA_LIBRO (fecha_reserva, id_ejemplar, id_cliente) values (CONVERT (DATE,'23/05/2023',103), '022142LB', '0000169');
insert into RESERVA_LIBRO (fecha_reserva, id_ejemplar, id_cliente) values (CONVERT (DATE,'16/07/2022',103), '022461LB', '0000299');
insert into RESERVA_LIBRO (fecha_reserva, id_ejemplar, id_cliente) values (CONVERT (DATE,'06/06/2023',103), '022238LB', '0000252');
insert into RESERVA_LIBRO (fecha_reserva, id_ejemplar, id_cliente) values (CONVERT (DATE,'24/02/2023',103), '022366LB', '0000154');
insert into RESERVA_LIBRO (fecha_reserva, id_ejemplar, id_cliente) values (CONVERT (DATE,'04/12/2022',103), '022102LB', '0000226');
insert into RESERVA_LIBRO (fecha_reserva, id_ejemplar, id_cliente) values (CONVERT (DATE,'29/12/2022',103), '022163LB', '0000171');
insert into RESERVA_LIBRO (fecha_reserva, id_ejemplar, id_cliente) values (CONVERT (DATE,'16/08/2022',103), '022225LB', '0000252');
insert into RESERVA_LIBRO (fecha_reserva, id_ejemplar, id_cliente) values (CONVERT (DATE,'07/01/2023',103), '022308LB', '0000261');
insert into RESERVA_LIBRO (fecha_reserva, id_ejemplar, id_cliente) values (CONVERT (DATE,'25/04/2023',103), '022183LB', '0000232');
insert into RESERVA_LIBRO (fecha_reserva, id_ejemplar, id_cliente) values (CONVERT (DATE,'05/03/2023',103), '022600LB', '0000108');
insert into RESERVA_LIBRO (fecha_reserva, id_ejemplar, id_cliente) values (CONVERT (DATE,'31/03/2023',103), '022207LB', '0000276');
insert into RESERVA_LIBRO (fecha_reserva, id_ejemplar, id_cliente) values (CONVERT (DATE,'19/11/2022',103), '022184LB', '0000115');
insert into RESERVA_LIBRO (fecha_reserva, id_ejemplar, id_cliente) values (CONVERT (DATE,'14/08/2022',103), '022503LB', '0000254');
insert into RESERVA_LIBRO (fecha_reserva, id_ejemplar, id_cliente) values (CONVERT (DATE,'10/01/2023',103), '022372LB', '0000110');
insert into RESERVA_LIBRO (fecha_reserva, id_ejemplar, id_cliente) values (CONVERT (DATE,'23/04/2023',103), '022405LB', '0000241');
insert into RESERVA_LIBRO (fecha_reserva, id_ejemplar, id_cliente) values (CONVERT (DATE,'15/05/2023',103), '022195LB', '0000218');
insert into RESERVA_LIBRO (fecha_reserva, id_ejemplar, id_cliente) values (CONVERT (DATE,'18/01/2023',103), '022159LB', '0000129');
insert into RESERVA_LIBRO (fecha_reserva, id_ejemplar, id_cliente) values (CONVERT (DATE,'16/03/2023',103), '022572LB', '0000106');
insert into RESERVA_LIBRO (fecha_reserva, id_ejemplar, id_cliente) values (CONVERT (DATE,'03/03/2023',103), '022591LB', '0000125');
insert into RESERVA_LIBRO (fecha_reserva, id_ejemplar, id_cliente) values (CONVERT (DATE,'19/12/2022',103), '022313LB', '0000128');
insert into RESERVA_LIBRO (fecha_reserva, id_ejemplar, id_cliente) values (CONVERT (DATE,'04/06/2023',103), '022202LB', '0000187');
insert into RESERVA_LIBRO (fecha_reserva, id_ejemplar, id_cliente) values (CONVERT (DATE,'13/12/2022',103), '022309LB', '0000228');
insert into RESERVA_LIBRO (fecha_reserva, id_ejemplar, id_cliente) values (CONVERT (DATE,'10/09/2022',103), '022322LB', '0000201');
insert into RESERVA_LIBRO (fecha_reserva, id_ejemplar, id_cliente) values (CONVERT (DATE,'30/10/2022',103), '022447LB', '0000153');
insert into RESERVA_LIBRO (fecha_reserva, id_ejemplar, id_cliente) values (CONVERT (DATE,'25/11/2022',103), '022585LB', '0000161');
insert into RESERVA_LIBRO (fecha_reserva, id_ejemplar, id_cliente) values (CONVERT (DATE,'17/02/2023',103), '022448LB', '0000161');
insert into RESERVA_LIBRO (fecha_reserva, id_ejemplar, id_cliente) values (CONVERT (DATE,'29/12/2022',103), '022522LB', '0000248');
insert into RESERVA_LIBRO (fecha_reserva, id_ejemplar, id_cliente) values (CONVERT (DATE,'01/08/2022',103), '022188LB', '0000167');
insert into RESERVA_LIBRO (fecha_reserva, id_ejemplar, id_cliente) values (CONVERT (DATE,'01/03/2023',103), '022500LB', '0000249');
insert into RESERVA_LIBRO (fecha_reserva, id_ejemplar, id_cliente) values (CONVERT (DATE,'24/06/2023',103), '022334LB', '0000158');
insert into RESERVA_LIBRO (fecha_reserva, id_ejemplar, id_cliente) values (CONVERT (DATE,'17/08/2022',103), '022125LB', '0000104');
insert into RESERVA_LIBRO (fecha_reserva, id_ejemplar, id_cliente) values (CONVERT (DATE,'03/06/2023',103), '022469LB', '0000252');
GO
insert into UTILIZA (fecha, id_cliente, id_area) values (CONVERT (DATE,'01/09/2023',103), '0000188', '009715');
insert into UTILIZA (fecha, id_cliente, id_area) values (CONVERT (DATE,'11/09/2022',103), '0000257', '009715');
insert into UTILIZA (fecha, id_cliente, id_area) values (CONVERT (DATE,'24/01/2021',103), '0000153', '009705');
insert into UTILIZA (fecha, id_cliente, id_area) values (CONVERT (DATE,'12/11/2023',103), '0000212', '009709');
insert into UTILIZA (fecha, id_cliente, id_area) values (CONVERT (DATE,'29/06/2020',103), '0000240', '009719');
insert into UTILIZA (fecha, id_cliente, id_area) values (CONVERT (DATE,'07/03/2022',103), '0000188', '009701');
insert into UTILIZA (fecha, id_cliente, id_area) values (CONVERT (DATE,'08/04/2021',103), '0000221', '009713');
insert into UTILIZA (fecha, id_cliente, id_area) values (CONVERT (DATE,'14/06/2023',103), '0000185', '009710');
insert into UTILIZA (fecha, id_cliente, id_area) values (CONVERT (DATE,'26/10/2020',103), '0000101', '009702');
insert into UTILIZA (fecha, id_cliente, id_area) values (CONVERT (DATE,'07/06/2024',103), '0000194', '009714');
insert into UTILIZA (fecha, id_cliente, id_area) values (CONVERT (DATE,'17/08/2020',103), '0000123', '009722');
insert into UTILIZA (fecha, id_cliente, id_area) values (CONVERT (DATE,'03/07/2022',103), '0000171', '009722');
insert into UTILIZA (fecha, id_cliente, id_area) values (CONVERT (DATE,'02/08/2021',103), '0000247', '009703');
insert into UTILIZA (fecha, id_cliente, id_area) values (CONVERT (DATE,'04/09/2023',103), '0000220', '009720');
insert into UTILIZA (fecha, id_cliente, id_area) values (CONVERT (DATE,'01/01/2021',103), '0000241', '009719');
insert into UTILIZA (fecha, id_cliente, id_area) values (CONVERT (DATE,'05/08/2021',103), '0000131', '009725');
insert into UTILIZA (fecha, id_cliente, id_area) values (CONVERT (DATE,'17/09/2023',103), '0000284', '009721');
insert into UTILIZA (fecha, id_cliente, id_area) values (CONVERT (DATE,'02/06/2023',103), '0000172', '009707');
insert into UTILIZA (fecha, id_cliente, id_area) values (CONVERT (DATE,'01/05/2023',103), '0000117', '009721');
insert into UTILIZA (fecha, id_cliente, id_area) values (CONVERT (DATE,'22/09/2022',103), '0000257', '009721');
insert into UTILIZA (fecha, id_cliente, id_area) values (CONVERT (DATE,'19/10/2022',103), '0000231', '009702');
insert into UTILIZA (fecha, id_cliente, id_area) values (CONVERT (DATE,'24/09/2022',103), '0000148', '009721');
insert into UTILIZA (fecha, id_cliente, id_area) values (CONVERT (DATE,'04/06/2022',103), '0000156', '009717');
insert into UTILIZA (fecha, id_cliente, id_area) values (CONVERT (DATE,'30/08/2023',103), '0000286', '009713');
insert into UTILIZA (fecha, id_cliente, id_area) values (CONVERT (DATE,'13/08/2020',103), '0000275', '009707');
insert into UTILIZA (fecha, id_cliente, id_area) values (CONVERT (DATE,'29/09/2022',103), '0000244', '009705');
insert into UTILIZA (fecha, id_cliente, id_area) values (CONVERT (DATE,'23/01/2023',103), '0000214', '009721');
insert into UTILIZA (fecha, id_cliente, id_area) values (CONVERT (DATE,'06/01/2024',103), '0000222', '009702');
insert into UTILIZA (fecha, id_cliente, id_area) values (CONVERT (DATE,'28/04/2024',103), '0000136', '009702');
insert into UTILIZA (fecha, id_cliente, id_area) values (CONVERT (DATE,'10/10/2023',103), '0000150', '009721');
insert into UTILIZA (fecha, id_cliente, id_area) values (CONVERT (DATE,'21/08/2023',103), '0000179', '009701');
insert into UTILIZA (fecha, id_cliente, id_area) values (CONVERT (DATE,'28/06/2022',103), '0000293', '009703');
insert into UTILIZA (fecha, id_cliente, id_area) values (CONVERT (DATE,'31/03/2021',103), '0000199', '009717');
insert into UTILIZA (fecha, id_cliente, id_area) values (CONVERT (DATE,'31/10/2022',103), '0000197', '009717');
insert into UTILIZA (fecha, id_cliente, id_area) values (CONVERT (DATE,'27/02/2024',103), '0000240', '009713');
insert into UTILIZA (fecha, id_cliente, id_area) values (CONVERT (DATE,'28/07/2023',103), '0000126', '009720');
insert into UTILIZA (fecha, id_cliente, id_area) values (CONVERT (DATE,'02/07/2021',103), '0000117', '009710');
insert into UTILIZA (fecha, id_cliente, id_area) values (CONVERT (DATE,'14/03/2022',103), '0000122', '009704');
insert into UTILIZA (fecha, id_cliente, id_area) values (CONVERT (DATE,'07/09/2020',103), '0000123', '009726');
insert into UTILIZA (fecha, id_cliente, id_area) values (CONVERT (DATE,'14/04/2024',103), '0000299', '009704');
insert into UTILIZA (fecha, id_cliente, id_area) values (CONVERT (DATE,'04/08/2023',103), '0000299', '009724');
insert into UTILIZA (fecha, id_cliente, id_area) values (CONVERT (DATE,'11/04/2024',103), '0000208', '009701');
insert into UTILIZA (fecha, id_cliente, id_area) values (CONVERT (DATE,'24/01/2023',103), '0000199', '009701');
insert into UTILIZA (fecha, id_cliente, id_area) values (CONVERT (DATE,'06/01/2023',103), '0000213', '009715');
insert into UTILIZA (fecha, id_cliente, id_area) values (CONVERT (DATE,'05/08/2020',103), '0000261', '009712');
insert into UTILIZA (fecha, id_cliente, id_area) values (CONVERT (DATE,'25/10/2023',103), '0000269', '009711');
insert into UTILIZA (fecha, id_cliente, id_area) values (CONVERT (DATE,'26/05/2022',103), '0000297', '009724');
insert into UTILIZA (fecha, id_cliente, id_area) values (CONVERT (DATE,'04/06/2021',103), '0000268', '009718');
insert into UTILIZA (fecha, id_cliente, id_area) values (CONVERT (DATE,'02/09/2020',103), '0000286', '009708');
insert into UTILIZA (fecha, id_cliente, id_area) values (CONVERT (DATE,'05/01/2023',103), '0000131', '009710');
insert into UTILIZA (fecha, id_cliente, id_area) values (CONVERT (DATE,'12/11/2021',103), '0000231', '009704');
insert into UTILIZA (fecha, id_cliente, id_area) values (CONVERT (DATE,'24/11/2023',103), '0000211', '009720');
insert into UTILIZA (fecha, id_cliente, id_area) values (CONVERT (DATE,'20/09/2020',103), '0000281', '009705');
insert into UTILIZA (fecha, id_cliente, id_area) values (CONVERT (DATE,'06/11/2021',103), '0000107', '009710');
insert into UTILIZA (fecha, id_cliente, id_area) values (CONVERT (DATE,'13/04/2024',103), '0000292', '009704');
insert into UTILIZA (fecha, id_cliente, id_area) values (CONVERT (DATE,'01/06/2022',103), '0000119', '009726');
insert into UTILIZA (fecha, id_cliente, id_area) values (CONVERT (DATE,'18/10/2023',103), '0000137', '009722');
insert into UTILIZA (fecha, id_cliente, id_area) values (CONVERT (DATE,'13/03/2022',103), '0000157', '009710');
insert into UTILIZA (fecha, id_cliente, id_area) values (CONVERT (DATE,'30/03/2024',103), '0000101', '009722');
insert into UTILIZA (fecha, id_cliente, id_area) values (CONVERT (DATE,'31/08/2023',103), '0000300', '009713');
insert into UTILIZA (fecha, id_cliente, id_area) values (CONVERT (DATE,'16/08/2022',103), '0000297', '009717');
insert into UTILIZA (fecha, id_cliente, id_area) values (CONVERT (DATE,'02/08/2023',103), '0000160', '009705');
insert into UTILIZA (fecha, id_cliente, id_area) values (CONVERT (DATE,'14/10/2023',103), '0000150', '009717');
insert into UTILIZA (fecha, id_cliente, id_area) values (CONVERT (DATE,'22/11/2023',103), '0000154', '009719');
insert into UTILIZA (fecha, id_cliente, id_area) values (CONVERT (DATE,'26/01/2023',103), '0000224', '009715');
insert into UTILIZA (fecha, id_cliente, id_area) values (CONVERT (DATE,'23/08/2020',103), '0000265', '009721');
insert into UTILIZA (fecha, id_cliente, id_area) values (CONVERT (DATE,'24/12/2023',103), '0000276', '009705');
insert into UTILIZA (fecha, id_cliente, id_area) values (CONVERT (DATE,'02/05/2022',103), '0000230', '009701');
insert into UTILIZA (fecha, id_cliente, id_area) values (CONVERT (DATE,'30/10/2023',103), '0000285', '009724');
insert into UTILIZA (fecha, id_cliente, id_area) values (CONVERT (DATE,'24/06/2022',103), '0000147', '009716');
insert into UTILIZA (fecha, id_cliente, id_area) values (CONVERT (DATE,'05/09/2021',103), '0000206', '009704');
insert into UTILIZA (fecha, id_cliente, id_area) values (CONVERT (DATE,'28/03/2022',103), '0000229', '009716');
insert into UTILIZA (fecha, id_cliente, id_area) values (CONVERT (DATE,'14/02/2024',103), '0000197', '009719');
insert into UTILIZA (fecha, id_cliente, id_area) values (CONVERT (DATE,'11/12/2022',103), '0000163', '009722');
insert into UTILIZA (fecha, id_cliente, id_area) values (CONVERT (DATE,'09/11/2022',103), '0000184', '009713');
insert into UTILIZA (fecha, id_cliente, id_area) values (CONVERT (DATE,'29/10/2021',103), '0000119', '009720');
insert into UTILIZA (fecha, id_cliente, id_area) values (CONVERT (DATE,'17/04/2024',103), '0000274', '009709');
insert into UTILIZA (fecha, id_cliente, id_area) values (CONVERT (DATE,'27/12/2021',103), '0000107', '009723');
insert into UTILIZA (fecha, id_cliente, id_area) values (CONVERT (DATE,'09/02/2024',103), '0000159', '009717');
insert into UTILIZA (fecha, id_cliente, id_area) values (CONVERT (DATE,'23/05/2021',103), '0000228', '009718');
insert into UTILIZA (fecha, id_cliente, id_area) values (CONVERT (DATE,'02/01/2023',103), '0000136', '009707');
insert into UTILIZA (fecha, id_cliente, id_area) values (CONVERT (DATE,'23/06/2023',103), '0000207', '009713');
insert into UTILIZA (fecha, id_cliente, id_area) values (CONVERT (DATE,'18/05/2024',103), '0000223', '009723');
insert into UTILIZA (fecha, id_cliente, id_area) values (CONVERT (DATE,'25/11/2022',103), '0000293', '009701');
insert into UTILIZA (fecha, id_cliente, id_area) values (CONVERT (DATE,'16/09/2021',103), '0000171', '009715');
insert into UTILIZA (fecha, id_cliente, id_area) values (CONVERT (DATE,'27/11/2022',103), '0000232', '009719');
insert into UTILIZA (fecha, id_cliente, id_area) values (CONVERT (DATE,'23/12/2020',103), '0000272', '009717');
insert into UTILIZA (fecha, id_cliente, id_area) values (CONVERT (DATE,'11/02/2023',103), '0000112', '009702');
insert into UTILIZA (fecha, id_cliente, id_area) values (CONVERT (DATE,'24/03/2021',103), '0000108', '009721');
insert into UTILIZA (fecha, id_cliente, id_area) values (CONVERT (DATE,'04/04/2022',103), '0000214', '009702');
insert into UTILIZA (fecha, id_cliente, id_area) values (CONVERT (DATE,'23/06/2024',103), '0000254', '009710');
insert into UTILIZA (fecha, id_cliente, id_area) values (CONVERT (DATE,'21/03/2023',103), '0000230', '009719');
insert into UTILIZA (fecha, id_cliente, id_area) values (CONVERT (DATE,'08/12/2020',103), '0000241', '009724');
insert into UTILIZA (fecha, id_cliente, id_area) values (CONVERT (DATE,'09/05/2022',103), '0000251', '009725');
insert into UTILIZA (fecha, id_cliente, id_area) values (CONVERT (DATE,'24/05/2024',103), '0000115', '009723');
insert into UTILIZA (fecha, id_cliente, id_area) values (CONVERT (DATE,'18/07/2023',103), '0000289', '009722');
insert into UTILIZA (fecha, id_cliente, id_area) values (CONVERT (DATE,'26/09/2023',103), '0000243', '009703');
insert into UTILIZA (fecha, id_cliente, id_area) values (CONVERT (DATE,'29/03/2021',103), '0000274', '009705');
insert into UTILIZA (fecha, id_cliente, id_area) values (CONVERT (DATE,'05/03/2022',103), '0000167', '009717');
insert into UTILIZA (fecha, id_cliente, id_area) values (CONVERT (DATE,'01/09/2021',103), '0000164', '009702');
insert into UTILIZA (fecha, id_cliente, id_area) values (CONVERT (DATE,'10/04/2022',103), '0000232', '009711');
insert into UTILIZA (fecha, id_cliente, id_area) values (CONVERT (DATE,'03/03/2021',103), '0000296', '009716');
insert into UTILIZA (fecha, id_cliente, id_area) values (CONVERT (DATE,'07/05/2022',103), '0000291', '009712');
insert into UTILIZA (fecha, id_cliente, id_area) values (CONVERT (DATE,'07/08/2020',103), '0000152', '009702');
insert into UTILIZA (fecha, id_cliente, id_area) values (CONVERT (DATE,'25/05/2023',103), '0000185', '009713');
insert into UTILIZA (fecha, id_cliente, id_area) values (CONVERT (DATE,'17/04/2024',103), '0000211', '009718');
insert into UTILIZA (fecha, id_cliente, id_area) values (CONVERT (DATE,'06/02/2022',103), '0000208', '009710');
insert into UTILIZA (fecha, id_cliente, id_area) values (CONVERT (DATE,'03/07/2022',103), '0000286', '009720');
insert into UTILIZA (fecha, id_cliente, id_area) values (CONVERT (DATE,'11/06/2024',103), '0000243', '009710');
insert into UTILIZA (fecha, id_cliente, id_area) values (CONVERT (DATE,'13/02/2024',103), '0000183', '009710');
insert into UTILIZA (fecha, id_cliente, id_area) values (CONVERT (DATE,'18/05/2024',103), '0000257', '009713');
insert into UTILIZA (fecha, id_cliente, id_area) values (CONVERT (DATE,'21/09/2023',103), '0000215', '009720');
insert into UTILIZA (fecha, id_cliente, id_area) values (CONVERT (DATE,'30/03/2023',103), '0000163', '009713');
insert into UTILIZA (fecha, id_cliente, id_area) values (CONVERT (DATE,'22/03/2023',103), '0000113', '009718');
insert into UTILIZA (fecha, id_cliente, id_area) values (CONVERT (DATE,'09/03/2022',103), '0000128', '009701');
insert into UTILIZA (fecha, id_cliente, id_area) values (CONVERT (DATE,'10/04/2024',103), '0000133', '009701');
insert into UTILIZA (fecha, id_cliente, id_area) values (CONVERT (DATE,'18/02/2023',103), '0000122', '009717');
insert into UTILIZA (fecha, id_cliente, id_area) values (CONVERT (DATE,'18/04/2023',103), '0000116', '009723');
insert into UTILIZA (fecha, id_cliente, id_area) values (CONVERT (DATE,'22/06/2022',103), '0000254', '009705');
insert into UTILIZA (fecha, id_cliente, id_area) values (CONVERT (DATE,'21/04/2023',103), '0000163', '009710');
insert into UTILIZA (fecha, id_cliente, id_area) values (CONVERT (DATE,'29/12/2022',103), '0000284', '009704');
insert into UTILIZA (fecha, id_cliente, id_area) values (CONVERT (DATE,'14/04/2021',103), '0000183', '009703');
insert into UTILIZA (fecha, id_cliente, id_area) values (CONVERT (DATE,'08/05/2024',103), '0000168', '009702');
insert into UTILIZA (fecha, id_cliente, id_area) values (CONVERT (DATE,'10/12/2020',103), '0000220', '009711');
insert into UTILIZA (fecha, id_cliente, id_area) values (CONVERT (DATE,'21/02/2022',103), '0000267', '009720');
insert into UTILIZA (fecha, id_cliente, id_area) values (CONVERT (DATE,'15/02/2023',103), '0000118', '009722');
insert into UTILIZA (fecha, id_cliente, id_area) values (CONVERT (DATE,'25/06/2020',103), '0000278', '009701');
insert into UTILIZA (fecha, id_cliente, id_area) values (CONVERT (DATE,'03/10/2023',103), '0000127', '009719');
insert into UTILIZA (fecha, id_cliente, id_area) values (CONVERT (DATE,'02/09/2020',103), '0000131', '009706');
insert into UTILIZA (fecha, id_cliente, id_area) values (CONVERT (DATE,'18/08/2022',103), '0000140', '009703');
insert into UTILIZA (fecha, id_cliente, id_area) values (CONVERT (DATE,'08/12/2022',103), '0000244', '009711');
insert into UTILIZA (fecha, id_cliente, id_area) values (CONVERT (DATE,'02/03/2022',103), '0000207', '009714');
insert into UTILIZA (fecha, id_cliente, id_area) values (CONVERT (DATE,'05/05/2024',103), '0000198', '009723');
insert into UTILIZA (fecha, id_cliente, id_area) values (CONVERT (DATE,'11/10/2023',103), '0000161', '009711');
insert into UTILIZA (fecha, id_cliente, id_area) values (CONVERT (DATE,'02/09/2020',103), '0000252', '009707');
insert into UTILIZA (fecha, id_cliente, id_area) values (CONVERT (DATE,'09/11/2022',103), '0000173', '009715');
insert into UTILIZA (fecha, id_cliente, id_area) values (CONVERT (DATE,'08/05/2024',103), '0000170', '009725');
insert into UTILIZA (fecha, id_cliente, id_area) values (CONVERT (DATE,'26/08/2021',103), '0000151', '009722');
insert into UTILIZA (fecha, id_cliente, id_area) values (CONVERT (DATE,'22/08/2020',103), '0000142', '009711');
insert into UTILIZA (fecha, id_cliente, id_area) values (CONVERT (DATE,'30/04/2024',103), '0000164', '009726');
insert into UTILIZA (fecha, id_cliente, id_area) values (CONVERT (DATE,'08/10/2022',103), '0000190', '009717');
insert into UTILIZA (fecha, id_cliente, id_area) values (CONVERT (DATE,'16/05/2023',103), '0000169', '009723');
insert into UTILIZA (fecha, id_cliente, id_area) values (CONVERT (DATE,'08/11/2020',103), '0000207', '009720');
insert into UTILIZA (fecha, id_cliente, id_area) values (CONVERT (DATE,'09/12/2022',103), '0000293', '009711');
insert into UTILIZA (fecha, id_cliente, id_area) values (CONVERT (DATE,'09/08/2021',103), '0000134', '009708');
insert into UTILIZA (fecha, id_cliente, id_area) values (CONVERT (DATE,'17/05/2021',103), '0000187', '009711');
insert into UTILIZA (fecha, id_cliente, id_area) values (CONVERT (DATE,'19/01/2021',103), '0000152', '009711');
insert into UTILIZA (fecha, id_cliente, id_area) values (CONVERT (DATE,'30/04/2021',103), '0000150', '009722');
insert into UTILIZA (fecha, id_cliente, id_area) values (CONVERT (DATE,'09/08/2020',103), '0000245', '009712');
insert into UTILIZA (fecha, id_cliente, id_area) values (CONVERT (DATE,'06/12/2020',103), '0000223', '009703');
insert into UTILIZA (fecha, id_cliente, id_area) values (CONVERT (DATE,'09/10/2022',103), '0000217', '009720');
insert into UTILIZA (fecha, id_cliente, id_area) values (CONVERT (DATE,'30/03/2022',103), '0000156', '009706');
insert into UTILIZA (fecha, id_cliente, id_area) values (CONVERT (DATE,'01/06/2021',103), '0000231', '009717');
insert into UTILIZA (fecha, id_cliente, id_area) values (CONVERT (DATE,'02/06/2021',103), '0000225', '009716');
insert into UTILIZA (fecha, id_cliente, id_area) values (CONVERT (DATE,'26/12/2021',103), '0000288', '009712');
insert into UTILIZA (fecha, id_cliente, id_area) values (CONVERT (DATE,'01/12/2020',103), '0000186', '009704');
insert into UTILIZA (fecha, id_cliente, id_area) values (CONVERT (DATE,'04/04/2023',103), '0000228', '009708');
insert into UTILIZA (fecha, id_cliente, id_area) values (CONVERT (DATE,'07/01/2022',103), '0000226', '009726');
insert into UTILIZA (fecha, id_cliente, id_area) values (CONVERT (DATE,'21/04/2021',103), '0000126', '009721');
insert into UTILIZA (fecha, id_cliente, id_area) values (CONVERT (DATE,'29/01/2021',103), '0000269', '009720');
insert into UTILIZA (fecha, id_cliente, id_area) values (CONVERT (DATE,'19/11/2022',103), '0000190', '009714');
insert into UTILIZA (fecha, id_cliente, id_area) values (CONVERT (DATE,'07/12/2023',103), '0000172', '009715');
insert into UTILIZA (fecha, id_cliente, id_area) values (CONVERT (DATE,'11/11/2021',103), '0000233', '009718');
insert into UTILIZA (fecha, id_cliente, id_area) values (CONVERT (DATE,'27/08/2021',103), '0000258', '009724');
insert into UTILIZA (fecha, id_cliente, id_area) values (CONVERT (DATE,'26/08/2020',103), '0000258', '009720');
insert into UTILIZA (fecha, id_cliente, id_area) values (CONVERT (DATE,'10/12/2022',103), '0000201', '009714');
insert into UTILIZA (fecha, id_cliente, id_area) values (CONVERT (DATE,'16/09/2023',103), '0000237', '009710');
insert into UTILIZA (fecha, id_cliente, id_area) values (CONVERT (DATE,'15/06/2022',103), '0000251', '009706');
insert into UTILIZA (fecha, id_cliente, id_area) values (CONVERT (DATE,'17/11/2022',103), '0000253', '009717');
insert into UTILIZA (fecha, id_cliente, id_area) values (CONVERT (DATE,'12/12/2022',103), '0000162', '009706');
insert into UTILIZA (fecha, id_cliente, id_area) values (CONVERT (DATE,'26/01/2024',103), '0000104', '009714');
insert into UTILIZA (fecha, id_cliente, id_area) values (CONVERT (DATE,'06/11/2021',103), '0000143', '009721');
insert into UTILIZA (fecha, id_cliente, id_area) values (CONVERT (DATE,'20/10/2023',103), '0000194', '009703');
insert into UTILIZA (fecha, id_cliente, id_area) values (CONVERT (DATE,'30/05/2022',103), '0000175', '009712');
insert into UTILIZA (fecha, id_cliente, id_area) values (CONVERT (DATE,'17/11/2023',103), '0000105', '009724');
insert into UTILIZA (fecha, id_cliente, id_area) values (CONVERT (DATE,'19/05/2024',103), '0000187', '009723');
insert into UTILIZA (fecha, id_cliente, id_area) values (CONVERT (DATE,'21/06/2021',103), '0000213', '009711');
insert into UTILIZA (fecha, id_cliente, id_area) values (CONVERT (DATE,'05/10/2022',103), '0000247', '009710');
insert into UTILIZA (fecha, id_cliente, id_area) values (CONVERT (DATE,'14/01/2023',103), '0000126', '009702');
insert into UTILIZA (fecha, id_cliente, id_area) values (CONVERT (DATE,'06/06/2021',103), '0000119', '009721');
insert into UTILIZA (fecha, id_cliente, id_area) values (CONVERT (DATE,'30/07/2021',103), '0000176', '009706');
insert into UTILIZA (fecha, id_cliente, id_area) values (CONVERT (DATE,'08/07/2020',103), '0000283', '009701');
insert into UTILIZA (fecha, id_cliente, id_area) values (CONVERT (DATE,'01/06/2024',103), '0000169', '009715');
insert into UTILIZA (fecha, id_cliente, id_area) values (CONVERT (DATE,'26/11/2023',103), '0000143', '009722');
insert into UTILIZA (fecha, id_cliente, id_area) values (CONVERT (DATE,'27/11/2020',103), '0000176', '009723');
insert into UTILIZA (fecha, id_cliente, id_area) values (CONVERT (DATE,'22/04/2024',103), '0000146', '009701');
insert into UTILIZA (fecha, id_cliente, id_area) values (CONVERT (DATE,'31/05/2023',103), '0000247', '009716');
insert into UTILIZA (fecha, id_cliente, id_area) values (CONVERT (DATE,'22/10/2021',103), '0000203', '009711');
insert into UTILIZA (fecha, id_cliente, id_area) values (CONVERT (DATE,'25/11/2021',103), '0000291', '009725');
insert into UTILIZA (fecha, id_cliente, id_area) values (CONVERT (DATE,'20/10/2020',103), '0000182', '009708');
insert into UTILIZA (fecha, id_cliente, id_area) values (CONVERT (DATE,'13/04/2022',103), '0000164', '009717');
insert into UTILIZA (fecha, id_cliente, id_area) values (CONVERT (DATE,'13/06/2024',103), '0000118', '009717');
insert into UTILIZA (fecha, id_cliente, id_area) values (CONVERT (DATE,'05/07/2020',103), '0000175', '009711');
insert into UTILIZA (fecha, id_cliente, id_area) values (CONVERT (DATE,'10/02/2024',103), '0000248', '009713');
insert into UTILIZA (fecha, id_cliente, id_area) values (CONVERT (DATE,'16/10/2022',103), '0000241', '009723');
insert into UTILIZA (fecha, id_cliente, id_area) values (CONVERT (DATE,'24/09/2020',103), '0000258', '009721');
insert into UTILIZA (fecha, id_cliente, id_area) values (CONVERT (DATE,'30/09/2022',103), '0000167', '009710');
insert into UTILIZA (fecha, id_cliente, id_area) values (CONVERT (DATE,'01/04/2023',103), '0000269', '009706');
insert into UTILIZA (fecha, id_cliente, id_area) values (CONVERT (DATE,'05/02/2023',103), '0000101', '009726');
insert into UTILIZA (fecha, id_cliente, id_area) values (CONVERT (DATE,'12/06/2021',103), '0000267', '009710');
insert into UTILIZA (fecha, id_cliente, id_area) values (CONVERT (DATE,'31/12/2021',103), '0000237', '009718');
insert into UTILIZA (fecha, id_cliente, id_area) values (CONVERT (DATE,'03/08/2023',103), '0000167', '009714');
insert into UTILIZA (fecha, id_cliente, id_area) values (CONVERT (DATE,'08/02/2022',103), '0000158', '009714');
insert into UTILIZA (fecha, id_cliente, id_area) values (CONVERT (DATE,'10/06/2022',103), '0000172', '009725');
insert into UTILIZA (fecha, id_cliente, id_area) values (CONVERT (DATE,'26/02/2021',103), '0000145', '009711');
insert into UTILIZA (fecha, id_cliente, id_area) values (CONVERT (DATE,'29/07/2021',103), '0000155', '009715');
insert into UTILIZA (fecha, id_cliente, id_area) values (CONVERT (DATE,'30/12/2022',103), '0000295', '009721');
insert into UTILIZA (fecha, id_cliente, id_area) values (CONVERT (DATE,'21/06/2022',103), '0000277', '009719');
insert into UTILIZA (fecha, id_cliente, id_area) values (CONVERT (DATE,'05/10/2022',103), '0000294', '009707');
insert into UTILIZA (fecha, id_cliente, id_area) values (CONVERT (DATE,'21/04/2021',103), '0000263', '009702');
insert into UTILIZA (fecha, id_cliente, id_area) values (CONVERT (DATE,'23/08/2020',103), '0000252', '009718');
insert into UTILIZA (fecha, id_cliente, id_area) values (CONVERT (DATE,'08/09/2021',103), '0000285', '009715');
insert into UTILIZA (fecha, id_cliente, id_area) values (CONVERT (DATE,'21/07/2023',103), '0000258', '009726');
insert into UTILIZA (fecha, id_cliente, id_area) values (CONVERT (DATE,'09/07/2022',103), '0000292', '009711');
insert into UTILIZA (fecha, id_cliente, id_area) values (CONVERT (DATE,'08/12/2021',103), '0000168', '009704');
insert into UTILIZA (fecha, id_cliente, id_area) values (CONVERT (DATE,'13/05/2023',103), '0000248', '009720');
insert into UTILIZA (fecha, id_cliente, id_area) values (CONVERT (DATE,'22/09/2021',103), '0000203', '009702');
insert into UTILIZA (fecha, id_cliente, id_area) values (CONVERT (DATE,'04/03/2023',103), '0000219', '009705');
insert into UTILIZA (fecha, id_cliente, id_area) values (CONVERT (DATE,'04/07/2023',103), '0000194', '009701');
insert into UTILIZA (fecha, id_cliente, id_area) values (CONVERT (DATE,'18/10/2021',103), '0000275', '009709');
insert into UTILIZA (fecha, id_cliente, id_area) values (CONVERT (DATE,'09/06/2024',103), '0000176', '009721');
insert into UTILIZA (fecha, id_cliente, id_area) values (CONVERT (DATE,'19/08/2020',103), '0000104', '009708');
insert into UTILIZA (fecha, id_cliente, id_area) values (CONVERT (DATE,'08/07/2022',103), '0000171', '009712');
insert into UTILIZA (fecha, id_cliente, id_area) values (CONVERT (DATE,'24/08/2021',103), '0000173', '009719');
insert into UTILIZA (fecha, id_cliente, id_area) values (CONVERT (DATE,'23/10/2023',103), '0000200', '009701');
insert into UTILIZA (fecha, id_cliente, id_area) values (CONVERT (DATE,'13/05/2022',103), '0000226', '009702');
insert into UTILIZA (fecha, id_cliente, id_area) values (CONVERT (DATE,'19/05/2022',103), '0000260', '009710');
insert into UTILIZA (fecha, id_cliente, id_area) values (CONVERT (DATE,'09/09/2020',103), '0000267', '009712');
insert into UTILIZA (fecha, id_cliente, id_area) values (CONVERT (DATE,'10/03/2024',103), '0000285', '009716');
insert into UTILIZA (fecha, id_cliente, id_area) values (CONVERT (DATE,'22/12/2021',103), '0000170', '009724');
insert into UTILIZA (fecha, id_cliente, id_area) values (CONVERT (DATE,'22/09/2023',103), '0000168', '009726');
insert into UTILIZA (fecha, id_cliente, id_area) values (CONVERT (DATE,'16/07/2023',103), '0000200', '009724');
insert into UTILIZA (fecha, id_cliente, id_area) values (CONVERT (DATE,'23/06/2021',103), '0000274', '009726');
insert into UTILIZA (fecha, id_cliente, id_area) values (CONVERT (DATE,'19/01/2023',103), '0000118', '009726');
insert into UTILIZA (fecha, id_cliente, id_area) values (CONVERT (DATE,'10/04/2021',103), '0000227', '009705');
insert into UTILIZA (fecha, id_cliente, id_area) values (CONVERT (DATE,'27/04/2021',103), '0000133', '009717');
insert into UTILIZA (fecha, id_cliente, id_area) values (CONVERT (DATE,'21/06/2022',103), '0000141', '009723');
insert into UTILIZA (fecha, id_cliente, id_area) values (CONVERT (DATE,'01/07/2023',103), '0000201', '009703');
insert into UTILIZA (fecha, id_cliente, id_area) values (CONVERT (DATE,'03/01/2021',103), '0000240', '009710');
insert into UTILIZA (fecha, id_cliente, id_area) values (CONVERT (DATE,'30/03/2021',103), '0000127', '009725');
insert into UTILIZA (fecha, id_cliente, id_area) values (CONVERT (DATE,'12/01/2024',103), '0000229', '009702');
insert into UTILIZA (fecha, id_cliente, id_area) values (CONVERT (DATE,'27/03/2023',103), '0000242', '009708');
insert into UTILIZA (fecha, id_cliente, id_area) values (CONVERT (DATE,'19/03/2024',103), '0000164', '009719');
insert into UTILIZA (fecha, id_cliente, id_area) values (CONVERT (DATE,'08/11/2023',103), '0000198', '009716');
insert into UTILIZA (fecha, id_cliente, id_area) values (CONVERT (DATE,'11/01/2023',103), '0000117', '009703');
insert into UTILIZA (fecha, id_cliente, id_area) values (CONVERT (DATE,'05/01/2021',103), '0000289', '009720');
insert into UTILIZA (fecha, id_cliente, id_area) values (CONVERT (DATE,'28/02/2023',103), '0000145', '009721');
insert into UTILIZA (fecha, id_cliente, id_area) values (CONVERT (DATE,'30/12/2023',103), '0000284', '009715');
insert into UTILIZA (fecha, id_cliente, id_area) values (CONVERT (DATE,'16/04/2024',103), '0000215', '009707');
insert into UTILIZA (fecha, id_cliente, id_area) values (CONVERT (DATE,'24/04/2024',103), '0000177', '009707');
insert into UTILIZA (fecha, id_cliente, id_area) values (CONVERT (DATE,'24/11/2020',103), '0000292', '009713');
insert into UTILIZA (fecha, id_cliente, id_area) values (CONVERT (DATE,'01/10/2021',103), '0000133', '009718');
insert into UTILIZA (fecha, id_cliente, id_area) values (CONVERT (DATE,'28/01/2023',103), '0000272', '009720');
insert into UTILIZA (fecha, id_cliente, id_area) values (CONVERT (DATE,'24/02/2021',103), '0000289', '009707');
insert into UTILIZA (fecha, id_cliente, id_area) values (CONVERT (DATE,'04/03/2023',103), '0000298', '009722');
insert into UTILIZA (fecha, id_cliente, id_area) values (CONVERT (DATE,'27/04/2024',103), '0000217', '009701');
insert into UTILIZA (fecha, id_cliente, id_area) values (CONVERT (DATE,'20/09/2020',103), '0000173', '009726');
insert into UTILIZA (fecha, id_cliente, id_area) values (CONVERT (DATE,'13/01/2021',103), '0000143', '009716');
insert into UTILIZA (fecha, id_cliente, id_area) values (CONVERT (DATE,'12/09/2020',103), '0000211', '009716');
insert into UTILIZA (fecha, id_cliente, id_area) values (CONVERT (DATE,'29/09/2023',103), '0000206', '009724');
insert into UTILIZA (fecha, id_cliente, id_area) values (CONVERT (DATE,'21/01/2023',103), '0000248', '009716');
insert into UTILIZA (fecha, id_cliente, id_area) values (CONVERT (DATE,'22/02/2021',103), '0000158', '009722');
insert into UTILIZA (fecha, id_cliente, id_area) values (CONVERT (DATE,'30/03/2023',103), '0000288', '009722');
insert into UTILIZA (fecha, id_cliente, id_area) values (CONVERT (DATE,'25/12/2022',103), '0000105', '009702');
insert into UTILIZA (fecha, id_cliente, id_area) values (CONVERT (DATE,'23/06/2024',103), '0000246', '009715');
insert into UTILIZA (fecha, id_cliente, id_area) values (CONVERT (DATE,'29/08/2021',103), '0000205', '009721');
insert into UTILIZA (fecha, id_cliente, id_area) values (CONVERT (DATE,'22/11/2021',103), '0000117', '009720');
insert into UTILIZA (fecha, id_cliente, id_area) values (CONVERT (DATE,'30/09/2020',103), '0000185', '009714');
insert into UTILIZA (fecha, id_cliente, id_area) values (CONVERT (DATE,'15/12/2021',103), '0000254', '009720');
insert into UTILIZA (fecha, id_cliente, id_area) values (CONVERT (DATE,'13/02/2024',103), '0000105', '009708');
insert into UTILIZA (fecha, id_cliente, id_area) values (CONVERT (DATE,'12/08/2022',103), '0000206', '009709');
insert into UTILIZA (fecha, id_cliente, id_area) values (CONVERT (DATE,'17/09/2022',103), '0000281', '009712');
insert into UTILIZA (fecha, id_cliente, id_area) values (CONVERT (DATE,'02/08/2023',103), '0000220', '009725');
insert into UTILIZA (fecha, id_cliente, id_area) values (CONVERT (DATE,'27/06/2021',103), '0000118', '009713');
insert into UTILIZA (fecha, id_cliente, id_area) values (CONVERT (DATE,'11/09/2021',103), '0000157', '009703');
insert into UTILIZA (fecha, id_cliente, id_area) values (CONVERT (DATE,'11/03/2022',103), '0000269', '009723');
insert into UTILIZA (fecha, id_cliente, id_area) values (CONVERT (DATE,'01/10/2020',103), '0000194', '009717');
insert into UTILIZA (fecha, id_cliente, id_area) values (CONVERT (DATE,'23/11/2020',103), '0000212', '009708');
insert into UTILIZA (fecha, id_cliente, id_area) values (CONVERT (DATE,'05/05/2022',103), '0000151', '009717');
insert into UTILIZA (fecha, id_cliente, id_area) values (CONVERT (DATE,'24/11/2022',103), '0000216', '009717');
insert into UTILIZA (fecha, id_cliente, id_area) values (CONVERT (DATE,'14/08/2022',103), '0000109', '009703');
insert into UTILIZA (fecha, id_cliente, id_area) values (CONVERT (DATE,'30/12/2022',103), '0000272', '009711');
insert into UTILIZA (fecha, id_cliente, id_area) values (CONVERT (DATE,'07/08/2021',103), '0000244', '009720');
insert into UTILIZA (fecha, id_cliente, id_area) values (CONVERT (DATE,'27/07/2021',103), '0000271', '009704');
insert into UTILIZA (fecha, id_cliente, id_area) values (CONVERT (DATE,'03/12/2021',103), '0000268', '009722');
insert into UTILIZA (fecha, id_cliente, id_area) values (CONVERT (DATE,'28/06/2020',103), '0000176', '009708');
insert into UTILIZA (fecha, id_cliente, id_area) values (CONVERT (DATE,'22/02/2021',103), '0000227', '009726');
insert into UTILIZA (fecha, id_cliente, id_area) values (CONVERT (DATE,'02/07/2023',103), '0000134', '009721');
insert into UTILIZA (fecha, id_cliente, id_area) values (CONVERT (DATE,'01/03/2024',103), '0000205', '009701');
insert into UTILIZA (fecha, id_cliente, id_area) values (CONVERT (DATE,'04/10/2023',103), '0000186', '009701');
insert into UTILIZA (fecha, id_cliente, id_area) values (CONVERT (DATE,'15/02/2023',103), '0000217', '009721');
insert into UTILIZA (fecha, id_cliente, id_area) values (CONVERT (DATE,'20/12/2022',103), '0000195', '009721');
insert into UTILIZA (fecha, id_cliente, id_area) values (CONVERT (DATE,'30/09/2020',103), '0000262', '009726');
insert into UTILIZA (fecha, id_cliente, id_area) values (CONVERT (DATE,'30/04/2021',103), '0000197', '009703');
insert into UTILIZA (fecha, id_cliente, id_area) values (CONVERT (DATE,'02/07/2023',103), '0000147', '009726');
insert into UTILIZA (fecha, id_cliente, id_area) values (CONVERT (DATE,'25/09/2020',103), '0000287', '009720');
insert into UTILIZA (fecha, id_cliente, id_area) values (CONVERT (DATE,'10/09/2023',103), '0000248', '009726');
insert into UTILIZA (fecha, id_cliente, id_area) values (CONVERT (DATE,'30/11/2022',103), '0000142', '009718');
insert into UTILIZA (fecha, id_cliente, id_area) values (CONVERT (DATE,'11/12/2023',103), '0000261', '009710');
insert into UTILIZA (fecha, id_cliente, id_area) values (CONVERT (DATE,'19/03/2022',103), '0000202', '009705');
insert into UTILIZA (fecha, id_cliente, id_area) values (CONVERT (DATE,'31/07/2021',103), '0000248', '009701');
insert into UTILIZA (fecha, id_cliente, id_area) values (CONVERT (DATE,'12/04/2023',103), '0000110', '009709');
insert into UTILIZA (fecha, id_cliente, id_area) values (CONVERT (DATE,'14/04/2024',103), '0000228', '009719');
insert into UTILIZA (fecha, id_cliente, id_area) values (CONVERT (DATE,'13/03/2021',103), '0000241', '009712');
insert into UTILIZA (fecha, id_cliente, id_area) values (CONVERT (DATE,'06/03/2024',103), '0000146', '009715');
insert into UTILIZA (fecha, id_cliente, id_area) values (CONVERT (DATE,'29/09/2020',103), '0000171', '009714');
insert into UTILIZA (fecha, id_cliente, id_area) values (CONVERT (DATE,'11/09/2020',103), '0000221', '009719');
insert into UTILIZA (fecha, id_cliente, id_area) values (CONVERT (DATE,'15/03/2021',103), '0000170', '009701');
insert into UTILIZA (fecha, id_cliente, id_area) values (CONVERT (DATE,'27/03/2024',103), '0000288', '009715');
insert into UTILIZA (fecha, id_cliente, id_area) values (CONVERT (DATE,'11/11/2022',103), '0000238', '009724');
insert into UTILIZA (fecha, id_cliente, id_area) values (CONVERT (DATE,'17/02/2021',103), '0000178', '009711');
insert into UTILIZA (fecha, id_cliente, id_area) values (CONVERT (DATE,'04/10/2020',103), '0000280', '009721');
insert into UTILIZA (fecha, id_cliente, id_area) values (CONVERT (DATE,'12/08/2022',103), '0000162', '009725');
insert into UTILIZA (fecha, id_cliente, id_area) values (CONVERT (DATE,'01/10/2021',103), '0000204', '009707');
insert into UTILIZA (fecha, id_cliente, id_area) values (CONVERT (DATE,'25/08/2022',103), '0000175', '009713');
insert into UTILIZA (fecha, id_cliente, id_area) values (CONVERT (DATE,'30/03/2022',103), '0000217', '009705');
insert into UTILIZA (fecha, id_cliente, id_area) values (CONVERT (DATE,'13/05/2022',103), '0000184', '009718');
insert into UTILIZA (fecha, id_cliente, id_area) values (CONVERT (DATE,'17/09/2020',103), '0000191', '009705');
insert into UTILIZA (fecha, id_cliente, id_area) values (CONVERT (DATE,'06/06/2024',103), '0000204', '009723');
insert into UTILIZA (fecha, id_cliente, id_area) values (CONVERT (DATE,'28/11/2020',103), '0000178', '009715');
insert into UTILIZA (fecha, id_cliente, id_area) values (CONVERT (DATE,'13/04/2024',103), '0000154', '009713');
insert into UTILIZA (fecha, id_cliente, id_area) values (CONVERT (DATE,'04/11/2023',103), '0000285', '009719');
insert into UTILIZA (fecha, id_cliente, id_area) values (CONVERT (DATE,'08/12/2020',103), '0000114', '009714');
insert into UTILIZA (fecha, id_cliente, id_area) values (CONVERT (DATE,'22/04/2024',103), '0000137', '009715');
insert into UTILIZA (fecha, id_cliente, id_area) values (CONVERT (DATE,'11/04/2022',103), '0000144', '009717');
insert into UTILIZA (fecha, id_cliente, id_area) values (CONVERT (DATE,'03/02/2024',103), '0000269', '009718');
insert into UTILIZA (fecha, id_cliente, id_area) values (CONVERT (DATE,'14/11/2021',103), '0000237', '009720');
insert into UTILIZA (fecha, id_cliente, id_area) values (CONVERT (DATE,'23/10/2022',103), '0000279', '009713');
insert into UTILIZA (fecha, id_cliente, id_area) values (CONVERT (DATE,'06/03/2021',103), '0000296', '009717');
insert into UTILIZA (fecha, id_cliente, id_area) values (CONVERT (DATE,'02/10/2020',103), '0000208', '009713');
insert into UTILIZA (fecha, id_cliente, id_area) values (CONVERT (DATE,'09/04/2023',103), '0000205', '009706');
insert into UTILIZA (fecha, id_cliente, id_area) values (CONVERT (DATE,'26/06/2022',103), '0000198', '009711');
insert into UTILIZA (fecha, id_cliente, id_area) values (CONVERT (DATE,'25/05/2022',103), '0000280', '009705');
insert into UTILIZA (fecha, id_cliente, id_area) values (CONVERT (DATE,'20/09/2022',103), '0000298', '009701');
insert into UTILIZA (fecha, id_cliente, id_area) values (CONVERT (DATE,'17/11/2020',103), '0000118', '009703');
insert into UTILIZA (fecha, id_cliente, id_area) values (CONVERT (DATE,'26/11/2022',103), '0000143', '009714');
insert into UTILIZA (fecha, id_cliente, id_area) values (CONVERT (DATE,'20/05/2024',103), '0000211', '009701');
insert into UTILIZA (fecha, id_cliente, id_area) values (CONVERT (DATE,'14/01/2022',103), '0000272', '009716');
insert into UTILIZA (fecha, id_cliente, id_area) values (CONVERT (DATE,'08/03/2021',103), '0000139', '009711');
insert into UTILIZA (fecha, id_cliente, id_area) values (CONVERT (DATE,'27/06/2023',103), '0000114', '009722');
insert into UTILIZA (fecha, id_cliente, id_area) values (CONVERT (DATE,'12/11/2020',103), '0000267', '009725');
insert into UTILIZA (fecha, id_cliente, id_area) values (CONVERT (DATE,'01/07/2021',103), '0000184', '009710');
insert into UTILIZA (fecha, id_cliente, id_area) values (CONVERT (DATE,'03/02/2022',103), '0000138', '009709');
insert into UTILIZA (fecha, id_cliente, id_area) values (CONVERT (DATE,'02/05/2021',103), '0000270', '009709');
insert into UTILIZA (fecha, id_cliente, id_area) values (CONVERT (DATE,'10/10/2022',103), '0000259', '009717');
insert into UTILIZA (fecha, id_cliente, id_area) values (CONVERT (DATE,'29/03/2023',103), '0000182', '009719');
insert into UTILIZA (fecha, id_cliente, id_area) values (CONVERT (DATE,'08/01/2024',103), '0000127', '009711');
insert into UTILIZA (fecha, id_cliente, id_area) values (CONVERT (DATE,'04/11/2022',103), '0000154', '009710');
insert into UTILIZA (fecha, id_cliente, id_area) values (CONVERT (DATE,'05/04/2023',103), '0000148', '009707');
insert into UTILIZA (fecha, id_cliente, id_area) values (CONVERT (DATE,'04/02/2022',103), '0000272', '009714');
insert into UTILIZA (fecha, id_cliente, id_area) values (CONVERT (DATE,'28/03/2022',103), '0000237', '009701');
insert into UTILIZA (fecha, id_cliente, id_area) values (CONVERT (DATE,'20/12/2020',103), '0000164', '009710');
insert into UTILIZA (fecha, id_cliente, id_area) values (CONVERT (DATE,'11/06/2023',103), '0000283', '009723');
insert into UTILIZA (fecha, id_cliente, id_area) values (CONVERT (DATE,'27/01/2021',103), '0000244', '009718');
insert into UTILIZA (fecha, id_cliente, id_area) values (CONVERT (DATE,'05/09/2021',103), '0000216', '009709');
insert into UTILIZA (fecha, id_cliente, id_area) values (CONVERT (DATE,'19/02/2023',103), '0000276', '009708');
insert into UTILIZA (fecha, id_cliente, id_area) values (CONVERT (DATE,'02/04/2024',103), '0000113', '009714');
insert into UTILIZA (fecha, id_cliente, id_area) values (CONVERT (DATE,'13/07/2023',103), '0000100', '009709');
insert into UTILIZA (fecha, id_cliente, id_area) values (CONVERT (DATE,'25/01/2023',103), '0000170', '009712');
insert into UTILIZA (fecha, id_cliente, id_area) values (CONVERT (DATE,'10/06/2023',103), '0000271', '009722');
insert into UTILIZA (fecha, id_cliente, id_area) values (CONVERT (DATE,'30/06/2022',103), '0000175', '009721');
insert into UTILIZA (fecha, id_cliente, id_area) values (CONVERT (DATE,'09/07/2023',103), '0000269', '009710');
insert into UTILIZA (fecha, id_cliente, id_area) values (CONVERT (DATE,'12/01/2024',103), '0000178', '009725');
insert into UTILIZA (fecha, id_cliente, id_area) values (CONVERT (DATE,'07/07/2021',103), '0000114', '009716');
insert into UTILIZA (fecha, id_cliente, id_area) values (CONVERT (DATE,'28/05/2021',103), '0000139', '009726');
insert into UTILIZA (fecha, id_cliente, id_area) values (CONVERT (DATE,'25/05/2024',103), '0000130', '009708');
insert into UTILIZA (fecha, id_cliente, id_area) values (CONVERT (DATE,'20/02/2024',103), '0000131', '009717');
insert into UTILIZA (fecha, id_cliente, id_area) values (CONVERT (DATE,'19/11/2023',103), '0000281', '009703');
insert into UTILIZA (fecha, id_cliente, id_area) values (CONVERT (DATE,'16/10/2020',103), '0000286', '009725');
insert into UTILIZA (fecha, id_cliente, id_area) values (CONVERT (DATE,'22/08/2022',103), '0000168', '009717');
insert into UTILIZA (fecha, id_cliente, id_area) values (CONVERT (DATE,'20/11/2021',103), '0000229', '009724');
insert into UTILIZA (fecha, id_cliente, id_area) values (CONVERT (DATE,'10/11/2021',103), '0000246', '009708');
insert into UTILIZA (fecha, id_cliente, id_area) values (CONVERT (DATE,'27/01/2023',103), '0000198', '009726');
insert into UTILIZA (fecha, id_cliente, id_area) values (CONVERT (DATE,'16/06/2024',103), '0000180', '009714');
insert into UTILIZA (fecha, id_cliente, id_area) values (CONVERT (DATE,'16/03/2022',103), '0000289', '009706');
insert into UTILIZA (fecha, id_cliente, id_area) values (CONVERT (DATE,'22/01/2024',103), '0000224', '009720');
insert into UTILIZA (fecha, id_cliente, id_area) values (CONVERT (DATE,'05/04/2022',103), '0000209', '009715');
insert into UTILIZA (fecha, id_cliente, id_area) values (CONVERT (DATE,'17/01/2021',103), '0000127', '009723');
insert into UTILIZA (fecha, id_cliente, id_area) values (CONVERT (DATE,'27/05/2021',103), '0000137', '009717');
insert into UTILIZA (fecha, id_cliente, id_area) values (CONVERT (DATE,'03/06/2023',103), '0000253', '009705');
insert into UTILIZA (fecha, id_cliente, id_area) values (CONVERT (DATE,'20/01/2022',103), '0000160', '009707');
insert into UTILIZA (fecha, id_cliente, id_area) values (CONVERT (DATE,'06/06/2022',103), '0000161', '009701');
insert into UTILIZA (fecha, id_cliente, id_area) values (CONVERT (DATE,'24/01/2024',103), '0000154', '009718');
insert into UTILIZA (fecha, id_cliente, id_area) values (CONVERT (DATE,'05/08/2021',103), '0000189', '009724');
insert into UTILIZA (fecha, id_cliente, id_area) values (CONVERT (DATE,'17/07/2020',103), '0000144', '009707');
insert into UTILIZA (fecha, id_cliente, id_area) values (CONVERT (DATE,'03/07/2022',103), '0000273', '009721');
insert into UTILIZA (fecha, id_cliente, id_area) values (CONVERT (DATE,'20/05/2021',103), '0000139', '009717');
insert into UTILIZA (fecha, id_cliente, id_area) values (CONVERT (DATE,'29/01/2024',103), '0000131', '009705');
insert into UTILIZA (fecha, id_cliente, id_area) values (CONVERT (DATE,'10/05/2022',103), '0000197', '009713');
insert into UTILIZA (fecha, id_cliente, id_area) values (CONVERT (DATE,'13/12/2023',103), '0000240', '009703');
insert into UTILIZA (fecha, id_cliente, id_area) values (CONVERT (DATE,'06/08/2023',103), '0000192', '009704');
insert into UTILIZA (fecha, id_cliente, id_area) values (CONVERT (DATE,'13/08/2021',103), '0000248', '009724');
insert into UTILIZA (fecha, id_cliente, id_area) values (CONVERT (DATE,'22/10/2020',103), '0000148', '009711');
insert into UTILIZA (fecha, id_cliente, id_area) values (CONVERT (DATE,'05/10/2020',103), '0000132', '009714');
insert into UTILIZA (fecha, id_cliente, id_area) values (CONVERT (DATE,'02/10/2023',103), '0000125', '009719');
insert into UTILIZA (fecha, id_cliente, id_area) values (CONVERT (DATE,'16/08/2023',103), '0000206', '009721');
insert into UTILIZA (fecha, id_cliente, id_area) values (CONVERT (DATE,'11/02/2021',103), '0000246', '009717');
insert into UTILIZA (fecha, id_cliente, id_area) values (CONVERT (DATE,'12/07/2021',103), '0000292', '009716');
insert into UTILIZA (fecha, id_cliente, id_area) values (CONVERT (DATE,'23/04/2023',103), '0000272', '009709');
insert into UTILIZA (fecha, id_cliente, id_area) values (CONVERT (DATE,'23/03/2023',103), '0000167', '009712');
insert into UTILIZA (fecha, id_cliente, id_area) values (CONVERT (DATE,'10/05/2021',103), '0000238', '009705');
insert into UTILIZA (fecha, id_cliente, id_area) values (CONVERT (DATE,'24/07/2021',103), '0000234', '009714');
insert into UTILIZA (fecha, id_cliente, id_area) values (CONVERT (DATE,'15/08/2021',103), '0000217', '009717');
insert into UTILIZA (fecha, id_cliente, id_area) values (CONVERT (DATE,'26/03/2021',103), '0000195', '009708');
insert into UTILIZA (fecha, id_cliente, id_area) values (CONVERT (DATE,'30/06/2023',103), '0000228', '009726');
insert into UTILIZA (fecha, id_cliente, id_area) values (CONVERT (DATE,'23/05/2021',103), '0000148', '009703');
insert into UTILIZA (fecha, id_cliente, id_area) values (CONVERT (DATE,'12/10/2022',103), '0000243', '009702');
insert into UTILIZA (fecha, id_cliente, id_area) values (CONVERT (DATE,'05/09/2023',103), '0000276', '009706');
insert into UTILIZA (fecha, id_cliente, id_area) values (CONVERT (DATE,'24/04/2023',103), '0000108', '009723');
insert into UTILIZA (fecha, id_cliente, id_area) values (CONVERT (DATE,'15/03/2021',103), '0000221', '009714');
insert into UTILIZA (fecha, id_cliente, id_area) values (CONVERT (DATE,'19/04/2021',103), '0000249', '009710');
insert into UTILIZA (fecha, id_cliente, id_area) values (CONVERT (DATE,'21/11/2021',103), '0000206', '009722');
insert into UTILIZA (fecha, id_cliente, id_area) values (CONVERT (DATE,'20/03/2024',103), '0000160', '009709');
insert into UTILIZA (fecha, id_cliente, id_area) values (CONVERT (DATE,'13/11/2021',103), '0000154', '009701');
insert into UTILIZA (fecha, id_cliente, id_area) values (CONVERT (DATE,'18/01/2023',103), '0000147', '009711');
insert into UTILIZA (fecha, id_cliente, id_area) values (CONVERT (DATE,'31/08/2022',103), '0000265', '009703');
insert into UTILIZA (fecha, id_cliente, id_area) values (CONVERT (DATE,'26/05/2021',103), '0000196', '009710');
insert into UTILIZA (fecha, id_cliente, id_area) values (CONVERT (DATE,'16/01/2024',103), '0000216', '009703');
insert into UTILIZA (fecha, id_cliente, id_area) values (CONVERT (DATE,'25/09/2020',103), '0000196', '009711');
insert into UTILIZA (fecha, id_cliente, id_area) values (CONVERT (DATE,'20/02/2024',103), '0000208', '009723');
insert into UTILIZA (fecha, id_cliente, id_area) values (CONVERT (DATE,'02/11/2023',103), '0000145', '009719');
insert into UTILIZA (fecha, id_cliente, id_area) values (CONVERT (DATE,'09/02/2024',103), '0000109', '009718');
insert into UTILIZA (fecha, id_cliente, id_area) values (CONVERT (DATE,'29/06/2022',103), '0000215', '009709');
insert into UTILIZA (fecha, id_cliente, id_area) values (CONVERT (DATE,'13/08/2023',103), '0000262', '009717');
insert into UTILIZA (fecha, id_cliente, id_area) values (CONVERT (DATE,'03/11/2021',103), '0000245', '009704');
insert into UTILIZA (fecha, id_cliente, id_area) values (CONVERT (DATE,'18/09/2020',103), '0000281', '009715');
insert into UTILIZA (fecha, id_cliente, id_area) values (CONVERT (DATE,'28/01/2024',103), '0000214', '009725');
insert into UTILIZA (fecha, id_cliente, id_area) values (CONVERT (DATE,'06/10/2020',103), '0000169', '009707');
insert into UTILIZA (fecha, id_cliente, id_area) values (CONVERT (DATE,'26/11/2023',103), '0000197', '009721');
insert into UTILIZA (fecha, id_cliente, id_area) values (CONVERT (DATE,'25/12/2020',103), '0000191', '009704');
insert into UTILIZA (fecha, id_cliente, id_area) values (CONVERT (DATE,'22/12/2022',103), '0000292', '009705');
insert into UTILIZA (fecha, id_cliente, id_area) values (CONVERT (DATE,'23/06/2022',103), '0000108', '009701');
insert into UTILIZA (fecha, id_cliente, id_area) values (CONVERT (DATE,'12/11/2020',103), '0000268', '009723');
insert into UTILIZA (fecha, id_cliente, id_area) values (CONVERT (DATE,'20/08/2023',103), '0000159', '009703');
insert into UTILIZA (fecha, id_cliente, id_area) values (CONVERT (DATE,'09/02/2021',103), '0000143', '009725');
insert into UTILIZA (fecha, id_cliente, id_area) values (CONVERT (DATE,'26/12/2022',103), '0000223', '009701');
insert into UTILIZA (fecha, id_cliente, id_area) values (CONVERT (DATE,'11/10/2022',103), '0000260', '009711');
insert into UTILIZA (fecha, id_cliente, id_area) values (CONVERT (DATE,'18/10/2021',103), '0000209', '009710');
insert into UTILIZA (fecha, id_cliente, id_area) values (CONVERT (DATE,'15/12/2022',103), '0000122', '009719');
insert into UTILIZA (fecha, id_cliente, id_area) values (CONVERT (DATE,'17/06/2024',103), '0000293', '009722');
insert into UTILIZA (fecha, id_cliente, id_area) values (CONVERT (DATE,'25/05/2021',103), '0000109', '009720');
insert into UTILIZA (fecha, id_cliente, id_area) values (CONVERT (DATE,'13/06/2022',103), '0000152', '009701');
insert into UTILIZA (fecha, id_cliente, id_area) values (CONVERT (DATE,'14/02/2021',103), '0000213', '009726');
insert into UTILIZA (fecha, id_cliente, id_area) values (CONVERT (DATE,'23/12/2020',103), '0000290', '009724');
insert into UTILIZA (fecha, id_cliente, id_area) values (CONVERT (DATE,'01/08/2023',103), '0000219', '009723');
insert into UTILIZA (fecha, id_cliente, id_area) values (CONVERT (DATE,'17/09/2021',103), '0000108', '009704');
insert into UTILIZA (fecha, id_cliente, id_area) values (CONVERT (DATE,'22/03/2024',103), '0000244', '009703');
insert into UTILIZA (fecha, id_cliente, id_area) values (CONVERT (DATE,'22/12/2023',103), '0000261', '009702');
insert into UTILIZA (fecha, id_cliente, id_area) values (CONVERT (DATE,'09/08/2023',103), '0000133', '009712');
insert into UTILIZA (fecha, id_cliente, id_area) values (CONVERT (DATE,'07/10/2023',103), '0000199', '009710');
insert into UTILIZA (fecha, id_cliente, id_area) values (CONVERT (DATE,'13/09/2023',103), '0000182', '009709');
insert into UTILIZA (fecha, id_cliente, id_area) values (CONVERT (DATE,'28/12/2022',103), '0000288', '009704');
insert into UTILIZA (fecha, id_cliente, id_area) values (CONVERT (DATE,'30/06/2022',103), '0000287', '009713');
insert into UTILIZA (fecha, id_cliente, id_area) values (CONVERT (DATE,'21/04/2021',103), '0000205', '009712');
insert into UTILIZA (fecha, id_cliente, id_area) values (CONVERT (DATE,'04/10/2022',103), '0000226', '009704');
insert into UTILIZA (fecha, id_cliente, id_area) values (CONVERT (DATE,'07/03/2023',103), '0000201', '009726');
insert into UTILIZA (fecha, id_cliente, id_area) values (CONVERT (DATE,'12/07/2020',103), '0000246', '009702');
insert into UTILIZA (fecha, id_cliente, id_area) values (CONVERT (DATE,'08/10/2022',103), '0000156', '009709');
insert into UTILIZA (fecha, id_cliente, id_area) values (CONVERT (DATE,'05/06/2024',103), '0000182', '009702');
insert into UTILIZA (fecha, id_cliente, id_area) values (CONVERT (DATE,'01/12/2020',103), '0000101', '009709');
insert into UTILIZA (fecha, id_cliente, id_area) values (CONVERT (DATE,'17/03/2023',103), '0000286', '009711');
insert into UTILIZA (fecha, id_cliente, id_area) values (CONVERT (DATE,'17/09/2021',103), '0000161', '009705');
insert into UTILIZA (fecha, id_cliente, id_area) values (CONVERT (DATE,'17/01/2021',103), '0000244', '009707');
insert into UTILIZA (fecha, id_cliente, id_area) values (CONVERT (DATE,'22/04/2021',103), '0000295', '009719');
insert into UTILIZA (fecha, id_cliente, id_area) values (CONVERT (DATE,'12/10/2023',103), '0000205', '009702');
insert into UTILIZA (fecha, id_cliente, id_area) values (CONVERT (DATE,'17/05/2024',103), '0000214', '009709');
insert into UTILIZA (fecha, id_cliente, id_area) values (CONVERT (DATE,'24/12/2022',103), '0000261', '009708');
insert into UTILIZA (fecha, id_cliente, id_area) values (CONVERT (DATE,'25/03/2021',103), '0000214', '009715');
insert into UTILIZA (fecha, id_cliente, id_area) values (CONVERT (DATE,'08/11/2023',103), '0000100', '009720');
insert into UTILIZA (fecha, id_cliente, id_area) values (CONVERT (DATE,'10/07/2022',103), '0000101', '009714');
insert into UTILIZA (fecha, id_cliente, id_area) values (CONVERT (DATE,'23/06/2021',103), '0000110', '009701');
insert into UTILIZA (fecha, id_cliente, id_area) values (CONVERT (DATE,'19/11/2021',103), '0000165', '009712');
insert into UTILIZA (fecha, id_cliente, id_area) values (CONVERT (DATE,'27/12/2020',103), '0000130', '009723');
insert into UTILIZA (fecha, id_cliente, id_area) values (CONVERT (DATE,'08/03/2023',103), '0000132', '009715');
insert into UTILIZA (fecha, id_cliente, id_area) values (CONVERT (DATE,'01/11/2021',103), '0000108', '009706');
insert into UTILIZA (fecha, id_cliente, id_area) values (CONVERT (DATE,'22/10/2022',103), '0000255', '009707');
insert into UTILIZA (fecha, id_cliente, id_area) values (CONVERT (DATE,'14/08/2021',103), '0000114', '009721');
insert into UTILIZA (fecha, id_cliente, id_area) values (CONVERT (DATE,'10/07/2022',103), '0000145', '009722');
insert into UTILIZA (fecha, id_cliente, id_area) values (CONVERT (DATE,'26/01/2023',103), '0000255', '009705');
insert into UTILIZA (fecha, id_cliente, id_area) values (CONVERT (DATE,'02/09/2023',103), '0000124', '009712');
insert into UTILIZA (fecha, id_cliente, id_area) values (CONVERT (DATE,'03/12/2023',103), '0000295', '009701');
insert into UTILIZA (fecha, id_cliente, id_area) values (CONVERT (DATE,'20/12/2022',103), '0000188', '009705');
insert into UTILIZA (fecha, id_cliente, id_area) values (CONVERT (DATE,'20/04/2022',103), '0000103', '009725');
insert into UTILIZA (fecha, id_cliente, id_area) values (CONVERT (DATE,'19/10/2020',103), '0000210', '009725');
insert into UTILIZA (fecha, id_cliente, id_area) values (CONVERT (DATE,'30/05/2022',103), '0000199', '009722');
insert into UTILIZA (fecha, id_cliente, id_area) values (CONVERT (DATE,'18/11/2022',103), '0000186', '009708');
insert into UTILIZA (fecha, id_cliente, id_area) values (CONVERT (DATE,'22/02/2024',103), '0000297', '009720');
insert into UTILIZA (fecha, id_cliente, id_area) values (CONVERT (DATE,'30/10/2023',103), '0000230', '009720');
insert into UTILIZA (fecha, id_cliente, id_area) values (CONVERT (DATE,'14/10/2023',103), '0000211', '009710');
insert into UTILIZA (fecha, id_cliente, id_area) values (CONVERT (DATE,'13/02/2022',103), '0000132', '009701');
insert into UTILIZA (fecha, id_cliente, id_area) values (CONVERT (DATE,'07/07/2021',103), '0000193', '009711');
insert into UTILIZA (fecha, id_cliente, id_area) values (CONVERT (DATE,'25/09/2022',103), '0000263', '009726');
insert into UTILIZA (fecha, id_cliente, id_area) values (CONVERT (DATE,'21/05/2023',103), '0000183', '009715');
insert into UTILIZA (fecha, id_cliente, id_area) values (CONVERT (DATE,'13/12/2021',103), '0000212', '009710');
insert into UTILIZA (fecha, id_cliente, id_area) values (CONVERT (DATE,'11/03/2023',103), '0000166', '009702');
insert into UTILIZA (fecha, id_cliente, id_area) values (CONVERT (DATE,'27/09/2022',103), '0000280', '009702');
insert into UTILIZA (fecha, id_cliente, id_area) values (CONVERT (DATE,'18/04/2022',103), '0000141', '009721');
insert into UTILIZA (fecha, id_cliente, id_area) values (CONVERT (DATE,'12/04/2024',103), '0000224', '009703');
insert into UTILIZA (fecha, id_cliente, id_area) values (CONVERT (DATE,'05/08/2022',103), '0000240', '009708');
insert into UTILIZA (fecha, id_cliente, id_area) values (CONVERT (DATE,'14/12/2023',103), '0000239', '009705');
insert into UTILIZA (fecha, id_cliente, id_area) values (CONVERT (DATE,'06/07/2023',103), '0000179', '009714');
insert into UTILIZA (fecha, id_cliente, id_area) values (CONVERT (DATE,'13/02/2023',103), '0000112', '009711');
insert into UTILIZA (fecha, id_cliente, id_area) values (CONVERT (DATE,'29/10/2022',103), '0000292', '009723');
insert into UTILIZA (fecha, id_cliente, id_area) values (CONVERT (DATE,'15/10/2021',103), '0000240', '009726');
insert into UTILIZA (fecha, id_cliente, id_area) values (CONVERT (DATE,'04/03/2024',103), '0000252', '009702');
insert into UTILIZA (fecha, id_cliente, id_area) values (CONVERT (DATE,'13/01/2021',103), '0000282', '009725');
insert into UTILIZA (fecha, id_cliente, id_area) values (CONVERT (DATE,'24/04/2023',103), '0000193', '009712');
insert into UTILIZA (fecha, id_cliente, id_area) values (CONVERT (DATE,'06/11/2020',103), '0000125', '009717');
insert into UTILIZA (fecha, id_cliente, id_area) values (CONVERT (DATE,'05/11/2023',103), '0000122', '009725');
insert into UTILIZA (fecha, id_cliente, id_area) values (CONVERT (DATE,'17/11/2020',103), '0000208', '009711');
insert into UTILIZA (fecha, id_cliente, id_area) values (CONVERT (DATE,'08/09/2023',103), '0000159', '009705');
insert into UTILIZA (fecha, id_cliente, id_area) values (CONVERT (DATE,'21/06/2021',103), '0000279', '009721');
insert into UTILIZA (fecha, id_cliente, id_area) values (CONVERT (DATE,'15/09/2021',103), '0000205', '009709');
insert into UTILIZA (fecha, id_cliente, id_area) values (CONVERT (DATE,'12/07/2020',103), '0000201', '009705');
insert into UTILIZA (fecha, id_cliente, id_area) values (CONVERT (DATE,'22/11/2022',103), '0000138', '009721');
insert into UTILIZA (fecha, id_cliente, id_area) values (CONVERT (DATE,'08/11/2023',103), '0000139', '009703');
insert into UTILIZA (fecha, id_cliente, id_area) values (CONVERT (DATE,'16/11/2021',103), '0000241', '009721');
insert into UTILIZA (fecha, id_cliente, id_area) values (CONVERT (DATE,'28/09/2020',103), '0000187', '009707');
insert into UTILIZA (fecha, id_cliente, id_area) values (CONVERT (DATE,'14/12/2022',103), '0000232', '009713');
insert into UTILIZA (fecha, id_cliente, id_area) values (CONVERT (DATE,'22/08/2023',103), '0000135', '009705');
insert into UTILIZA (fecha, id_cliente, id_area) values (CONVERT (DATE,'12/04/2022',103), '0000237', '009722');
insert into UTILIZA (fecha, id_cliente, id_area) values (CONVERT (DATE,'01/08/2022',103), '0000224', '009723');
insert into UTILIZA (fecha, id_cliente, id_area) values (CONVERT (DATE,'02/04/2024',103), '0000169', '009720');
insert into UTILIZA (fecha, id_cliente, id_area) values (CONVERT (DATE,'08/01/2024',103), '0000298', '009706');
insert into UTILIZA (fecha, id_cliente, id_area) values (CONVERT (DATE,'17/10/2021',103), '0000298', '009723');
insert into UTILIZA (fecha, id_cliente, id_area) values (CONVERT (DATE,'04/12/2023',103), '0000291', '009716');
insert into UTILIZA (fecha, id_cliente, id_area) values (CONVERT (DATE,'04/12/2021',103), '0000188', '009713');
insert into UTILIZA (fecha, id_cliente, id_area) values (CONVERT (DATE,'13/11/2020',103), '0000150', '009724');
insert into UTILIZA (fecha, id_cliente, id_area) values (CONVERT (DATE,'24/02/2021',103), '0000176', '009701');
insert into UTILIZA (fecha, id_cliente, id_area) values (CONVERT (DATE,'21/08/2020',103), '0000125', '009724');
insert into UTILIZA (fecha, id_cliente, id_area) values (CONVERT (DATE,'09/10/2023',103), '0000220', '009701');
insert into UTILIZA (fecha, id_cliente, id_area) values (CONVERT (DATE,'08/02/2022',103), '0000108', '009717');
insert into UTILIZA (fecha, id_cliente, id_area) values (CONVERT (DATE,'07/08/2023',103), '0000281', '009701');
insert into UTILIZA (fecha, id_cliente, id_area) values (CONVERT (DATE,'16/02/2022',103), '0000286', '009702');
insert into UTILIZA (fecha, id_cliente, id_area) values (CONVERT (DATE,'05/09/2020',103), '0000266', '009713');
insert into UTILIZA (fecha, id_cliente, id_area) values (CONVERT (DATE,'04/06/2022',103), '0000100', '009719');
insert into UTILIZA (fecha, id_cliente, id_area) values (CONVERT (DATE,'20/08/2022',103), '0000156', '009715');
insert into UTILIZA (fecha, id_cliente, id_area) values (CONVERT (DATE,'09/04/2023',103), '0000251', '009716');
insert into UTILIZA (fecha, id_cliente, id_area) values (CONVERT (DATE,'12/07/2021',103), '0000210', '009702');
insert into UTILIZA (fecha, id_cliente, id_area) values (CONVERT (DATE,'08/07/2020',103), '0000198', '009708');
insert into UTILIZA (fecha, id_cliente, id_area) values (CONVERT (DATE,'28/08/2023',103), '0000196', '009717');
insert into UTILIZA (fecha, id_cliente, id_area) values (CONVERT (DATE,'28/08/2020',103), '0000254', '009718');
insert into UTILIZA (fecha, id_cliente, id_area) values (CONVERT (DATE,'27/02/2022',103), '0000228', '009725');
insert into UTILIZA (fecha, id_cliente, id_area) values (CONVERT (DATE,'05/05/2021',103), '0000204', '009704');
insert into UTILIZA (fecha, id_cliente, id_area) values (CONVERT (DATE,'09/05/2024',103), '0000205', '009717');
insert into UTILIZA (fecha, id_cliente, id_area) values (CONVERT (DATE,'27/11/2022',103), '0000168', '009703');
insert into UTILIZA (fecha, id_cliente, id_area) values (CONVERT (DATE,'14/10/2021',103), '0000121', '009712');
insert into UTILIZA (fecha, id_cliente, id_area) values (CONVERT (DATE,'17/06/2022',103), '0000188', '009717');
insert into UTILIZA (fecha, id_cliente, id_area) values (CONVERT (DATE,'22/12/2022',103), '0000257', '009726');
insert into UTILIZA (fecha, id_cliente, id_area) values (CONVERT (DATE,'16/05/2021',103), '0000207', '009726');
insert into UTILIZA (fecha, id_cliente, id_area) values (CONVERT (DATE,'09/07/2021',103), '0000113', '009715');
insert into UTILIZA (fecha, id_cliente, id_area) values (CONVERT (DATE,'27/03/2022',103), '0000185', '009721');
insert into UTILIZA (fecha, id_cliente, id_area) values (CONVERT (DATE,'09/09/2020',103), '0000257', '009705');
insert into UTILIZA (fecha, id_cliente, id_area) values (CONVERT (DATE,'07/06/2023',103), '0000165', '009719');
insert into UTILIZA (fecha, id_cliente, id_area) values (CONVERT (DATE,'11/03/2022',103), '0000149', '009715');
insert into UTILIZA (fecha, id_cliente, id_area) values (CONVERT (DATE,'04/04/2022',103), '0000105', '009706');
insert into UTILIZA (fecha, id_cliente, id_area) values (CONVERT (DATE,'10/02/2024',103), '0000169', '009724');
insert into UTILIZA (fecha, id_cliente, id_area) values (CONVERT (DATE,'28/09/2022',103), '0000100', '009712');
insert into UTILIZA (fecha, id_cliente, id_area) values (CONVERT (DATE,'23/11/2023',103), '0000126', '009712');
insert into UTILIZA (fecha, id_cliente, id_area) values (CONVERT (DATE,'16/04/2023',103), '0000139', '009705');
insert into UTILIZA (fecha, id_cliente, id_area) values (CONVERT (DATE,'08/12/2021',103), '0000154', '009721');
insert into UTILIZA (fecha, id_cliente, id_area) values (CONVERT (DATE,'13/11/2022',103), '0000178', '009718');
insert into UTILIZA (fecha, id_cliente, id_area) values (CONVERT (DATE,'09/10/2023',103), '0000143', '009726');
insert into UTILIZA (fecha, id_cliente, id_area) values (CONVERT (DATE,'03/08/2022',103), '0000300', '009708');
insert into UTILIZA (fecha, id_cliente, id_area) values (CONVERT (DATE,'02/07/2022',103), '0000248', '009714');
insert into UTILIZA (fecha, id_cliente, id_area) values (CONVERT (DATE,'24/06/2021',103), '0000177', '009709');
insert into UTILIZA (fecha, id_cliente, id_area) values (CONVERT (DATE,'28/10/2020',103), '0000214', '009726');
insert into UTILIZA (fecha, id_cliente, id_area) values (CONVERT (DATE,'05/01/2023',103), '0000105', '009718');
insert into UTILIZA (fecha, id_cliente, id_area) values (CONVERT (DATE,'04/06/2023',103), '0000155', '009713');
insert into UTILIZA (fecha, id_cliente, id_area) values (CONVERT (DATE,'18/05/2022',103), '0000198', '009705');
insert into UTILIZA (fecha, id_cliente, id_area) values (CONVERT (DATE,'15/05/2022',103), '0000280', '009711');
insert into UTILIZA (fecha, id_cliente, id_area) values (CONVERT (DATE,'05/02/2024',103), '0000218', '009722');
insert into UTILIZA (fecha, id_cliente, id_area) values (CONVERT (DATE,'14/12/2023',103), '0000126', '009714');
insert into UTILIZA (fecha, id_cliente, id_area) values (CONVERT (DATE,'14/12/2022',103), '0000295', '009710');
insert into UTILIZA (fecha, id_cliente, id_area) values (CONVERT (DATE,'02/08/2021',103), '0000261', '009711');
insert into UTILIZA (fecha, id_cliente, id_area) values (CONVERT (DATE,'23/01/2024',103), '0000211', '009706');
insert into UTILIZA (fecha, id_cliente, id_area) values (CONVERT (DATE,'21/12/2021',103), '0000152', '009706');
insert into UTILIZA (fecha, id_cliente, id_area) values (CONVERT (DATE,'29/09/2023',103), '0000298', '009710');
insert into UTILIZA (fecha, id_cliente, id_area) values (CONVERT (DATE,'11/02/2021',103), '0000204', '009715');
insert into UTILIZA (fecha, id_cliente, id_area) values (CONVERT (DATE,'13/09/2020',103), '0000164', '009713');
insert into UTILIZA (fecha, id_cliente, id_area) values (CONVERT (DATE,'09/10/2023',103), '0000179', '009723');
insert into UTILIZA (fecha, id_cliente, id_area) values (CONVERT (DATE,'03/09/2023',103), '0000187', '009718');
insert into UTILIZA (fecha, id_cliente, id_area) values (CONVERT (DATE,'10/04/2022',103), '0000254', '009701');
insert into UTILIZA (fecha, id_cliente, id_area) values (CONVERT (DATE,'10/03/2021',103), '0000144', '009725');
insert into UTILIZA (fecha, id_cliente, id_area) values (CONVERT (DATE,'30/08/2022',103), '0000174', '009714');
insert into UTILIZA (fecha, id_cliente, id_area) values (CONVERT (DATE,'21/09/2022',103), '0000149', '009712');
insert into UTILIZA (fecha, id_cliente, id_area) values (CONVERT (DATE,'08/08/2021',103), '0000109', '009702');
insert into UTILIZA (fecha, id_cliente, id_area) values (CONVERT (DATE,'16/04/2024',103), '0000232', '009701');
insert into UTILIZA (fecha, id_cliente, id_area) values (CONVERT (DATE,'18/04/2022',103), '0000100', '009707');
insert into UTILIZA (fecha, id_cliente, id_area) values (CONVERT (DATE,'25/01/2023',103), '0000174', '009702');
insert into UTILIZA (fecha, id_cliente, id_area) values (CONVERT (DATE,'30/11/2022',103), '0000141', '009719');
insert into UTILIZA (fecha, id_cliente, id_area) values (CONVERT (DATE,'26/07/2022',103), '0000255', '009710');
insert into UTILIZA (fecha, id_cliente, id_area) values (CONVERT (DATE,'01/12/2020',103), '0000240', '009706');
insert into UTILIZA (fecha, id_cliente, id_area) values (CONVERT (DATE,'17/02/2021',103), '0000221', '009715');
insert into UTILIZA (fecha, id_cliente, id_area) values (CONVERT (DATE,'07/06/2021',103), '0000187', '009704');
insert into UTILIZA (fecha, id_cliente, id_area) values (CONVERT (DATE,'20/07/2022',103), '0000226', '009707');
insert into UTILIZA (fecha, id_cliente, id_area) values (CONVERT (DATE,'06/12/2021',103), '0000140', '009706');
insert into UTILIZA (fecha, id_cliente, id_area) values (CONVERT (DATE,'16/12/2020',103), '0000259', '009720');
insert into UTILIZA (fecha, id_cliente, id_area) values (CONVERT (DATE,'26/08/2023',103), '0000122', '009716');
insert into UTILIZA (fecha, id_cliente, id_area) values (CONVERT (DATE,'21/03/2022',103), '0000243', '009718');
insert into UTILIZA (fecha, id_cliente, id_area) values (CONVERT (DATE,'26/03/2023',103), '0000250', '009716');
insert into UTILIZA (fecha, id_cliente, id_area) values (CONVERT (DATE,'02/04/2021',103), '0000210', '009705');
insert into UTILIZA (fecha, id_cliente, id_area) values (CONVERT (DATE,'11/04/2024',103), '0000283', '009702');
insert into UTILIZA (fecha, id_cliente, id_area) values (CONVERT (DATE,'18/11/2021',103), '0000121', '009719');
insert into UTILIZA (fecha, id_cliente, id_area) values (CONVERT (DATE,'08/09/2020',103), '0000176', '009710');
insert into UTILIZA (fecha, id_cliente, id_area) values (CONVERT (DATE,'13/11/2023',103), '0000106', '009711');
insert into UTILIZA (fecha, id_cliente, id_area) values (CONVERT (DATE,'02/09/2020',103), '0000163', '009702');
insert into UTILIZA (fecha, id_cliente, id_area) values (CONVERT (DATE,'09/01/2021',103), '0000209', '009711');
insert into UTILIZA (fecha, id_cliente, id_area) values (CONVERT (DATE,'23/03/2021',103), '0000295', '009717');
insert into UTILIZA (fecha, id_cliente, id_area) values (CONVERT (DATE,'27/09/2023',103), '0000101', '009705');
insert into UTILIZA (fecha, id_cliente, id_area) values (CONVERT (DATE,'07/10/2020',103), '0000135', '009711');
insert into UTILIZA (fecha, id_cliente, id_area) values (CONVERT (DATE,'02/01/2021',103), '0000209', '009705');
insert into UTILIZA (fecha, id_cliente, id_area) values (CONVERT (DATE,'08/07/2023',103), '0000102', '009717');
insert into UTILIZA (fecha, id_cliente, id_area) values (CONVERT (DATE,'15/09/2023',103), '0000135', '009715');
insert into UTILIZA (fecha, id_cliente, id_area) values (CONVERT (DATE,'03/03/2023',103), '0000142', '009717');
insert into UTILIZA (fecha, id_cliente, id_area) values (CONVERT (DATE,'06/09/2022',103), '0000112', '009704');
insert into UTILIZA (fecha, id_cliente, id_area) values (CONVERT (DATE,'09/05/2022',103), '0000285', '009722');
insert into UTILIZA (fecha, id_cliente, id_area) values (CONVERT (DATE,'17/10/2023',103), '0000279', '009702');
insert into UTILIZA (fecha, id_cliente, id_area) values (CONVERT (DATE,'07/01/2022',103), '0000288', '009703');
insert into UTILIZA (fecha, id_cliente, id_area) values (CONVERT (DATE,'22/02/2024',103), '0000131', '009702');
insert into UTILIZA (fecha, id_cliente, id_area) values (CONVERT (DATE,'07/04/2024',103), '0000137', '009702');
insert into UTILIZA (fecha, id_cliente, id_area) values (CONVERT (DATE,'24/12/2022',103), '0000101', '009706');
insert into UTILIZA (fecha, id_cliente, id_area) values (CONVERT (DATE,'13/10/2020',103), '0000138', '009723');
insert into UTILIZA (fecha, id_cliente, id_area) values (CONVERT (DATE,'17/01/2024',103), '0000237', '009725');
insert into UTILIZA (fecha, id_cliente, id_area) values (CONVERT (DATE,'11/07/2023',103), '0000217', '009708');
insert into UTILIZA (fecha, id_cliente, id_area) values (CONVERT (DATE,'29/08/2021',103), '0000227', '009710');
insert into UTILIZA (fecha, id_cliente, id_area) values (CONVERT (DATE,'07/01/2022',103), '0000269', '009717');
insert into UTILIZA (fecha, id_cliente, id_area) values (CONVERT (DATE,'24/09/2021',103), '0000111', '009722');
insert into UTILIZA (fecha, id_cliente, id_area) values (CONVERT (DATE,'21/05/2021',103), '0000132', '009717');
insert into UTILIZA (fecha, id_cliente, id_area) values (CONVERT (DATE,'16/09/2023',103), '0000118', '009705');
insert into UTILIZA (fecha, id_cliente, id_area) values (CONVERT (DATE,'18/08/2023',103), '0000117', '009725');
insert into UTILIZA (fecha, id_cliente, id_area) values (CONVERT (DATE,'04/07/2020',103), '0000206', '009723');
insert into UTILIZA (fecha, id_cliente, id_area) values (CONVERT (DATE,'21/05/2024',103), '0000128', '009716');
insert into UTILIZA (fecha, id_cliente, id_area) values (CONVERT (DATE,'20/02/2024',103), '0000196', '009721');
insert into UTILIZA (fecha, id_cliente, id_area) values (CONVERT (DATE,'24/06/2024',103), '0000158', '009720');
insert into UTILIZA (fecha, id_cliente, id_area) values (CONVERT (DATE,'18/05/2022',103), '0000198', '009713');
insert into UTILIZA (fecha, id_cliente, id_area) values (CONVERT (DATE,'14/04/2024',103), '0000247', '009720');
insert into UTILIZA (fecha, id_cliente, id_area) values (CONVERT (DATE,'21/07/2021',103), '0000197', '009726');
insert into UTILIZA (fecha, id_cliente, id_area) values (CONVERT (DATE,'28/12/2023',103), '0000237', '009708');
insert into UTILIZA (fecha, id_cliente, id_area) values (CONVERT (DATE,'25/07/2020',103), '0000256', '009722');
insert into UTILIZA (fecha, id_cliente, id_area) values (CONVERT (DATE,'28/12/2022',103), '0000254', '009712');
insert into UTILIZA (fecha, id_cliente, id_area) values (CONVERT (DATE,'15/01/2024',103), '0000241', '009718');
insert into UTILIZA (fecha, id_cliente, id_area) values (CONVERT (DATE,'02/08/2022',103), '0000110', '009724');
insert into UTILIZA (fecha, id_cliente, id_area) values (CONVERT (DATE,'11/01/2022',103), '0000266', '009722');
insert into UTILIZA (fecha, id_cliente, id_area) values (CONVERT (DATE,'29/03/2021',103), '0000227', '009717');
insert into UTILIZA (fecha, id_cliente, id_area) values (CONVERT (DATE,'18/06/2021',103), '0000205', '009703');
insert into UTILIZA (fecha, id_cliente, id_area) values (CONVERT (DATE,'12/06/2021',103), '0000123', '009725');
insert into UTILIZA (fecha, id_cliente, id_area) values (CONVERT (DATE,'03/06/2021',103), '0000209', '009716');
insert into UTILIZA (fecha, id_cliente, id_area) values (CONVERT (DATE,'26/03/2022',103), '0000106', '009719');
insert into UTILIZA (fecha, id_cliente, id_area) values (CONVERT (DATE,'30/12/2023',103), '0000182', '009710');
insert into UTILIZA (fecha, id_cliente, id_area) values (CONVERT (DATE,'22/08/2021',103), '0000239', '009723');
insert into UTILIZA (fecha, id_cliente, id_area) values (CONVERT (DATE,'30/05/2023',103), '0000297', '009704');
insert into UTILIZA (fecha, id_cliente, id_area) values (CONVERT (DATE,'28/02/2022',103), '0000215', '009708');
insert into UTILIZA (fecha, id_cliente, id_area) values (CONVERT (DATE,'07/09/2022',103), '0000299', '009715');
insert into UTILIZA (fecha, id_cliente, id_area) values (CONVERT (DATE,'15/03/2021',103), '0000197', '009724');
insert into UTILIZA (fecha, id_cliente, id_area) values (CONVERT (DATE,'24/01/2023',103), '0000150', '009726');
insert into UTILIZA (fecha, id_cliente, id_area) values (CONVERT (DATE,'17/02/2022',103), '0000136', '009717');
insert into UTILIZA (fecha, id_cliente, id_area) values (CONVERT (DATE,'22/09/2023',103), '0000289', '009711');
insert into UTILIZA (fecha, id_cliente, id_area) values (CONVERT (DATE,'24/02/2023',103), '0000167', '009726');
insert into UTILIZA (fecha, id_cliente, id_area) values (CONVERT (DATE,'26/10/2023',103), '0000152', '009726');
insert into UTILIZA (fecha, id_cliente, id_area) values (CONVERT (DATE,'24/08/2020',103), '0000212', '009703');
insert into UTILIZA (fecha, id_cliente, id_area) values (CONVERT (DATE,'28/09/2022',103), '0000281', '009702');
insert into UTILIZA (fecha, id_cliente, id_area) values (CONVERT (DATE,'29/11/2023',103), '0000236', '009710');
insert into UTILIZA (fecha, id_cliente, id_area) values (CONVERT (DATE,'21/08/2022',103), '0000113', '009719');
insert into UTILIZA (fecha, id_cliente, id_area) values (CONVERT (DATE,'24/09/2023',103), '0000161', '009725');
insert into UTILIZA (fecha, id_cliente, id_area) values (CONVERT (DATE,'25/07/2023',103), '0000116', '009707');
insert into UTILIZA (fecha, id_cliente, id_area) values (CONVERT (DATE,'03/08/2023',103), '0000198', '009718');
insert into UTILIZA (fecha, id_cliente, id_area) values (CONVERT (DATE,'12/01/2021',103), '0000142', '009702');
insert into UTILIZA (fecha, id_cliente, id_area) values (CONVERT (DATE,'09/11/2021',103), '0000100', '009703');
insert into UTILIZA (fecha, id_cliente, id_area) values (CONVERT (DATE,'10/12/2023',103), '0000270', '009713');
insert into UTILIZA (fecha, id_cliente, id_area) values (CONVERT (DATE,'26/07/2020',103), '0000119', '009708');
insert into UTILIZA (fecha, id_cliente, id_area) values (CONVERT (DATE,'29/01/2023',103), '0000168', '009704');
insert into UTILIZA (fecha, id_cliente, id_area) values (CONVERT (DATE,'08/08/2021',103), '0000163', '009701');
insert into UTILIZA (fecha, id_cliente, id_area) values (CONVERT (DATE,'27/07/2023',103), '0000268', '009716');
insert into UTILIZA (fecha, id_cliente, id_area) values (CONVERT (DATE,'06/02/2023',103), '0000235', '009723');
insert into UTILIZA (fecha, id_cliente, id_area) values (CONVERT (DATE,'21/07/2021',103), '0000151', '009724');
insert into UTILIZA (fecha, id_cliente, id_area) values (CONVERT (DATE,'15/09/2022',103), '0000106', '009715');
insert into UTILIZA (fecha, id_cliente, id_area) values (CONVERT (DATE,'21/05/2022',103), '0000288', '009726');
insert into UTILIZA (fecha, id_cliente, id_area) values (CONVERT (DATE,'23/09/2021',103), '0000153', '009707');
insert into UTILIZA (fecha, id_cliente, id_area) values (CONVERT (DATE,'01/12/2021',103), '0000230', '009718');
insert into UTILIZA (fecha, id_cliente, id_area) values (CONVERT (DATE,'03/01/2022',103), '0000223', '009708');
insert into UTILIZA (fecha, id_cliente, id_area) values (CONVERT (DATE,'10/03/2024',103), '0000187', '009712');
insert into UTILIZA (fecha, id_cliente, id_area) values (CONVERT (DATE,'10/07/2020',103), '0000116', '009726');
insert into UTILIZA (fecha, id_cliente, id_area) values (CONVERT (DATE,'20/07/2023',103), '0000194', '009719');
insert into UTILIZA (fecha, id_cliente, id_area) values (CONVERT (DATE,'13/05/2021',103), '0000155', '009705');
insert into UTILIZA (fecha, id_cliente, id_area) values (CONVERT (DATE,'07/08/2022',103), '0000294', '009705');
insert into UTILIZA (fecha, id_cliente, id_area) values (CONVERT (DATE,'30/01/2023',103), '0000200', '009704');
insert into UTILIZA (fecha, id_cliente, id_area) values (CONVERT (DATE,'15/12/2020',103), '0000110', '009721');
insert into UTILIZA (fecha, id_cliente, id_area) values (CONVERT (DATE,'01/05/2023',103), '0000139', '009719');
insert into UTILIZA (fecha, id_cliente, id_area) values (CONVERT (DATE,'24/03/2024',103), '0000106', '009723');
insert into UTILIZA (fecha, id_cliente, id_area) values (CONVERT (DATE,'12/03/2024',103), '0000136', '009725');
insert into UTILIZA (fecha, id_cliente, id_area) values (CONVERT (DATE,'30/03/2023',103), '0000144', '009710');
insert into UTILIZA (fecha, id_cliente, id_area) values (CONVERT (DATE,'01/06/2024',103), '0000285', '009713');
insert into UTILIZA (fecha, id_cliente, id_area) values (CONVERT (DATE,'23/12/2021',103), '0000124', '009701');
insert into UTILIZA (fecha, id_cliente, id_area) values (CONVERT (DATE,'02/08/2021',103), '0000110', '009713');
insert into UTILIZA (fecha, id_cliente, id_area) values (CONVERT (DATE,'22/05/2023',103), '0000177', '009722');
insert into UTILIZA (fecha, id_cliente, id_area) values (CONVERT (DATE,'06/05/2021',103), '0000260', '009707');
insert into UTILIZA (fecha, id_cliente, id_area) values (CONVERT (DATE,'01/07/2023',103), '0000239', '009716');
insert into UTILIZA (fecha, id_cliente, id_area) values (CONVERT (DATE,'07/04/2022',103), '0000292', '009714');
insert into UTILIZA (fecha, id_cliente, id_area) values (CONVERT (DATE,'20/08/2020',103), '0000216', '009702');
insert into UTILIZA (fecha, id_cliente, id_area) values (CONVERT (DATE,'12/08/2021',103), '0000228', '009715');
insert into UTILIZA (fecha, id_cliente, id_area) values (CONVERT (DATE,'09/10/2023',103), '0000252', '009712');
insert into UTILIZA (fecha, id_cliente, id_area) values (CONVERT (DATE,'06/05/2023',103), '0000279', '009712');
insert into UTILIZA (fecha, id_cliente, id_area) values (CONVERT (DATE,'07/05/2024',103), '0000243', '009706');
insert into UTILIZA (fecha, id_cliente, id_area) values (CONVERT (DATE,'28/08/2021',103), '0000133', '009708');
insert into UTILIZA (fecha, id_cliente, id_area) values (CONVERT (DATE,'25/03/2024',103), '0000108', '009718');
insert into UTILIZA (fecha, id_cliente, id_area) values (CONVERT (DATE,'10/11/2020',103), '0000160', '009701');
insert into UTILIZA (fecha, id_cliente, id_area) values (CONVERT (DATE,'02/03/2021',103), '0000134', '009701');
insert into UTILIZA (fecha, id_cliente, id_area) values (CONVERT (DATE,'30/10/2020',103), '0000283', '009725');
insert into UTILIZA (fecha, id_cliente, id_area) values (CONVERT (DATE,'08/03/2024',103), '0000249', '009726');
insert into UTILIZA (fecha, id_cliente, id_area) values (CONVERT (DATE,'19/09/2021',103), '0000233', '009725');
insert into UTILIZA (fecha, id_cliente, id_area) values (CONVERT (DATE,'20/09/2021',103), '0000129', '009720');
insert into UTILIZA (fecha, id_cliente, id_area) values (CONVERT (DATE,'09/02/2021',103), '0000294', '009719');
insert into UTILIZA (fecha, id_cliente, id_area) values (CONVERT (DATE,'22/03/2021',103), '0000145', '009712');
insert into UTILIZA (fecha, id_cliente, id_area) values (CONVERT (DATE,'23/08/2020',103), '0000226', '009709');
insert into UTILIZA (fecha, id_cliente, id_area) values (CONVERT (DATE,'22/11/2022',103), '0000103', '009714');
insert into UTILIZA (fecha, id_cliente, id_area) values (CONVERT (DATE,'21/11/2022',103), '0000271', '009703');
insert into UTILIZA (fecha, id_cliente, id_area) values (CONVERT (DATE,'16/03/2023',103), '0000221', '009709');
insert into UTILIZA (fecha, id_cliente, id_area) values (CONVERT (DATE,'10/08/2022',103), '0000143', '009720');
insert into UTILIZA (fecha, id_cliente, id_area) values (CONVERT (DATE,'29/12/2023',103), '0000134', '009714');
insert into UTILIZA (fecha, id_cliente, id_area) values (CONVERT (DATE,'08/10/2022',103), '0000178', '009705');
insert into UTILIZA (fecha, id_cliente, id_area) values (CONVERT (DATE,'23/06/2021',103), '0000207', '009723');
insert into UTILIZA (fecha, id_cliente, id_area) values (CONVERT (DATE,'22/03/2023',103), '0000196', '009722');
insert into UTILIZA (fecha, id_cliente, id_area) values (CONVERT (DATE,'22/09/2020',103), '0000179', '009709');
insert into UTILIZA (fecha, id_cliente, id_area) values (CONVERT (DATE,'31/07/2022',103), '0000216', '009705');
insert into UTILIZA (fecha, id_cliente, id_area) values (CONVERT (DATE,'19/07/2020',103), '0000100', '009713');
insert into UTILIZA (fecha, id_cliente, id_area) values (CONVERT (DATE,'03/02/2023',103), '0000233', '009723');
insert into UTILIZA (fecha, id_cliente, id_area) values (CONVERT (DATE,'28/01/2021',103), '0000278', '009708');
insert into UTILIZA (fecha, id_cliente, id_area) values (CONVERT (DATE,'11/05/2024',103), '0000297', '009722');
insert into UTILIZA (fecha, id_cliente, id_area) values (CONVERT (DATE,'09/11/2023',103), '0000292', '009709');
insert into UTILIZA (fecha, id_cliente, id_area) values (CONVERT (DATE,'03/08/2021',103), '0000121', '009710');
insert into UTILIZA (fecha, id_cliente, id_area) values (CONVERT (DATE,'09/04/2022',103), '0000297', '009706');
insert into UTILIZA (fecha, id_cliente, id_area) values (CONVERT (DATE,'05/01/2022',103), '0000167', '009704');
insert into UTILIZA (fecha, id_cliente, id_area) values (CONVERT (DATE,'24/06/2022',103), '0000208', '009704');
insert into UTILIZA (fecha, id_cliente, id_area) values (CONVERT (DATE,'28/09/2021',103), '0000287', '009703');
insert into UTILIZA (fecha, id_cliente, id_area) values (CONVERT (DATE,'04/01/2022',103), '0000202', '009724');
insert into UTILIZA (fecha, id_cliente, id_area) values (CONVERT (DATE,'04/03/2021',103), '0000108', '009703');
insert into UTILIZA (fecha, id_cliente, id_area) values (CONVERT (DATE,'16/09/2023',103), '0000170', '009726');
insert into UTILIZA (fecha, id_cliente, id_area) values (CONVERT (DATE,'12/09/2021',103), '0000204', '009724');
insert into UTILIZA (fecha, id_cliente, id_area) values (CONVERT (DATE,'11/02/2021',103), '0000288', '009706');
insert into UTILIZA (fecha, id_cliente, id_area) values (CONVERT (DATE,'14/07/2021',103), '0000244', '009710');
insert into UTILIZA (fecha, id_cliente, id_area) values (CONVERT (DATE,'18/11/2021',103), '0000222', '009726');
insert into UTILIZA (fecha, id_cliente, id_area) values (CONVERT (DATE,'24/11/2021',103), '0000209', '009720');
insert into UTILIZA (fecha, id_cliente, id_area) values (CONVERT (DATE,'11/11/2022',103), '0000259', '009706');
insert into UTILIZA (fecha, id_cliente, id_area) values (CONVERT (DATE,'09/06/2022',103), '0000133', '009719');
insert into UTILIZA (fecha, id_cliente, id_area) values (CONVERT (DATE,'06/02/2021',103), '0000130', '009704');
insert into UTILIZA (fecha, id_cliente, id_area) values (CONVERT (DATE,'21/05/2022',103), '0000298', '009720');
insert into UTILIZA (fecha, id_cliente, id_area) values (CONVERT (DATE,'17/04/2022',103), '0000121', '009722');
insert into UTILIZA (fecha, id_cliente, id_area) values (CONVERT (DATE,'06/12/2022',103), '0000111', '009703');
insert into UTILIZA (fecha, id_cliente, id_area) values (CONVERT (DATE,'04/02/2022',103), '0000197', '009708');
insert into UTILIZA (fecha, id_cliente, id_area) values (CONVERT (DATE,'07/10/2022',103), '0000121', '009725');
insert into UTILIZA (fecha, id_cliente, id_area) values (CONVERT (DATE,'04/10/2020',103), '0000215', '009716');
insert into UTILIZA (fecha, id_cliente, id_area) values (CONVERT (DATE,'13/12/2022',103), '0000207', '009722');
insert into UTILIZA (fecha, id_cliente, id_area) values (CONVERT (DATE,'04/09/2020',103), '0000105', '009701');
insert into UTILIZA (fecha, id_cliente, id_area) values (CONVERT (DATE,'05/01/2024',103), '0000206', '009720');
insert into UTILIZA (fecha, id_cliente, id_area) values (CONVERT (DATE,'17/09/2023',103), '0000231', '009722');
insert into UTILIZA (fecha, id_cliente, id_area) values (CONVERT (DATE,'07/04/2021',103), '0000197', '009716');
insert into UTILIZA (fecha, id_cliente, id_area) values (CONVERT (DATE,'31/01/2024',103), '0000123', '009713');
insert into UTILIZA (fecha, id_cliente, id_area) values (CONVERT (DATE,'01/09/2022',103), '0000266', '009715');
insert into UTILIZA (fecha, id_cliente, id_area) values (CONVERT (DATE,'11/12/2020',103), '0000157', '009711');
insert into UTILIZA (fecha, id_cliente, id_area) values (CONVERT (DATE,'08/05/2021',103), '0000238', '009703');
insert into UTILIZA (fecha, id_cliente, id_area) values (CONVERT (DATE,'08/09/2023',103), '0000227', '009711');
insert into UTILIZA (fecha, id_cliente, id_area) values (CONVERT (DATE,'21/07/2022',103), '0000123', '009720');
insert into UTILIZA (fecha, id_cliente, id_area) values (CONVERT (DATE,'07/06/2022',103), '0000248', '009709');
insert into UTILIZA (fecha, id_cliente, id_area) values (CONVERT (DATE,'02/01/2024',103), '0000106', '009722');
insert into UTILIZA (fecha, id_cliente, id_area) values (CONVERT (DATE,'01/03/2022',103), '0000177', '009712');
insert into UTILIZA (fecha, id_cliente, id_area) values (CONVERT (DATE,'12/09/2023',103), '0000215', '009702');
insert into UTILIZA (fecha, id_cliente, id_area) values (CONVERT (DATE,'31/01/2024',103), '0000141', '009704');
insert into UTILIZA (fecha, id_cliente, id_area) values (CONVERT (DATE,'29/04/2024',103), '0000194', '009726');
insert into UTILIZA (fecha, id_cliente, id_area) values (CONVERT (DATE,'22/02/2023',103), '0000228', '009714');
insert into UTILIZA (fecha, id_cliente, id_area) values (CONVERT (DATE,'22/05/2022',103), '0000192', '009712');
insert into UTILIZA (fecha, id_cliente, id_area) values (CONVERT (DATE,'28/07/2021',103), '0000226', '009713');
insert into UTILIZA (fecha, id_cliente, id_area) values (CONVERT (DATE,'13/01/2024',103), '0000151', '009711');
insert into UTILIZA (fecha, id_cliente, id_area) values (CONVERT (DATE,'19/04/2023',103), '0000121', '009708');
insert into UTILIZA (fecha, id_cliente, id_area) values (CONVERT (DATE,'02/12/2021',103), '0000183', '009722');
insert into UTILIZA (fecha, id_cliente, id_area) values (CONVERT (DATE,'16/12/2022',103), '0000106', '009721');
insert into UTILIZA (fecha, id_cliente, id_area) values (CONVERT (DATE,'21/12/2020',103), '0000133', '009724');
insert into UTILIZA (fecha, id_cliente, id_area) values (CONVERT (DATE,'03/02/2022',103), '0000102', '009715');
insert into UTILIZA (fecha, id_cliente, id_area) values (CONVERT (DATE,'01/04/2022',103), '0000273', '009706');
insert into UTILIZA (fecha, id_cliente, id_area) values (CONVERT (DATE,'21/02/2024',103), '0000257', '009707');
insert into UTILIZA (fecha, id_cliente, id_area) values (CONVERT (DATE,'13/04/2024',103), '0000107', '009726');
insert into UTILIZA (fecha, id_cliente, id_area) values (CONVERT (DATE,'19/11/2021',103), '0000227', '009714');
insert into UTILIZA (fecha, id_cliente, id_area) values (CONVERT (DATE,'25/02/2021',103), '0000231', '009705');
insert into UTILIZA (fecha, id_cliente, id_area) values (CONVERT (DATE,'30/12/2020',103), '0000182', '009720');
insert into UTILIZA (fecha, id_cliente, id_area) values (CONVERT (DATE,'29/06/2021',103), '0000262', '009706');
insert into UTILIZA (fecha, id_cliente, id_area) values (CONVERT (DATE,'04/01/2023',103), '0000241', '009715');
insert into UTILIZA (fecha, id_cliente, id_area) values (CONVERT (DATE,'20/11/2021',103), '0000280', '009715');
insert into UTILIZA (fecha, id_cliente, id_area) values (CONVERT (DATE,'13/05/2021',103), '0000255', '009717');
insert into UTILIZA (fecha, id_cliente, id_area) values (CONVERT (DATE,'05/09/2021',103), '0000215', '009704');
insert into UTILIZA (fecha, id_cliente, id_area) values (CONVERT (DATE,'20/04/2021',103), '0000200', '009709');
insert into UTILIZA (fecha, id_cliente, id_area) values (CONVERT (DATE,'13/09/2022',103), '0000163', '009724');
insert into UTILIZA (fecha, id_cliente, id_area) values (CONVERT (DATE,'30/12/2021',103), '0000109', '009711');
insert into UTILIZA (fecha, id_cliente, id_area) values (CONVERT (DATE,'04/07/2021',103), '0000218', '009719');
insert into UTILIZA (fecha, id_cliente, id_area) values (CONVERT (DATE,'12/07/2021',103), '0000162', '009718');
insert into UTILIZA (fecha, id_cliente, id_area) values (CONVERT (DATE,'23/01/2021',103), '0000200', '009726');
insert into UTILIZA (fecha, id_cliente, id_area) values (CONVERT (DATE,'07/01/2023',103), '0000293', '009720');
insert into UTILIZA (fecha, id_cliente, id_area) values (CONVERT (DATE,'23/02/2022',103), '0000291', '009715');
insert into UTILIZA (fecha, id_cliente, id_area) values (CONVERT (DATE,'22/07/2022',103), '0000213', '009725');
insert into UTILIZA (fecha, id_cliente, id_area) values (CONVERT (DATE,'21/10/2021',103), '0000224', '009721');
insert into UTILIZA (fecha, id_cliente, id_area) values (CONVERT (DATE,'10/02/2022',103), '0000196', '009706');
insert into UTILIZA (fecha, id_cliente, id_area) values (CONVERT (DATE,'05/06/2023',103), '0000282', '009702');
insert into UTILIZA (fecha, id_cliente, id_area) values (CONVERT (DATE,'24/07/2023',103), '0000271', '009716');
insert into UTILIZA (fecha, id_cliente, id_area) values (CONVERT (DATE,'30/04/2022',103), '0000203', '009716');
insert into UTILIZA (fecha, id_cliente, id_area) values (CONVERT (DATE,'15/03/2022',103), '0000144', '009715');
insert into UTILIZA (fecha, id_cliente, id_area) values (CONVERT (DATE,'01/09/2022',103), '0000177', '009718');
insert into UTILIZA (fecha, id_cliente, id_area) values (CONVERT (DATE,'30/01/2023',103), '0000246', '009719');
insert into UTILIZA (fecha, id_cliente, id_area) values (CONVERT (DATE,'26/03/2022',103), '0000115', '009726');
insert into UTILIZA (fecha, id_cliente, id_area) values (CONVERT (DATE,'13/07/2020',103), '0000129', '009708');
insert into UTILIZA (fecha, id_cliente, id_area) values (CONVERT (DATE,'14/12/2023',103), '0000100', '009716');
insert into UTILIZA (fecha, id_cliente, id_area) values (CONVERT (DATE,'13/10/2021',103), '0000207', '009712');
insert into UTILIZA (fecha, id_cliente, id_area) values (CONVERT (DATE,'18/03/2021',103), '0000198', '009719');
insert into UTILIZA (fecha, id_cliente, id_area) values (CONVERT (DATE,'27/11/2023',103), '0000243', '009719');
insert into UTILIZA (fecha, id_cliente, id_area) values (CONVERT (DATE,'13/04/2022',103), '0000192', '009701');
insert into UTILIZA (fecha, id_cliente, id_area) values (CONVERT (DATE,'09/08/2021',103), '0000138', '009712');
insert into UTILIZA (fecha, id_cliente, id_area) values (CONVERT (DATE,'23/07/2020',103), '0000204', '009701');
insert into UTILIZA (fecha, id_cliente, id_area) values (CONVERT (DATE,'01/03/2023',103), '0000296', '009711');
insert into UTILIZA (fecha, id_cliente, id_area) values (CONVERT (DATE,'18/06/2023',103), '0000134', '009720');
insert into UTILIZA (fecha, id_cliente, id_area) values (CONVERT (DATE,'27/11/2020',103), '0000186', '009712');
insert into UTILIZA (fecha, id_cliente, id_area) values (CONVERT (DATE,'25/12/2022',103), '0000104', '009709');
insert into UTILIZA (fecha, id_cliente, id_area) values (CONVERT (DATE,'25/01/2022',103), '0000287', '009709');
insert into UTILIZA (fecha, id_cliente, id_area) values (CONVERT (DATE,'01/12/2021',103), '0000298', '009708');
insert into UTILIZA (fecha, id_cliente, id_area) values (CONVERT (DATE,'21/11/2021',103), '0000297', '009713');
insert into UTILIZA (fecha, id_cliente, id_area) values (CONVERT (DATE,'21/09/2020',103), '0000174', '009725');
insert into UTILIZA (fecha, id_cliente, id_area) values (CONVERT (DATE,'11/01/2022',103), '0000265', '009706');
insert into UTILIZA (fecha, id_cliente, id_area) values (CONVERT (DATE,'19/12/2020',103), '0000207', '009706');
insert into UTILIZA (fecha, id_cliente, id_area) values (CONVERT (DATE,'04/03/2021',103), '0000250', '009706');
insert into UTILIZA (fecha, id_cliente, id_area) values (CONVERT (DATE,'07/02/2021',103), '0000214', '009706');
insert into UTILIZA (fecha, id_cliente, id_area) values (CONVERT (DATE,'09/09/2020',103), '0000233', '009709');
insert into UTILIZA (fecha, id_cliente, id_area) values (CONVERT (DATE,'27/02/2024',103), '0000296', '009714');
insert into UTILIZA (fecha, id_cliente, id_area) values (CONVERT (DATE,'01/01/2023',103), '0000107', '009711');
insert into UTILIZA (fecha, id_cliente, id_area) values (CONVERT (DATE,'13/06/2022',103), '0000143', '009702');
insert into UTILIZA (fecha, id_cliente, id_area) values (CONVERT (DATE,'16/04/2021',103), '0000241', '009711');
insert into UTILIZA (fecha, id_cliente, id_area) values (CONVERT (DATE,'02/04/2021',103), '0000244', '009721');
insert into UTILIZA (fecha, id_cliente, id_area) values (CONVERT (DATE,'20/11/2022',103), '0000143', '009704');
insert into UTILIZA (fecha, id_cliente, id_area) values (CONVERT (DATE,'25/07/2020',103), '0000144', '009709');
insert into UTILIZA (fecha, id_cliente, id_area) values (CONVERT (DATE,'12/06/2023',103), '0000260', '009706');
insert into UTILIZA (fecha, id_cliente, id_area) values (CONVERT (DATE,'25/03/2024',103), '0000289', '009703');
insert into UTILIZA (fecha, id_cliente, id_area) values (CONVERT (DATE,'05/08/2020',103), '0000241', '009717');
insert into UTILIZA (fecha, id_cliente, id_area) values (CONVERT (DATE,'08/02/2023',103), '0000161', '009708');
insert into UTILIZA (fecha, id_cliente, id_area) values (CONVERT (DATE,'15/07/2022',103), '0000299', '009720');
insert into UTILIZA (fecha, id_cliente, id_area) values (CONVERT (DATE,'17/09/2020',103), '0000271', '009721');
insert into UTILIZA (fecha, id_cliente, id_area) values (CONVERT (DATE,'03/12/2021',103), '0000165', '009723');
insert into UTILIZA (fecha, id_cliente, id_area) values (CONVERT (DATE,'28/02/2023',103), '0000103', '009723');
insert into UTILIZA (fecha, id_cliente, id_area) values (CONVERT (DATE,'04/08/2023',103), '0000253', '009701');
insert into UTILIZA (fecha, id_cliente, id_area) values (CONVERT (DATE,'30/04/2022',103), '0000126', '009705');
insert into UTILIZA (fecha, id_cliente, id_area) values (CONVERT (DATE,'24/10/2023',103), '0000219', '009718');
insert into UTILIZA (fecha, id_cliente, id_area) values (CONVERT (DATE,'11/07/2022',103), '0000150', '009701');
insert into UTILIZA (fecha, id_cliente, id_area) values (CONVERT (DATE,'27/09/2023',103), '0000188', '009712');
insert into UTILIZA (fecha, id_cliente, id_area) values (CONVERT (DATE,'12/06/2022',103), '0000230', '009708');
insert into UTILIZA (fecha, id_cliente, id_area) values (CONVERT (DATE,'30/04/2023',103), '0000205', '009719');
insert into UTILIZA (fecha, id_cliente, id_area) values (CONVERT (DATE,'06/10/2022',103), '0000140', '009702');
insert into UTILIZA (fecha, id_cliente, id_area) values (CONVERT (DATE,'10/09/2023',103), '0000260', '009716');
insert into UTILIZA (fecha, id_cliente, id_area) values (CONVERT (DATE,'16/12/2021',103), '0000299', '009711');
insert into UTILIZA (fecha, id_cliente, id_area) values (CONVERT (DATE,'01/04/2024',103), '0000271', '009724');
insert into UTILIZA (fecha, id_cliente, id_area) values (CONVERT (DATE,'17/09/2020',103), '0000259', '009719');
insert into UTILIZA (fecha, id_cliente, id_area) values (CONVERT (DATE,'20/11/2022',103), '0000199', '009705');
insert into UTILIZA (fecha, id_cliente, id_area) values (CONVERT (DATE,'28/08/2022',103), '0000181', '009722');
insert into UTILIZA (fecha, id_cliente, id_area) values (CONVERT (DATE,'26/06/2020',103), '0000232', '009710');
insert into UTILIZA (fecha, id_cliente, id_area) values (CONVERT (DATE,'29/03/2023',103), '0000210', '009716');
insert into UTILIZA (fecha, id_cliente, id_area) values (CONVERT (DATE,'12/02/2022',103), '0000166', '009720');
insert into UTILIZA (fecha, id_cliente, id_area) values (CONVERT (DATE,'01/03/2022',103), '0000106', '009705');
insert into UTILIZA (fecha, id_cliente, id_area) values (CONVERT (DATE,'12/01/2022',103), '0000242', '009715');
insert into UTILIZA (fecha, id_cliente, id_area) values (CONVERT (DATE,'29/04/2021',103), '0000122', '009702');
insert into UTILIZA (fecha, id_cliente, id_area) values (CONVERT (DATE,'27/11/2020',103), '0000147', '009712');
insert into UTILIZA (fecha, id_cliente, id_area) values (CONVERT (DATE,'14/04/2024',103), '0000110', '009706');
insert into UTILIZA (fecha, id_cliente, id_area) values (CONVERT (DATE,'21/03/2022',103), '0000229', '009701');
insert into UTILIZA (fecha, id_cliente, id_area) values (CONVERT (DATE,'28/07/2023',103), '0000204', '009722');
insert into UTILIZA (fecha, id_cliente, id_area) values (CONVERT (DATE,'26/08/2020',103), '0000177', '009723');
insert into UTILIZA (fecha, id_cliente, id_area) values (CONVERT (DATE,'22/01/2021',103), '0000172', '009721');
insert into UTILIZA (fecha, id_cliente, id_area) values (CONVERT (DATE,'17/02/2024',103), '0000175', '009725');
insert into UTILIZA (fecha, id_cliente, id_area) values (CONVERT (DATE,'17/01/2024',103), '0000186', '009725');
insert into UTILIZA (fecha, id_cliente, id_area) values (CONVERT (DATE,'30/08/2020',103), '0000140', '009707');
insert into UTILIZA (fecha, id_cliente, id_area) values (CONVERT (DATE,'20/01/2024',103), '0000171', '009706');
insert into UTILIZA (fecha, id_cliente, id_area) values (CONVERT (DATE,'05/11/2023',103), '0000216', '009725');
insert into UTILIZA (fecha, id_cliente, id_area) values (CONVERT (DATE,'05/11/2020',103), '0000205', '009722');
insert into UTILIZA (fecha, id_cliente, id_area) values (CONVERT (DATE,'21/05/2023',103), '0000186', '009707');
insert into UTILIZA (fecha, id_cliente, id_area) values (CONVERT (DATE,'17/06/2023',103), '0000213', '009702');
insert into UTILIZA (fecha, id_cliente, id_area) values (CONVERT (DATE,'31/08/2020',103), '0000183', '009721');
insert into UTILIZA (fecha, id_cliente, id_area) values (CONVERT (DATE,'05/02/2024',103), '0000203', '009715');
insert into UTILIZA (fecha, id_cliente, id_area) values (CONVERT (DATE,'30/06/2020',103), '0000120', '009722');
insert into UTILIZA (fecha, id_cliente, id_area) values (CONVERT (DATE,'23/03/2023',103), '0000274', '009703');
insert into UTILIZA (fecha, id_cliente, id_area) values (CONVERT (DATE,'04/02/2023',103), '0000230', '009713');
insert into UTILIZA (fecha, id_cliente, id_area) values (CONVERT (DATE,'04/09/2020',103), '0000289', '009713');
insert into UTILIZA (fecha, id_cliente, id_area) values (CONVERT (DATE,'07/10/2023',103), '0000129', '009721');
insert into UTILIZA (fecha, id_cliente, id_area) values (CONVERT (DATE,'19/09/2021',103), '0000128', '009719');
insert into UTILIZA (fecha, id_cliente, id_area) values (CONVERT (DATE,'15/03/2021',103), '0000143', '009706');
insert into UTILIZA (fecha, id_cliente, id_area) values (CONVERT (DATE,'24/03/2021',103), '0000105', '009712');
insert into UTILIZA (fecha, id_cliente, id_area) values (CONVERT (DATE,'01/03/2022',103), '0000196', '009702');
insert into UTILIZA (fecha, id_cliente, id_area) values (CONVERT (DATE,'18/08/2021',103), '0000163', '009704');
insert into UTILIZA (fecha, id_cliente, id_area) values (CONVERT (DATE,'11/09/2021',103), '0000231', '009719');
insert into UTILIZA (fecha, id_cliente, id_area) values (CONVERT (DATE,'24/06/2023',103), '0000174', '009719');
insert into UTILIZA (fecha, id_cliente, id_area) values (CONVERT (DATE,'31/03/2021',103), '0000145', '009713');
insert into UTILIZA (fecha, id_cliente, id_area) values (CONVERT (DATE,'03/08/2023',103), '0000195', '009712');
insert into UTILIZA (fecha, id_cliente, id_area) values (CONVERT (DATE,'18/09/2021',103), '0000274', '009724');
insert into UTILIZA (fecha, id_cliente, id_area) values (CONVERT (DATE,'26/05/2022',103), '0000107', '009719');
insert into UTILIZA (fecha, id_cliente, id_area) values (CONVERT (DATE,'22/02/2021',103), '0000264', '009709');
insert into UTILIZA (fecha, id_cliente, id_area) values (CONVERT (DATE,'02/01/2023',103), '0000193', '009726');
insert into UTILIZA (fecha, id_cliente, id_area) values (CONVERT (DATE,'02/08/2021',103), '0000185', '009707');
insert into UTILIZA (fecha, id_cliente, id_area) values (CONVERT (DATE,'11/01/2024',103), '0000300', '009711');
insert into UTILIZA (fecha, id_cliente, id_area) values (CONVERT (DATE,'16/01/2023',103), '0000230', '009709');
insert into UTILIZA (fecha, id_cliente, id_area) values (CONVERT (DATE,'27/04/2022',103), '0000145', '009715');
insert into UTILIZA (fecha, id_cliente, id_area) values (CONVERT (DATE,'24/10/2023',103), '0000297', '009721');
insert into UTILIZA (fecha, id_cliente, id_area) values (CONVERT (DATE,'15/09/2022',103), '0000247', '009722');
insert into UTILIZA (fecha, id_cliente, id_area) values (CONVERT (DATE,'22/04/2022',103), '0000272', '009719');
insert into UTILIZA (fecha, id_cliente, id_area) values (CONVERT (DATE,'18/09/2022',103), '0000235', '009725');
insert into UTILIZA (fecha, id_cliente, id_area) values (CONVERT (DATE,'09/09/2021',103), '0000227', '009723');
insert into UTILIZA (fecha, id_cliente, id_area) values (CONVERT (DATE,'07/03/2023',103), '0000281', '009716');
insert into UTILIZA (fecha, id_cliente, id_area) values (CONVERT (DATE,'06/12/2023',103), '0000236', '009703');
insert into UTILIZA (fecha, id_cliente, id_area) values (CONVERT (DATE,'03/11/2020',103), '0000158', '009713');
insert into UTILIZA (fecha, id_cliente, id_area) values (CONVERT (DATE,'12/12/2023',103), '0000213', '009722');
insert into UTILIZA (fecha, id_cliente, id_area) values (CONVERT (DATE,'26/07/2020',103), '0000154', '009702');
insert into UTILIZA (fecha, id_cliente, id_area) values (CONVERT (DATE,'13/04/2023',103), '0000161', '009717');
insert into UTILIZA (fecha, id_cliente, id_area) values (CONVERT (DATE,'20/04/2023',103), '0000273', '009718');
insert into UTILIZA (fecha, id_cliente, id_area) values (CONVERT (DATE,'31/01/2024',103), '0000166', '009716');
insert into UTILIZA (fecha, id_cliente, id_area) values (CONVERT (DATE,'30/07/2021',103), '0000224', '009717');
insert into UTILIZA (fecha, id_cliente, id_area) values (CONVERT (DATE,'20/12/2021',103), '0000192', '009718');
insert into UTILIZA (fecha, id_cliente, id_area) values (CONVERT (DATE,'02/03/2021',103), '0000111', '009717');
insert into UTILIZA (fecha, id_cliente, id_area) values (CONVERT (DATE,'31/08/2021',103), '0000256', '009716');
insert into UTILIZA (fecha, id_cliente, id_area) values (CONVERT (DATE,'29/02/2024',103), '0000231', '009706');
insert into UTILIZA (fecha, id_cliente, id_area) values (CONVERT (DATE,'13/03/2023',103), '0000213', '009706');
insert into UTILIZA (fecha, id_cliente, id_area) values (CONVERT (DATE,'10/12/2020',103), '0000190', '009725');
insert into UTILIZA (fecha, id_cliente, id_area) values (CONVERT (DATE,'11/06/2023',103), '0000171', '009707');
insert into UTILIZA (fecha, id_cliente, id_area) values (CONVERT (DATE,'27/01/2022',103), '0000186', '009716');
GO
insert into RESERVA_EVENTO (check_in, check_out, id_cliente, id_evento) values (CONVERT (DATE,'08/10/2021',103), CONVERT (DATE,'16/02/2023',103), '0000100', '091810EV');
insert into RESERVA_EVENTO (check_in, check_out, id_cliente, id_evento) values (CONVERT (DATE,'19/05/2022',103), CONVERT (DATE,'25/07/2022',103), '0000101', '091811EV');
insert into RESERVA_EVENTO (check_in, check_out, id_cliente, id_evento) values (CONVERT (DATE,'08/01/2022',103), CONVERT (DATE,'23/07/2022',103), '0000102', '091812EV');
insert into RESERVA_EVENTO (check_in, check_out, id_cliente, id_evento) values (CONVERT (DATE,'23/07/2021',103), CONVERT (DATE,'01/03/2023',103), '0000103', '091813EV');
insert into RESERVA_EVENTO (check_in, check_out, id_cliente, id_evento) values (CONVERT (DATE,'29/07/2021',103), CONVERT (DATE,'05/04/2023',103), '0000104', '091814EV');
insert into RESERVA_EVENTO (check_in, check_out, id_cliente, id_evento) values (CONVERT (DATE,'19/12/2021',103), CONVERT (DATE,'13/08/2022',103), '0000105', '091815EV');
insert into RESERVA_EVENTO (check_in, check_out, id_cliente, id_evento) values (CONVERT (DATE,'13/06/2022',103), CONVERT (DATE,'19/01/2023',103), '0000106', '091816EV');
insert into RESERVA_EVENTO (check_in, check_out, id_cliente, id_evento) values (CONVERT (DATE,'10/07/2021',103), CONVERT (DATE,'31/08/2022',103), '0000107', '091817EV');
insert into RESERVA_EVENTO (check_in, check_out, id_cliente, id_evento) values (CONVERT (DATE,'07/09/2021',103), CONVERT (DATE,'11/12/2022',103), '0000108', '091818EV');
insert into RESERVA_EVENTO (check_in, check_out, id_cliente, id_evento) values (CONVERT (DATE,'19/08/2021',103), CONVERT (DATE,'16/09/2022',103), '0000109', '091819EV');
insert into RESERVA_EVENTO (check_in, check_out, id_cliente, id_evento) values (CONVERT (DATE,'08/02/2022',103), CONVERT (DATE,'10/02/2023',103), '0000110', '091820EV');
insert into RESERVA_EVENTO (check_in, check_out, id_cliente, id_evento) values (CONVERT (DATE,'14/02/2022',103), CONVERT (DATE,'08/09/2022',103), '0000111', '091821EV');
insert into RESERVA_EVENTO (check_in, check_out, id_cliente, id_evento) values (CONVERT (DATE,'23/02/2022',103), CONVERT (DATE,'27/11/2022',103), '0000112', '091822EV');
insert into RESERVA_EVENTO (check_in, check_out, id_cliente, id_evento) values (CONVERT (DATE,'03/08/2021',103), CONVERT (DATE,'27/06/2022',103), '0000113', '091823EV');
insert into RESERVA_EVENTO (check_in, check_out, id_cliente, id_evento) values (CONVERT (DATE,'20/02/2022',103), CONVERT (DATE,'09/05/2023',103), '0000114', '091824EV');
insert into RESERVA_EVENTO (check_in, check_out, id_cliente, id_evento) values (CONVERT (DATE,'22/02/2022',103), CONVERT (DATE,'29/06/2022',103), '0000115', '091825EV');
insert into RESERVA_EVENTO (check_in, check_out, id_cliente, id_evento) values (CONVERT (DATE,'16/09/2021',103), CONVERT (DATE,'19/07/2022',103), '0000116', '091826EV');
insert into RESERVA_EVENTO (check_in, check_out, id_cliente, id_evento) values (CONVERT (DATE,'05/09/2021',103), CONVERT (DATE,'16/03/2023',103), '0000117', '091827EV');
insert into RESERVA_EVENTO (check_in, check_out, id_cliente, id_evento) values (CONVERT (DATE,'10/01/2022',103), CONVERT (DATE,'28/10/2022',103), '0000118', '091828EV');
insert into RESERVA_EVENTO (check_in, check_out, id_cliente, id_evento) values (CONVERT (DATE,'06/09/2021',103), CONVERT (DATE,'03/03/2023',103), '0000119', '091829EV');
insert into RESERVA_EVENTO (check_in, check_out, id_cliente, id_evento) values (CONVERT (DATE,'07/11/2021',103), CONVERT (DATE,'06/02/2023',103), '0000120', '091830EV');
insert into RESERVA_EVENTO (check_in, check_out, id_cliente, id_evento) values (CONVERT (DATE,'04/08/2021',103), CONVERT (DATE,'30/07/2022',103), '0000121', '091831EV');
insert into RESERVA_EVENTO (check_in, check_out, id_cliente, id_evento) values (CONVERT (DATE,'28/06/2021',103), CONVERT (DATE,'07/04/2023',103), '0000122', '091832EV');
insert into RESERVA_EVENTO (check_in, check_out, id_cliente, id_evento) values (CONVERT (DATE,'12/06/2022',103), CONVERT (DATE,'07/09/2022',103), '0000123', '091833EV');
insert into RESERVA_EVENTO (check_in, check_out, id_cliente, id_evento) values (CONVERT (DATE,'05/04/2022',103), CONVERT (DATE,'24/03/2023',103), '0000124', '091834EV');
insert into RESERVA_EVENTO (check_in, check_out, id_cliente, id_evento) values (CONVERT (DATE,'06/05/2022',103), CONVERT (DATE,'11/06/2023',103), '0000125', '091835EV');
insert into RESERVA_EVENTO (check_in, check_out, id_cliente, id_evento) values (CONVERT (DATE,'22/06/2022',103), CONVERT (DATE,'27/07/2022',103), '0000126', '091836EV');
insert into RESERVA_EVENTO (check_in, check_out, id_cliente, id_evento) values (CONVERT (DATE,'28/02/2022',103), CONVERT (DATE,'27/02/2023',103), '0000127', '091837EV');
insert into RESERVA_EVENTO (check_in, check_out, id_cliente, id_evento) values (CONVERT (DATE,'03/01/2022',103), CONVERT (DATE,'25/12/2022',103), '0000128', '091838EV');
insert into RESERVA_EVENTO (check_in, check_out, id_cliente, id_evento) values (CONVERT (DATE,'18/04/2022',103), CONVERT (DATE,'26/09/2022',103), '0000129', '091839EV');
insert into RESERVA_EVENTO (check_in, check_out, id_cliente, id_evento) values (CONVERT (DATE,'28/06/2021',103), CONVERT (DATE,'02/09/2022',103), '0000130', '091840EV');
insert into RESERVA_EVENTO (check_in, check_out, id_cliente, id_evento) values (CONVERT (DATE,'05/04/2022',103), CONVERT (DATE,'27/03/2023',103), '0000131', '091841EV');
insert into RESERVA_EVENTO (check_in, check_out, id_cliente, id_evento) values (CONVERT (DATE,'02/08/2021',103), CONVERT (DATE,'04/12/2022',103), '0000132', '091842EV');
insert into RESERVA_EVENTO (check_in, check_out, id_cliente, id_evento) values (CONVERT (DATE,'22/10/2021',103), CONVERT (DATE,'13/10/2022',103), '0000133', '091843EV');
insert into RESERVA_EVENTO (check_in, check_out, id_cliente, id_evento) values (CONVERT (DATE,'16/03/2022',103), CONVERT (DATE,'18/08/2022',103), '0000134', '091844EV');
insert into RESERVA_EVENTO (check_in, check_out, id_cliente, id_evento) values (CONVERT (DATE,'20/04/2022',103), CONVERT (DATE,'23/01/2023',103), '0000135', '091845EV');
insert into RESERVA_EVENTO (check_in, check_out, id_cliente, id_evento) values (CONVERT (DATE,'31/05/2022',103), CONVERT (DATE,'25/02/2023',103), '0000136', '091846EV');
insert into RESERVA_EVENTO (check_in, check_out, id_cliente, id_evento) values (CONVERT (DATE,'18/11/2021',103), CONVERT (DATE,'04/07/2022',103), '0000137', '091847EV');
insert into RESERVA_EVENTO (check_in, check_out, id_cliente, id_evento) values (CONVERT (DATE,'19/10/2021',103), CONVERT (DATE,'19/03/2023',103), '0000138', '091848EV');
insert into RESERVA_EVENTO (check_in, check_out, id_cliente, id_evento) values (CONVERT (DATE,'12/08/2021',103), CONVERT (DATE,'15/05/2023',103), '0000139', '091849EV');
insert into RESERVA_EVENTO (check_in, check_out, id_cliente, id_evento) values (CONVERT (DATE,'17/07/2021',103), CONVERT (DATE,'07/07/2022',103), '0000140', '091850EV');
insert into RESERVA_EVENTO (check_in, check_out, id_cliente, id_evento) values (CONVERT (DATE,'09/04/2022',103), CONVERT (DATE,'30/04/2023',103), '0000141', '091851EV');
insert into RESERVA_EVENTO (check_in, check_out, id_cliente, id_evento) values (CONVERT (DATE,'26/06/2021',103), CONVERT (DATE,'27/05/2023',103), '0000142', '091852EV');
insert into RESERVA_EVENTO (check_in, check_out, id_cliente, id_evento) values (CONVERT (DATE,'09/12/2021',103), CONVERT (DATE,'08/08/2022',103), '0000143', '091853EV');
insert into RESERVA_EVENTO (check_in, check_out, id_cliente, id_evento) values (CONVERT (DATE,'19/01/2022',103), CONVERT (DATE,'16/05/2023',103), '0000144', '091854EV');
insert into RESERVA_EVENTO (check_in, check_out, id_cliente, id_evento) values (CONVERT (DATE,'02/06/2022',103), CONVERT (DATE,'29/06/2022',103), '0000145', '091855EV');
insert into RESERVA_EVENTO (check_in, check_out, id_cliente, id_evento) values (CONVERT (DATE,'02/09/2021',103), CONVERT (DATE,'12/05/2023',103), '0000146', '091856EV');
insert into RESERVA_EVENTO (check_in, check_out, id_cliente, id_evento) values (CONVERT (DATE,'25/10/2021',103), CONVERT (DATE,'26/04/2023',103), '0000147', '091857EV');
insert into RESERVA_EVENTO (check_in, check_out, id_cliente, id_evento) values (CONVERT (DATE,'19/12/2021',103), CONVERT (DATE,'30/08/2022',103), '0000148', '091858EV');
insert into RESERVA_EVENTO (check_in, check_out, id_cliente, id_evento) values (CONVERT (DATE,'22/03/2022',103), CONVERT (DATE,'23/10/2022',103), '0000149', '091859EV');
insert into RESERVA_EVENTO (check_in, check_out, id_cliente, id_evento) values (CONVERT (DATE,'17/01/2022',103), CONVERT (DATE,'08/12/2022',103), '0000150', '091860EV');
insert into RESERVA_EVENTO (check_in, check_out, id_cliente, id_evento) values (CONVERT (DATE,'11/11/2021',103), CONVERT (DATE,'09/02/2023',103), '0000151', '091861EV');
insert into RESERVA_EVENTO (check_in, check_out, id_cliente, id_evento) values (CONVERT (DATE,'13/08/2021',103), CONVERT (DATE,'12/02/2023',103), '0000152', '091862EV');
insert into RESERVA_EVENTO (check_in, check_out, id_cliente, id_evento) values (CONVERT (DATE,'03/03/2022',103), CONVERT (DATE,'15/06/2023',103), '0000153', '091863EV');
insert into RESERVA_EVENTO (check_in, check_out, id_cliente, id_evento) values (CONVERT (DATE,'04/06/2022',103), CONVERT (DATE,'14/09/2022',103), '0000154', '091864EV');
insert into RESERVA_EVENTO (check_in, check_out, id_cliente, id_evento) values (CONVERT (DATE,'06/04/2022',103), CONVERT (DATE,'22/02/2023',103), '0000155', '091865EV');
insert into RESERVA_EVENTO (check_in, check_out, id_cliente, id_evento) values (CONVERT (DATE,'27/01/2022',103), CONVERT (DATE,'15/04/2023',103), '0000156', '091866EV');
insert into RESERVA_EVENTO (check_in, check_out, id_cliente, id_evento) values (CONVERT (DATE,'05/09/2021',103), CONVERT (DATE,'19/11/2022',103), '0000157', '091867EV');
insert into RESERVA_EVENTO (check_in, check_out, id_cliente, id_evento) values (CONVERT (DATE,'06/10/2021',103), CONVERT (DATE,'06/04/2023',103), '0000158', '091868EV');
insert into RESERVA_EVENTO (check_in, check_out, id_cliente, id_evento) values (CONVERT (DATE,'20/06/2022',103), CONVERT (DATE,'03/07/2022',103), '0000159', '091869EV');
insert into RESERVA_EVENTO (check_in, check_out, id_cliente, id_evento) values (CONVERT (DATE,'10/07/2021',103), CONVERT (DATE,'03/05/2023',103), '0000160', '091870EV');
insert into RESERVA_EVENTO (check_in, check_out, id_cliente, id_evento) values (CONVERT (DATE,'06/12/2021',103), CONVERT (DATE,'26/11/2022',103), '0000161', '091871EV');
insert into RESERVA_EVENTO (check_in, check_out, id_cliente, id_evento) values (CONVERT (DATE,'13/08/2021',103), CONVERT (DATE,'21/12/2022',103), '0000162', '091872EV');
insert into RESERVA_EVENTO (check_in, check_out, id_cliente, id_evento) values (CONVERT (DATE,'28/02/2022',103), CONVERT (DATE,'17/03/2023',103), '0000163', '091873EV');
insert into RESERVA_EVENTO (check_in, check_out, id_cliente, id_evento) values (CONVERT (DATE,'05/06/2022',103), CONVERT (DATE,'12/11/2022',103), '0000164', '091874EV');
insert into RESERVA_EVENTO (check_in, check_out, id_cliente, id_evento) values (CONVERT (DATE,'07/04/2022',103), CONVERT (DATE,'20/09/2022',103), '0000165', '091875EV');
insert into RESERVA_EVENTO (check_in, check_out, id_cliente, id_evento) values (CONVERT (DATE,'27/12/2021',103), CONVERT (DATE,'08/05/2023',103), '0000166', '091876EV');
insert into RESERVA_EVENTO (check_in, check_out, id_cliente, id_evento) values (CONVERT (DATE,'31/01/2022',103), CONVERT (DATE,'05/12/2022',103), '0000167', '091877EV');
insert into RESERVA_EVENTO (check_in, check_out, id_cliente, id_evento) values (CONVERT (DATE,'16/11/2021',103), CONVERT (DATE,'20/09/2022',103), '0000168', '091878EV');
insert into RESERVA_EVENTO (check_in, check_out, id_cliente, id_evento) values (CONVERT (DATE,'02/08/2021',103), CONVERT (DATE,'18/10/2022',103), '0000169', '091879EV');
insert into RESERVA_EVENTO (check_in, check_out, id_cliente, id_evento) values (CONVERT (DATE,'07/10/2021',103), CONVERT (DATE,'02/10/2022',103), '0000170', '091880EV');
insert into RESERVA_EVENTO (check_in, check_out, id_cliente, id_evento) values (CONVERT (DATE,'08/12/2021',103), CONVERT (DATE,'30/10/2022',103), '0000171', '091881EV');
insert into RESERVA_EVENTO (check_in, check_out, id_cliente, id_evento) values (CONVERT (DATE,'22/05/2022',103), CONVERT (DATE,'10/11/2022',103), '0000172', '091882EV');
insert into RESERVA_EVENTO (check_in, check_out, id_cliente, id_evento) values (CONVERT (DATE,'28/03/2022',103), CONVERT (DATE,'13/01/2023',103), '0000173', '091883EV');
insert into RESERVA_EVENTO (check_in, check_out, id_cliente, id_evento) values (CONVERT (DATE,'09/11/2021',103), CONVERT (DATE,'07/08/2022',103), '0000174', '091884EV');
insert into RESERVA_EVENTO (check_in, check_out, id_cliente, id_evento) values (CONVERT (DATE,'21/12/2021',103), CONVERT (DATE,'09/06/2023',103), '0000175', '091885EV');
insert into RESERVA_EVENTO (check_in, check_out, id_cliente, id_evento) values (CONVERT (DATE,'03/09/2021',103), CONVERT (DATE,'06/07/2022',103), '0000176', '091886EV');
insert into RESERVA_EVENTO (check_in, check_out, id_cliente, id_evento) values (CONVERT (DATE,'03/11/2021',103), CONVERT (DATE,'02/12/2022',103), '0000177', '091887EV');
insert into RESERVA_EVENTO (check_in, check_out, id_cliente, id_evento) values (CONVERT (DATE,'28/03/2022',103), CONVERT (DATE,'07/06/2023',103), '0000178', '091888EV');
insert into RESERVA_EVENTO (check_in, check_out, id_cliente, id_evento) values (CONVERT (DATE,'11/11/2021',103), CONVERT (DATE,'11/12/2022',103), '0000179', '091889EV');
insert into RESERVA_EVENTO (check_in, check_out, id_cliente, id_evento) values (CONVERT (DATE,'29/06/2021',103), CONVERT (DATE,'08/07/2022',103), '0000180', '091890EV');
insert into RESERVA_EVENTO (check_in, check_out, id_cliente, id_evento) values (CONVERT (DATE,'14/07/2021',103), CONVERT (DATE,'15/05/2023',103), '0000181', '091891EV');
insert into RESERVA_EVENTO (check_in, check_out, id_cliente, id_evento) values (CONVERT (DATE,'26/01/2022',103), CONVERT (DATE,'26/08/2022',103), '0000182', '091892EV');
insert into RESERVA_EVENTO (check_in, check_out, id_cliente, id_evento) values (CONVERT (DATE,'13/09/2021',103), CONVERT (DATE,'18/04/2023',103), '0000183', '091893EV');
insert into RESERVA_EVENTO (check_in, check_out, id_cliente, id_evento) values (CONVERT (DATE,'13/11/2021',103), CONVERT (DATE,'01/11/2022',103), '0000184', '091894EV');
insert into RESERVA_EVENTO (check_in, check_out, id_cliente, id_evento) values (CONVERT (DATE,'12/09/2021',103), CONVERT (DATE,'22/11/2022',103), '0000185', '091895EV');
insert into RESERVA_EVENTO (check_in, check_out, id_cliente, id_evento) values (CONVERT (DATE,'13/11/2021',103), CONVERT (DATE,'27/02/2023',103), '0000186', '091896EV');
insert into RESERVA_EVENTO (check_in, check_out, id_cliente, id_evento) values (CONVERT (DATE,'11/08/2021',103), CONVERT (DATE,'26/07/2022',103), '0000187', '091897EV');
insert into RESERVA_EVENTO (check_in, check_out, id_cliente, id_evento) values (CONVERT (DATE,'09/09/2021',103), CONVERT (DATE,'13/11/2022',103), '0000188', '091898EV');
GO
insert into GESTIONA_EA (id_administrador, id_evento) values ('00133221', '091810EV');
insert into GESTIONA_EA (id_administrador, id_evento) values ('00052121', '091811EV');
insert into GESTIONA_EA (id_administrador, id_evento) values ('00139121', '091812EV');
insert into GESTIONA_EA (id_administrador, id_evento) values ('00150721', '091813EV');
insert into GESTIONA_EA (id_administrador, id_evento) values ('00133221', '091814EV');
insert into GESTIONA_EA (id_administrador, id_evento) values ('00052121', '091815EV');
insert into GESTIONA_EA (id_administrador, id_evento) values ('00139121', '091816EV');
insert into GESTIONA_EA (id_administrador, id_evento) values ('00150721', '091817EV');
insert into GESTIONA_EA (id_administrador, id_evento) values ('00133221', '091818EV');
insert into GESTIONA_EA (id_administrador, id_evento) values ('00052121', '091819EV');
insert into GESTIONA_EA (id_administrador, id_evento) values ('00139121', '091820EV');
insert into GESTIONA_EA (id_administrador, id_evento) values ('00150721', '091821EV');
insert into GESTIONA_EA (id_administrador, id_evento) values ('00133221', '091822EV');
insert into GESTIONA_EA (id_administrador, id_evento) values ('00052121', '091823EV');
insert into GESTIONA_EA (id_administrador, id_evento) values ('00139121', '091824EV');
insert into GESTIONA_EA (id_administrador, id_evento) values ('00150721', '091825EV');
insert into GESTIONA_EA (id_administrador, id_evento) values ('00133221', '091826EV');
insert into GESTIONA_EA (id_administrador, id_evento) values ('00052121', '091827EV');
insert into GESTIONA_EA (id_administrador, id_evento) values ('00139121', '091828EV');
insert into GESTIONA_EA (id_administrador, id_evento) values ('00150721', '091829EV');
insert into GESTIONA_EA (id_administrador, id_evento) values ('00133221', '091830EV');
insert into GESTIONA_EA (id_administrador, id_evento) values ('00052121', '091831EV');
insert into GESTIONA_EA (id_administrador, id_evento) values ('00139121', '091832EV');
insert into GESTIONA_EA (id_administrador, id_evento) values ('00150721', '091833EV');
insert into GESTIONA_EA (id_administrador, id_evento) values ('00133221', '091834EV');
insert into GESTIONA_EA (id_administrador, id_evento) values ('00052121', '091835EV');
insert into GESTIONA_EA (id_administrador, id_evento) values ('00139121', '091836EV');
insert into GESTIONA_EA (id_administrador, id_evento) values ('00150721', '091837EV');
insert into GESTIONA_EA (id_administrador, id_evento) values ('00133221', '091838EV');
insert into GESTIONA_EA (id_administrador, id_evento) values ('00052121', '091839EV');
insert into GESTIONA_EA (id_administrador, id_evento) values ('00139121', '091840EV');
insert into GESTIONA_EA (id_administrador, id_evento) values ('00150721', '091841EV');
insert into GESTIONA_EA (id_administrador, id_evento) values ('00133221', '091842EV');
insert into GESTIONA_EA (id_administrador, id_evento) values ('00052121', '091843EV');
insert into GESTIONA_EA (id_administrador, id_evento) values ('00139121', '091844EV');
insert into GESTIONA_EA (id_administrador, id_evento) values ('00150721', '091845EV');
insert into GESTIONA_EA (id_administrador, id_evento) values ('00133221', '091846EV');
insert into GESTIONA_EA (id_administrador, id_evento) values ('00052121', '091847EV');
insert into GESTIONA_EA (id_administrador, id_evento) values ('00139121', '091848EV');
insert into GESTIONA_EA (id_administrador, id_evento) values ('00150721', '091849EV');
insert into GESTIONA_EA (id_administrador, id_evento) values ('00133221', '091850EV');
insert into GESTIONA_EA (id_administrador, id_evento) values ('00052121', '091851EV');
insert into GESTIONA_EA (id_administrador, id_evento) values ('00139121', '091852EV');
insert into GESTIONA_EA (id_administrador, id_evento) values ('00150721', '091853EV');
insert into GESTIONA_EA (id_administrador, id_evento) values ('00133221', '091854EV');
insert into GESTIONA_EA (id_administrador, id_evento) values ('00052121', '091855EV');
insert into GESTIONA_EA (id_administrador, id_evento) values ('00139121', '091856EV');
insert into GESTIONA_EA (id_administrador, id_evento) values ('00150721', '091857EV');
insert into GESTIONA_EA (id_administrador, id_evento) values ('00133221', '091858EV');
insert into GESTIONA_EA (id_administrador, id_evento) values ('00052121', '091859EV');
insert into GESTIONA_EA (id_administrador, id_evento) values ('00139121', '091860EV');
insert into GESTIONA_EA (id_administrador, id_evento) values ('00150721', '091861EV');
insert into GESTIONA_EA (id_administrador, id_evento) values ('00133221', '091862EV');
insert into GESTIONA_EA (id_administrador, id_evento) values ('00052121', '091863EV');
insert into GESTIONA_EA (id_administrador, id_evento) values ('00139121', '091864EV');
insert into GESTIONA_EA (id_administrador, id_evento) values ('00150721', '091865EV');
insert into GESTIONA_EA (id_administrador, id_evento) values ('00133221', '091866EV');
insert into GESTIONA_EA (id_administrador, id_evento) values ('00052121', '091867EV');
insert into GESTIONA_EA (id_administrador, id_evento) values ('00139121', '091868EV');
insert into GESTIONA_EA (id_administrador, id_evento) values ('00150721', '091869EV');
insert into GESTIONA_EA (id_administrador, id_evento) values ('00133221', '091870EV');
insert into GESTIONA_EA (id_administrador, id_evento) values ('00052121', '091871EV');
insert into GESTIONA_EA (id_administrador, id_evento) values ('00139121', '091872EV');
insert into GESTIONA_EA (id_administrador, id_evento) values ('00150721', '091873EV');
insert into GESTIONA_EA (id_administrador, id_evento) values ('00133221', '091874EV');
insert into GESTIONA_EA (id_administrador, id_evento) values ('00052121', '091875EV');
insert into GESTIONA_EA (id_administrador, id_evento) values ('00139121', '091876EV');
insert into GESTIONA_EA (id_administrador, id_evento) values ('00150721', '091877EV');
insert into GESTIONA_EA (id_administrador, id_evento) values ('00133221', '091878EV');
insert into GESTIONA_EA (id_administrador, id_evento) values ('00052121', '091879EV');
insert into GESTIONA_EA (id_administrador, id_evento) values ('00139121', '091880EV');
insert into GESTIONA_EA (id_administrador, id_evento) values ('00150721', '091881EV');
insert into GESTIONA_EA (id_administrador, id_evento) values ('00133221', '091882EV');
insert into GESTIONA_EA (id_administrador, id_evento) values ('00052121', '091883EV');
insert into GESTIONA_EA (id_administrador, id_evento) values ('00139121', '091884EV');
insert into GESTIONA_EA (id_administrador, id_evento) values ('00150721', '091885EV');
insert into GESTIONA_EA (id_administrador, id_evento) values ('00133221', '091886EV');
insert into GESTIONA_EA (id_administrador, id_evento) values ('00052121', '091887EV');
insert into GESTIONA_EA (id_administrador, id_evento) values ('00139121', '091888EV');
insert into GESTIONA_EA (id_administrador, id_evento) values ('00150721', '091889EV');
insert into GESTIONA_EA (id_administrador, id_evento) values ('00133221', '091890EV');
insert into GESTIONA_EA (id_administrador, id_evento) values ('00052121', '091891EV');
insert into GESTIONA_EA (id_administrador, id_evento) values ('00139121', '091892EV');
insert into GESTIONA_EA (id_administrador, id_evento) values ('00150721', '091893EV');
insert into GESTIONA_EA (id_administrador, id_evento) values ('00133221', '091894EV');
insert into GESTIONA_EA (id_administrador, id_evento) values ('00052121', '091895EV');
insert into GESTIONA_EA (id_administrador, id_evento) values ('00139121', '091896EV');
insert into GESTIONA_EA (id_administrador, id_evento) values ('00150721', '091897EV');
insert into GESTIONA_EA (id_administrador, id_evento) values ('00133221', '091898EV');
GO 
insert into GESTIONA_AM (id_administrador, id_coleccion) values ('00150721', '057100CO');
insert into GESTIONA_AM (id_administrador, id_coleccion) values ('00133221', '057101CO');
insert into GESTIONA_AM (id_administrador, id_coleccion) values ('00052121', '057102CO');
insert into GESTIONA_AM (id_administrador, id_coleccion) values ('00139121', '057103CO');
insert into GESTIONA_AM (id_administrador, id_coleccion) values ('00150721', '057104CO');
insert into GESTIONA_AM (id_administrador, id_coleccion) values ('00139121', '057105CO');
insert into GESTIONA_AM (id_administrador, id_coleccion) values ('00150721', '057106CO');
insert into GESTIONA_AM (id_administrador, id_coleccion) values ('00052121', '057107CO');
insert into GESTIONA_AM (id_administrador, id_coleccion) values ('00133221', '057108CO');
insert into GESTIONA_AM (id_administrador, id_coleccion) values ('00139121', '057109CO');
insert into GESTIONA_AM (id_administrador, id_coleccion) values ('00133221', '057110CO');
insert into GESTIONA_AM (id_administrador, id_coleccion) values ('00133221', '057111CO');
insert into GESTIONA_AM (id_administrador, id_coleccion) values ('00139121', '057112CO');
insert into GESTIONA_AM (id_administrador, id_coleccion) values ('00052121', '057113CO');
insert into GESTIONA_AM (id_administrador, id_coleccion) values ('00150721', '057114CO');
insert into GESTIONA_AM (id_administrador, id_coleccion) values ('00139121', '057115CO');
insert into GESTIONA_AM (id_administrador, id_coleccion) values ('00139121', '057116CO');
insert into GESTIONA_AM (id_administrador, id_coleccion) values ('00150721', '057117CO');
insert into GESTIONA_AM (id_administrador, id_coleccion) values ('00150721', '057118CO');
insert into GESTIONA_AM (id_administrador, id_coleccion) values ('00052121', '057119CO');
insert into GESTIONA_AM (id_administrador, id_coleccion) values ('00150721', '057120CO');
insert into GESTIONA_AM (id_administrador, id_coleccion) values ('00052121', '057121CO');
insert into GESTIONA_AM (id_administrador, id_coleccion) values ('00133221', '057122CO');
GO 
insert into GESTIONA_UA (id_cliente, id_administrador) values ('0000100', '00052121');
insert into GESTIONA_UA (id_cliente, id_administrador) values ('0000101', '00139121');
insert into GESTIONA_UA (id_cliente, id_administrador) values ('0000102', '00139121');
insert into GESTIONA_UA (id_cliente, id_administrador) values ('0000103', '00052121');
insert into GESTIONA_UA (id_cliente, id_administrador) values ('0000104', '00150721');
insert into GESTIONA_UA (id_cliente, id_administrador) values ('0000105', '00133221');
insert into GESTIONA_UA (id_cliente, id_administrador) values ('0000106', '00052121');
insert into GESTIONA_UA (id_cliente, id_administrador) values ('0000107', '00133221');
insert into GESTIONA_UA (id_cliente, id_administrador) values ('0000108', '00150721');
insert into GESTIONA_UA (id_cliente, id_administrador) values ('0000109', '00150721');
insert into GESTIONA_UA (id_cliente, id_administrador) values ('0000110', '00133221');
insert into GESTIONA_UA (id_cliente, id_administrador) values ('0000111', '00150721');
insert into GESTIONA_UA (id_cliente, id_administrador) values ('0000112', '00150721');
insert into GESTIONA_UA (id_cliente, id_administrador) values ('0000113', '00139121');
insert into GESTIONA_UA (id_cliente, id_administrador) values ('0000114', '00133221');
insert into GESTIONA_UA (id_cliente, id_administrador) values ('0000115', '00139121');
insert into GESTIONA_UA (id_cliente, id_administrador) values ('0000116', '00150721');
insert into GESTIONA_UA (id_cliente, id_administrador) values ('0000117', '00133221');
insert into GESTIONA_UA (id_cliente, id_administrador) values ('0000118', '00052121');
insert into GESTIONA_UA (id_cliente, id_administrador) values ('0000119', '00139121');
insert into GESTIONA_UA (id_cliente, id_administrador) values ('0000120', '00133221');
insert into GESTIONA_UA (id_cliente, id_administrador) values ('0000121', '00133221');
insert into GESTIONA_UA (id_cliente, id_administrador) values ('0000122', '00133221');
insert into GESTIONA_UA (id_cliente, id_administrador) values ('0000123', '00150721');
insert into GESTIONA_UA (id_cliente, id_administrador) values ('0000124', '00150721');
insert into GESTIONA_UA (id_cliente, id_administrador) values ('0000125', '00133221');
insert into GESTIONA_UA (id_cliente, id_administrador) values ('0000126', '00052121');
insert into GESTIONA_UA (id_cliente, id_administrador) values ('0000127', '00052121');
insert into GESTIONA_UA (id_cliente, id_administrador) values ('0000128', '00052121');
insert into GESTIONA_UA (id_cliente, id_administrador) values ('0000129', '00150721');
insert into GESTIONA_UA (id_cliente, id_administrador) values ('0000130', '00150721');
insert into GESTIONA_UA (id_cliente, id_administrador) values ('0000131', '00139121');
insert into GESTIONA_UA (id_cliente, id_administrador) values ('0000132', '00150721');
insert into GESTIONA_UA (id_cliente, id_administrador) values ('0000133', '00150721');
insert into GESTIONA_UA (id_cliente, id_administrador) values ('0000134', '00150721');
insert into GESTIONA_UA (id_cliente, id_administrador) values ('0000135', '00052121');
insert into GESTIONA_UA (id_cliente, id_administrador) values ('0000136', '00052121');
insert into GESTIONA_UA (id_cliente, id_administrador) values ('0000137', '00133221');
insert into GESTIONA_UA (id_cliente, id_administrador) values ('0000138', '00052121');
insert into GESTIONA_UA (id_cliente, id_administrador) values ('0000139', '00052121');
insert into GESTIONA_UA (id_cliente, id_administrador) values ('0000140', '00150721');
insert into GESTIONA_UA (id_cliente, id_administrador) values ('0000141', '00139121');
insert into GESTIONA_UA (id_cliente, id_administrador) values ('0000142', '00052121');
insert into GESTIONA_UA (id_cliente, id_administrador) values ('0000143', '00052121');
insert into GESTIONA_UA (id_cliente, id_administrador) values ('0000144', '00052121');
insert into GESTIONA_UA (id_cliente, id_administrador) values ('0000145', '00139121');
insert into GESTIONA_UA (id_cliente, id_administrador) values ('0000146', '00052121');
insert into GESTIONA_UA (id_cliente, id_administrador) values ('0000147', '00150721');
insert into GESTIONA_UA (id_cliente, id_administrador) values ('0000148', '00150721');
insert into GESTIONA_UA (id_cliente, id_administrador) values ('0000149', '00139121');
insert into GESTIONA_UA (id_cliente, id_administrador) values ('0000150', '00133221');
insert into GESTIONA_UA (id_cliente, id_administrador) values ('0000151', '00052121');
insert into GESTIONA_UA (id_cliente, id_administrador) values ('0000152', '00133221');
insert into GESTIONA_UA (id_cliente, id_administrador) values ('0000153', '00150721');
insert into GESTIONA_UA (id_cliente, id_administrador) values ('0000154', '00133221');
insert into GESTIONA_UA (id_cliente, id_administrador) values ('0000155', '00133221');
insert into GESTIONA_UA (id_cliente, id_administrador) values ('0000156', '00133221');
insert into GESTIONA_UA (id_cliente, id_administrador) values ('0000157', '00052121');
insert into GESTIONA_UA (id_cliente, id_administrador) values ('0000158', '00133221');
insert into GESTIONA_UA (id_cliente, id_administrador) values ('0000159', '00133221');
insert into GESTIONA_UA (id_cliente, id_administrador) values ('0000160', '00150721');
insert into GESTIONA_UA (id_cliente, id_administrador) values ('0000161', '00133221');
insert into GESTIONA_UA (id_cliente, id_administrador) values ('0000162', '00052121');
insert into GESTIONA_UA (id_cliente, id_administrador) values ('0000163', '00052121');
insert into GESTIONA_UA (id_cliente, id_administrador) values ('0000164', '00150721');
insert into GESTIONA_UA (id_cliente, id_administrador) values ('0000165', '00133221');
insert into GESTIONA_UA (id_cliente, id_administrador) values ('0000166', '00150721');
insert into GESTIONA_UA (id_cliente, id_administrador) values ('0000167', '00150721');
insert into GESTIONA_UA (id_cliente, id_administrador) values ('0000168', '00139121');
insert into GESTIONA_UA (id_cliente, id_administrador) values ('0000169', '00139121');
insert into GESTIONA_UA (id_cliente, id_administrador) values ('0000170', '00133221');
insert into GESTIONA_UA (id_cliente, id_administrador) values ('0000171', '00133221');
insert into GESTIONA_UA (id_cliente, id_administrador) values ('0000172', '00052121');
insert into GESTIONA_UA (id_cliente, id_administrador) values ('0000173', '00052121');
insert into GESTIONA_UA (id_cliente, id_administrador) values ('0000174', '00150721');
insert into GESTIONA_UA (id_cliente, id_administrador) values ('0000175', '00150721');
insert into GESTIONA_UA (id_cliente, id_administrador) values ('0000176', '00150721');
insert into GESTIONA_UA (id_cliente, id_administrador) values ('0000177', '00133221');
insert into GESTIONA_UA (id_cliente, id_administrador) values ('0000178', '00052121');
insert into GESTIONA_UA (id_cliente, id_administrador) values ('0000179', '00139121');
insert into GESTIONA_UA (id_cliente, id_administrador) values ('0000180', '00133221');
insert into GESTIONA_UA (id_cliente, id_administrador) values ('0000181', '00052121');
insert into GESTIONA_UA (id_cliente, id_administrador) values ('0000182', '00150721');
insert into GESTIONA_UA (id_cliente, id_administrador) values ('0000183', '00133221');
insert into GESTIONA_UA (id_cliente, id_administrador) values ('0000184', '00139121');
insert into GESTIONA_UA (id_cliente, id_administrador) values ('0000185', '00150721');
insert into GESTIONA_UA (id_cliente, id_administrador) values ('0000186', '00133221');
insert into GESTIONA_UA (id_cliente, id_administrador) values ('0000187', '00139121');
insert into GESTIONA_UA (id_cliente, id_administrador) values ('0000188', '00150721');
insert into GESTIONA_UA (id_cliente, id_administrador) values ('0000189', '00139121');
insert into GESTIONA_UA (id_cliente, id_administrador) values ('0000190', '00133221');
insert into GESTIONA_UA (id_cliente, id_administrador) values ('0000191', '00052121');
insert into GESTIONA_UA (id_cliente, id_administrador) values ('0000192', '00139121');
insert into GESTIONA_UA (id_cliente, id_administrador) values ('0000193', '00150721');
insert into GESTIONA_UA (id_cliente, id_administrador) values ('0000194', '00139121');
insert into GESTIONA_UA (id_cliente, id_administrador) values ('0000195', '00133221');
insert into GESTIONA_UA (id_cliente, id_administrador) values ('0000196', '00052121');
insert into GESTIONA_UA (id_cliente, id_administrador) values ('0000197', '00133221');
insert into GESTIONA_UA (id_cliente, id_administrador) values ('0000198', '00150721');
insert into GESTIONA_UA (id_cliente, id_administrador) values ('0000199', '00150721');
insert into GESTIONA_UA (id_cliente, id_administrador) values ('0000200', '00150721');
insert into GESTIONA_UA (id_cliente, id_administrador) values ('0000201', '00150721');
insert into GESTIONA_UA (id_cliente, id_administrador) values ('0000202', '00150721');
insert into GESTIONA_UA (id_cliente, id_administrador) values ('0000203', '00139121');
insert into GESTIONA_UA (id_cliente, id_administrador) values ('0000204', '00139121');
insert into GESTIONA_UA (id_cliente, id_administrador) values ('0000205', '00139121');
insert into GESTIONA_UA (id_cliente, id_administrador) values ('0000206', '00139121');
insert into GESTIONA_UA (id_cliente, id_administrador) values ('0000207', '00052121');
insert into GESTIONA_UA (id_cliente, id_administrador) values ('0000208', '00139121');
insert into GESTIONA_UA (id_cliente, id_administrador) values ('0000209', '00052121');
insert into GESTIONA_UA (id_cliente, id_administrador) values ('0000210', '00052121');
insert into GESTIONA_UA (id_cliente, id_administrador) values ('0000211', '00052121');
insert into GESTIONA_UA (id_cliente, id_administrador) values ('0000212', '00150721');
insert into GESTIONA_UA (id_cliente, id_administrador) values ('0000213', '00150721');
insert into GESTIONA_UA (id_cliente, id_administrador) values ('0000214', '00139121');
insert into GESTIONA_UA (id_cliente, id_administrador) values ('0000215', '00150721');
insert into GESTIONA_UA (id_cliente, id_administrador) values ('0000216', '00139121');
insert into GESTIONA_UA (id_cliente, id_administrador) values ('0000217', '00150721');
insert into GESTIONA_UA (id_cliente, id_administrador) values ('0000218', '00139121');
insert into GESTIONA_UA (id_cliente, id_administrador) values ('0000219', '00150721');
insert into GESTIONA_UA (id_cliente, id_administrador) values ('0000220', '00052121');
insert into GESTIONA_UA (id_cliente, id_administrador) values ('0000221', '00150721');
insert into GESTIONA_UA (id_cliente, id_administrador) values ('0000222', '00150721');
insert into GESTIONA_UA (id_cliente, id_administrador) values ('0000223', '00150721');
insert into GESTIONA_UA (id_cliente, id_administrador) values ('0000224', '00052121');
insert into GESTIONA_UA (id_cliente, id_administrador) values ('0000225', '00150721');
insert into GESTIONA_UA (id_cliente, id_administrador) values ('0000226', '00139121');
insert into GESTIONA_UA (id_cliente, id_administrador) values ('0000227', '00139121');
insert into GESTIONA_UA (id_cliente, id_administrador) values ('0000228', '00052121');
insert into GESTIONA_UA (id_cliente, id_administrador) values ('0000229', '00150721');
insert into GESTIONA_UA (id_cliente, id_administrador) values ('0000230', '00052121');
insert into GESTIONA_UA (id_cliente, id_administrador) values ('0000231', '00052121');
insert into GESTIONA_UA (id_cliente, id_administrador) values ('0000232', '00052121');
insert into GESTIONA_UA (id_cliente, id_administrador) values ('0000233', '00133221');
insert into GESTIONA_UA (id_cliente, id_administrador) values ('0000234', '00052121');
insert into GESTIONA_UA (id_cliente, id_administrador) values ('0000235', '00052121');
insert into GESTIONA_UA (id_cliente, id_administrador) values ('0000236', '00139121');
insert into GESTIONA_UA (id_cliente, id_administrador) values ('0000237', '00150721');
insert into GESTIONA_UA (id_cliente, id_administrador) values ('0000238', '00150721');
insert into GESTIONA_UA (id_cliente, id_administrador) values ('0000239', '00139121');
insert into GESTIONA_UA (id_cliente, id_administrador) values ('0000240', '00150721');
insert into GESTIONA_UA (id_cliente, id_administrador) values ('0000241', '00133221');
insert into GESTIONA_UA (id_cliente, id_administrador) values ('0000242', '00150721');
insert into GESTIONA_UA (id_cliente, id_administrador) values ('0000243', '00150721');
insert into GESTIONA_UA (id_cliente, id_administrador) values ('0000244', '00139121');
insert into GESTIONA_UA (id_cliente, id_administrador) values ('0000245', '00139121');
insert into GESTIONA_UA (id_cliente, id_administrador) values ('0000246', '00133221');
insert into GESTIONA_UA (id_cliente, id_administrador) values ('0000247', '00139121');
insert into GESTIONA_UA (id_cliente, id_administrador) values ('0000248', '00133221');
insert into GESTIONA_UA (id_cliente, id_administrador) values ('0000249', '00139121');
insert into GESTIONA_UA (id_cliente, id_administrador) values ('0000250', '00052121');
insert into GESTIONA_UA (id_cliente, id_administrador) values ('0000251', '00150721');
insert into GESTIONA_UA (id_cliente, id_administrador) values ('0000252', '00052121');
insert into GESTIONA_UA (id_cliente, id_administrador) values ('0000253', '00133221');
insert into GESTIONA_UA (id_cliente, id_administrador) values ('0000254', '00133221');
insert into GESTIONA_UA (id_cliente, id_administrador) values ('0000255', '00150721');
insert into GESTIONA_UA (id_cliente, id_administrador) values ('0000256', '00150721');
insert into GESTIONA_UA (id_cliente, id_administrador) values ('0000257', '00052121');
insert into GESTIONA_UA (id_cliente, id_administrador) values ('0000258', '00052121');
insert into GESTIONA_UA (id_cliente, id_administrador) values ('0000259', '00139121');
insert into GESTIONA_UA (id_cliente, id_administrador) values ('0000260', '00052121');
insert into GESTIONA_UA (id_cliente, id_administrador) values ('0000261', '00150721');
insert into GESTIONA_UA (id_cliente, id_administrador) values ('0000262', '00052121');
insert into GESTIONA_UA (id_cliente, id_administrador) values ('0000263', '00150721');
insert into GESTIONA_UA (id_cliente, id_administrador) values ('0000264', '00133221');
insert into GESTIONA_UA (id_cliente, id_administrador) values ('0000265', '00052121');
insert into GESTIONA_UA (id_cliente, id_administrador) values ('0000266', '00052121');
insert into GESTIONA_UA (id_cliente, id_administrador) values ('0000267', '00052121');
insert into GESTIONA_UA (id_cliente, id_administrador) values ('0000268', '00052121');
insert into GESTIONA_UA (id_cliente, id_administrador) values ('0000269', '00052121');
insert into GESTIONA_UA (id_cliente, id_administrador) values ('0000270', '00150721');
insert into GESTIONA_UA (id_cliente, id_administrador) values ('0000271', '00150721');
insert into GESTIONA_UA (id_cliente, id_administrador) values ('0000272', '00150721');
insert into GESTIONA_UA (id_cliente, id_administrador) values ('0000273', '00133221');
insert into GESTIONA_UA (id_cliente, id_administrador) values ('0000274', '00139121');
insert into GESTIONA_UA (id_cliente, id_administrador) values ('0000275', '00133221');
insert into GESTIONA_UA (id_cliente, id_administrador) values ('0000276', '00150721');
insert into GESTIONA_UA (id_cliente, id_administrador) values ('0000277', '00052121');
insert into GESTIONA_UA (id_cliente, id_administrador) values ('0000278', '00139121');
insert into GESTIONA_UA (id_cliente, id_administrador) values ('0000279', '00052121');
insert into GESTIONA_UA (id_cliente, id_administrador) values ('0000280', '00133221');
insert into GESTIONA_UA (id_cliente, id_administrador) values ('0000281', '00052121');
insert into GESTIONA_UA (id_cliente, id_administrador) values ('0000282', '00052121');
insert into GESTIONA_UA (id_cliente, id_administrador) values ('0000283', '00150721');
insert into GESTIONA_UA (id_cliente, id_administrador) values ('0000284', '00133221');
insert into GESTIONA_UA (id_cliente, id_administrador) values ('0000285', '00150721');
insert into GESTIONA_UA (id_cliente, id_administrador) values ('0000286', '00150721');
insert into GESTIONA_UA (id_cliente, id_administrador) values ('0000287', '00052121');
insert into GESTIONA_UA (id_cliente, id_administrador) values ('0000288', '00139121');
insert into GESTIONA_UA (id_cliente, id_administrador) values ('0000289', '00150721');
insert into GESTIONA_UA (id_cliente, id_administrador) values ('0000290', '00150721');
insert into GESTIONA_UA (id_cliente, id_administrador) values ('0000291', '00150721');
insert into GESTIONA_UA (id_cliente, id_administrador) values ('0000292', '00133221');
insert into GESTIONA_UA (id_cliente, id_administrador) values ('0000293', '00133221');
insert into GESTIONA_UA (id_cliente, id_administrador) values ('0000294', '00150721');
insert into GESTIONA_UA (id_cliente, id_administrador) values ('0000295', '00052121');
insert into GESTIONA_UA (id_cliente, id_administrador) values ('0000296', '00150721');
insert into GESTIONA_UA (id_cliente, id_administrador) values ('0000297', '00150721');
insert into GESTIONA_UA (id_cliente, id_administrador) values ('0000298', '00150721');
insert into GESTIONA_UA (id_cliente, id_administrador) values ('0000299', '00139121');