-- Ejemplar
USE BINAES

insert into IDIOMA (id, idioma) values (1, 'Español');
insert into IDIOMA (id, idioma) values (2, 'Ingles');

insert into FORMATO (id, formato) values (1, 'Digital');
insert into FORMATO (id, formato) values (2, 'Fisico');

insert into PALABRAS_CLAVE (id, palabra_clave) values (1, 'exuding');
insert into PALABRAS_CLAVE (id, palabra_clave) values (2, 'project');
insert into PALABRAS_CLAVE (id, palabra_clave) values (3, 'foreground');
insert into PALABRAS_CLAVE (id, palabra_clave) values (4, 'groupware');
insert into PALABRAS_CLAVE (id, palabra_clave) values (5, 'Realigned');
insert into PALABRAS_CLAVE (id, palabra_clave) values (6, 'forecast');
insert into PALABRAS_CLAVE (id, palabra_clave) values (7, 'Ameliorated');
insert into PALABRAS_CLAVE (id, palabra_clave) values (8, 'Multi-channelled');
insert into PALABRAS_CLAVE (id, palabra_clave) values (9, 'ability');
insert into PALABRAS_CLAVE (id, palabra_clave) values (10, 'analyzer');
insert into PALABRAS_CLAVE (id, palabra_clave) values (11, 'artificial intelligence');
insert into PALABRAS_CLAVE (id, palabra_clave) values (12, 'Advanced');
insert into PALABRAS_CLAVE (id, palabra_clave) values (13, 'Advanced');
insert into PALABRAS_CLAVE (id, palabra_clave) values (14, 'encoding');
insert into PALABRAS_CLAVE (id, palabra_clave) values (15, 'emulation');
insert into PALABRAS_CLAVE (id, palabra_clave) values (16, 'moratorium');
insert into PALABRAS_CLAVE (id, palabra_clave) values (17, 'disintermediate');
insert into PALABRAS_CLAVE (id, palabra_clave) values (18, 'definition');
insert into PALABRAS_CLAVE (id, palabra_clave) values (19, 'concept');
insert into PALABRAS_CLAVE (id, palabra_clave) values (20, 'moderator');
insert into PALABRAS_CLAVE (id, palabra_clave) values (21, 'Quality-focused');
insert into PALABRAS_CLAVE (id, palabra_clave) values (22, 'Diverse');
insert into PALABRAS_CLAVE (id, palabra_clave) values (23, 'attitude');
insert into PALABRAS_CLAVE (id, palabra_clave) values (24, 'radical');
insert into PALABRAS_CLAVE (id, palabra_clave) values (25, 'Polarised');
insert into PALABRAS_CLAVE (id, palabra_clave) values (26, 'bi-directional');
insert into PALABRAS_CLAVE (id, palabra_clave) values (27, 'responsive');
insert into PALABRAS_CLAVE (id, palabra_clave) values (28, 'Horizontal');
insert into PALABRAS_CLAVE (id, palabra_clave) values (29, 'Customer-focused');
insert into PALABRAS_CLAVE (id, palabra_clave) values (30, 'workforce');
insert into PALABRAS_CLAVE (id, palabra_clave) values (31, 'concept');
insert into PALABRAS_CLAVE (id, palabra_clave) values (32, 'alliance');
insert into PALABRAS_CLAVE (id, palabra_clave) values (33, 'next generation');
insert into PALABRAS_CLAVE (id, palabra_clave) values (34, 'database');
insert into PALABRAS_CLAVE (id, palabra_clave) values (35, 'zero defect');
insert into PALABRAS_CLAVE (id, palabra_clave) values (36, 'contingency');
insert into PALABRAS_CLAVE (id, palabra_clave) values (37, 'moderator');
insert into PALABRAS_CLAVE (id, palabra_clave) values (38, 'Face to face');
insert into PALABRAS_CLAVE (id, palabra_clave) values (39, 'well-modulated');
insert into PALABRAS_CLAVE (id, palabra_clave) values (40, 'Adaptive');
insert into PALABRAS_CLAVE (id, palabra_clave) values (41, 'Monitored');
insert into PALABRAS_CLAVE (id, palabra_clave) values (42, 'Function-based');
insert into PALABRAS_CLAVE (id, palabra_clave) values (43, 'Digitized');
insert into PALABRAS_CLAVE (id, palabra_clave) values (44, 'zero tolerance');
insert into PALABRAS_CLAVE (id, palabra_clave) values (45, 'empowering');
insert into PALABRAS_CLAVE (id, palabra_clave) values (46, 'asynchronous');
insert into PALABRAS_CLAVE (id, palabra_clave) values (47, 'toolset');
insert into PALABRAS_CLAVE (id, palabra_clave) values (48, 'Enterprise-wide');
insert into PALABRAS_CLAVE (id, palabra_clave) values (49, 'solution');
insert into PALABRAS_CLAVE (id, palabra_clave) values (50, 'heuristic');
insert into PALABRAS_CLAVE (id, palabra_clave) values (51, 'matrices');
insert into PALABRAS_CLAVE (id, palabra_clave) values (52, 'help-desk');
insert into PALABRAS_CLAVE (id, palabra_clave) values (53, 'policy');
insert into PALABRAS_CLAVE (id, palabra_clave) values (54, 'Cross-platform');
insert into PALABRAS_CLAVE (id, palabra_clave) values (55, 'tertiary');
insert into PALABRAS_CLAVE (id, palabra_clave) values (56, 'moratorium');
insert into PALABRAS_CLAVE (id, palabra_clave) values (57, 'support');
insert into PALABRAS_CLAVE (id, palabra_clave) values (58, 'bi-directional');
insert into PALABRAS_CLAVE (id, palabra_clave) values (59, 'concept');
insert into PALABRAS_CLAVE (id, palabra_clave) values (60, 'Advanced');
insert into PALABRAS_CLAVE (id, palabra_clave) values (61, 'definition');
insert into PALABRAS_CLAVE (id, palabra_clave) values (62, 'secondary');
insert into PALABRAS_CLAVE (id, palabra_clave) values (63, 'concept');
insert into PALABRAS_CLAVE (id, palabra_clave) values (64, 'Persevering');
insert into PALABRAS_CLAVE (id, palabra_clave) values (65, 'website');
insert into PALABRAS_CLAVE (id, palabra_clave) values (66, 'attitude-oriented');
insert into PALABRAS_CLAVE (id, palabra_clave) values (67, 'impactful');
insert into PALABRAS_CLAVE (id, palabra_clave) values (68, 'mission-critical');
insert into PALABRAS_CLAVE (id, palabra_clave) values (69, 'next generation');
insert into PALABRAS_CLAVE (id, palabra_clave) values (70, 'Fundamental');
insert into PALABRAS_CLAVE (id, palabra_clave) values (71, 'open architecture');
insert into PALABRAS_CLAVE (id, palabra_clave) values (72, 'dynamic');
insert into PALABRAS_CLAVE (id, palabra_clave) values (73, 'Switchable');
insert into PALABRAS_CLAVE (id, palabra_clave) values (74, 'Proactive');
insert into PALABRAS_CLAVE (id, palabra_clave) values (75, '6th generation');
insert into PALABRAS_CLAVE (id, palabra_clave) values (76, 'Organized');
insert into PALABRAS_CLAVE (id, palabra_clave) values (77, 'approach');
insert into PALABRAS_CLAVE (id, palabra_clave) values (78, 'mobile');
insert into PALABRAS_CLAVE (id, palabra_clave) values (79, 'protocol');
insert into PALABRAS_CLAVE (id, palabra_clave) values (80, 'stable');
insert into PALABRAS_CLAVE (id, palabra_clave) values (81, 'Ergonomic');
insert into PALABRAS_CLAVE (id, palabra_clave) values (82, 'Cloned');
insert into PALABRAS_CLAVE (id, palabra_clave) values (83, 'Profit-focused');
insert into PALABRAS_CLAVE (id, palabra_clave) values (84, 'dedicated');
insert into PALABRAS_CLAVE (id, palabra_clave) values (85, '4th generation');
insert into PALABRAS_CLAVE (id, palabra_clave) values (86, 'Assimilated');
insert into PALABRAS_CLAVE (id, palabra_clave) values (87, 'optimal');
insert into PALABRAS_CLAVE (id, palabra_clave) values (88, 'Ameliorated');
insert into PALABRAS_CLAVE (id, palabra_clave) values (89, 'archive');
insert into PALABRAS_CLAVE (id, palabra_clave) values (90, 'even-keeled');
insert into PALABRAS_CLAVE (id, palabra_clave) values (91, 'conglomeration');
insert into PALABRAS_CLAVE (id, palabra_clave) values (92, 'content-based');
insert into PALABRAS_CLAVE (id, palabra_clave) values (93, 'portal');
insert into PALABRAS_CLAVE (id, palabra_clave) values (94, 'modular');
insert into PALABRAS_CLAVE (id, palabra_clave) values (95, 'Future-proofed');
insert into PALABRAS_CLAVE (id, palabra_clave) values (96, 'bi-directional');
insert into PALABRAS_CLAVE (id, palabra_clave) values (97, 'artificial intelligence');
insert into PALABRAS_CLAVE (id, palabra_clave) values (98, 'interface');
insert into PALABRAS_CLAVE (id, palabra_clave) values (99, 'Balanced');
insert into PALABRAS_CLAVE (id, palabra_clave) values (100, 'Networked');

insert into EDITORIAL (id, nombre) values (1, 'Roomm');
insert into EDITORIAL (id, nombre) values (2, 'Oodoo');
insert into EDITORIAL (id, nombre) values (3, 'Devbug');
insert into EDITORIAL (id, nombre) values (4, 'Fanoodle');
insert into EDITORIAL (id, nombre) values (5, 'Flashdog');
insert into EDITORIAL (id, nombre) values (6, 'Myworks');
insert into EDITORIAL (id, nombre) values (7, 'Meembee');
insert into EDITORIAL (id, nombre) values (8, 'Skibox');
insert into EDITORIAL (id, nombre) values (9, 'Trilith');
insert into EDITORIAL (id, nombre) values (10, 'Quinu');
insert into EDITORIAL (id, nombre) values (11, 'Browsebug');
insert into EDITORIAL (id, nombre) values (12, 'Podcat');
insert into EDITORIAL (id, nombre) values (13, 'Innojam');
insert into EDITORIAL (id, nombre) values (14, 'Latz');
insert into EDITORIAL (id, nombre) values (15, 'Voomm');
insert into EDITORIAL (id, nombre) values (16, 'Skyvu');
insert into EDITORIAL (id, nombre) values (17, 'Quire');
insert into EDITORIAL (id, nombre) values (18, 'Lajo');
insert into EDITORIAL (id, nombre) values (19, 'Oozz');
insert into EDITORIAL (id, nombre) values (20, 'Kwideo');

insert into EJEMPLAR (id, nombre, fecha_publicacion, id_idioma, id_formato, id_palabra_clave, id_editorial) values (1, 'Dossier 51 (Dossier 51, Le)', CONVERT (DATE, '04/15/2016',103), 1, 2, 21, 18);
insert into EJEMPLAR (id, nombre, fecha_publicacion, id_idioma, id_formato, id_palabra_clave, id_editorial) values (2, 'Love Me or Leave Me', CONVERT (DATE, '08/12/2004',103), 1, 1, 97, 3);
insert into EJEMPLAR (id, nombre, fecha_publicacion, id_idioma, id_formato, id_palabra_clave, id_editorial) values (3, 'Imaginaerum', CONVERT (DATE, '07/11/2007',103), 1, 1, 77, 13);
insert into EJEMPLAR (id, nombre, fecha_publicacion, id_idioma, id_formato, id_palabra_clave, id_editorial) values (4, 'Australian Atomic Confessions', CONVERT (DATE, '09/10/2018',103), 1, 2, 91, 16);
insert into EJEMPLAR (id, nombre, fecha_publicacion, id_idioma, id_formato, id_palabra_clave, id_editorial) values (5, 'Timeline', CONVERT (DATE, '06/04/2022',103), 1, 2, 42, 8);
insert into EJEMPLAR (id, nombre, fecha_publicacion, id_idioma, id_formato, id_palabra_clave, id_editorial) values (6, 'Freedom Writers', CONVERT (DATE, '07/12/2007',103), 1, 1, 100, 1);
insert into EJEMPLAR (id, nombre, fecha_publicacion, id_idioma, id_formato, id_palabra_clave, id_editorial) values (7, 'Maybe, Maybe Not (Bewegte Mann, Der)', CONVERT (DATE, '01/14/2019',103), 1, 1, 23, 19);
insert into EJEMPLAR (id, nombre, fecha_publicacion, id_idioma, id_formato, id_palabra_clave, id_editorial) values (8, 'Vikings, The', CONVERT (DATE, '10/02/2021',103), 1, 1, 15, 19);
insert into EJEMPLAR (id, nombre, fecha_publicacion, id_idioma, id_formato, id_palabra_clave, id_editorial) values (9, 'Sgt. Pepper''s Lonely Hearts Club Band', CONVERT (DATE, '05/04/2010',103), 2, 2, 60, 15);
insert into EJEMPLAR (id, nombre, fecha_publicacion, id_idioma, id_formato, id_palabra_clave, id_editorial) values (10, 'Spellbound', CONVERT (DATE, '01/26/2007',103), 1, 1, 94, 4);
insert into EJEMPLAR (id, nombre, fecha_publicacion, id_idioma, id_formato, id_palabra_clave, id_editorial) values (11, 'Patton Oswalt: Werewolves and Lollipops', CONVERT (DATE, '04/10/2004',103), 2, 1, 1, 16);
insert into EJEMPLAR (id, nombre, fecha_publicacion, id_idioma, id_formato, id_palabra_clave, id_editorial) values (12, 'Gaslight', CONVERT (DATE, '08/12/2001',103), 2, 1, 82, 6);
insert into EJEMPLAR (id, nombre, fecha_publicacion, id_idioma, id_formato, id_palabra_clave, id_editorial) values (13, 'Coco Chanel', CONVERT (DATE, '07/22/2015',103), 2, 1, 27, 15);
insert into EJEMPLAR (id, nombre, fecha_publicacion, id_idioma, id_formato, id_palabra_clave, id_editorial) values (14, 'Agent Cody Banks 2: Destination London', CONVERT (DATE, '03/24/2017',103), 1, 2, 56, 20);
insert into EJEMPLAR (id, nombre, fecha_publicacion, id_idioma, id_formato, id_palabra_clave, id_editorial) values (15, 'Survival Island (Three)', CONVERT (DATE, '06/16/2020',103), 1, 1, 20, 10);
insert into EJEMPLAR (id, nombre, fecha_publicacion, id_idioma, id_formato, id_palabra_clave, id_editorial) values (16, 'Finding Neverland', CONVERT (DATE, '09/14/2021',103), 1, 2, 65, 2);
insert into EJEMPLAR (id, nombre, fecha_publicacion, id_idioma, id_formato, id_palabra_clave, id_editorial) values (17, 'Father of the Bride', CONVERT (DATE, '05/09/2011',103), 2, 2, 12, 14);
insert into EJEMPLAR (id, nombre, fecha_publicacion, id_idioma, id_formato, id_palabra_clave, id_editorial) values (18, '2 ou 3 choses que je sais d''elle (2 or 3 Things I Know About Her)', CONVERT (DATE, '08/04/2011',103), 1, 2, 73, 16);
insert into EJEMPLAR (id, nombre, fecha_publicacion, id_idioma, id_formato, id_palabra_clave, id_editorial) values (19, 'Now You See Him, Now You Don''t', CONVERT (DATE, '04/19/2002',103), 1, 1, 4, 13);
insert into EJEMPLAR (id, nombre, fecha_publicacion, id_idioma, id_formato, id_palabra_clave, id_editorial) values (20, 'Bad News Bears', CONVERT (DATE, '05/03/2022',103), 1, 2, 94, 19);
insert into EJEMPLAR (id, nombre, fecha_publicacion, id_idioma, id_formato, id_palabra_clave, id_editorial) values (21, 'Condo Painting', CONVERT (DATE, '12/30/2014',103), 2, 1, 10, 9);
insert into EJEMPLAR (id, nombre, fecha_publicacion, id_idioma, id_formato, id_palabra_clave, id_editorial) values (22, 'Cremaster 5', CONVERT (DATE, '11/22/2014',103), 2, 2, 8, 17);
insert into EJEMPLAR (id, nombre, fecha_publicacion, id_idioma, id_formato, id_palabra_clave, id_editorial) values (23, 'Dream for an Insomniac', CONVERT (DATE, '03/26/2015',103), 2, 1, 49, 16);
insert into EJEMPLAR (id, nombre, fecha_publicacion, id_idioma, id_formato, id_palabra_clave, id_editorial) values (24, 'Babylon 5: The Lost Tales - Voices in the Dark', CONVERT (DATE, '04/20/2016',103), 2, 1, 85, 4);
insert into EJEMPLAR (id, nombre, fecha_publicacion, id_idioma, id_formato, id_palabra_clave, id_editorial) values (25, 'Black and White', CONVERT (DATE, '05/27/2019',103), 2, 1, 5, 11);
insert into EJEMPLAR (id, nombre, fecha_publicacion, id_idioma, id_formato, id_palabra_clave, id_editorial) values (26, 'At Land', CONVERT (DATE, '10/29/2010',103), 2, 2, 8, 4);
insert into EJEMPLAR (id, nombre, fecha_publicacion, id_idioma, id_formato, id_palabra_clave, id_editorial) values (27, 'Lost and Delirious', CONVERT (DATE, '02/03/2004',103), 2, 2, 61, 1);
insert into EJEMPLAR (id, nombre, fecha_publicacion, id_idioma, id_formato, id_palabra_clave, id_editorial) values (28, 'Dancemaker', CONVERT (DATE, '04/19/2020',103), 2, 1, 77, 18);
insert into EJEMPLAR (id, nombre, fecha_publicacion, id_idioma, id_formato, id_palabra_clave, id_editorial) values (29, 'Blinkity Blank', CONVERT (DATE, '11/28/2018',103), 2, 1, 4, 15);
insert into EJEMPLAR (id, nombre, fecha_publicacion, id_idioma, id_formato, id_palabra_clave, id_editorial) values (30, 'Viridiana', CONVERT (DATE, '01/21/2014',103), 2, 1, 41, 19);
insert into EJEMPLAR (id, nombre, fecha_publicacion, id_idioma, id_formato, id_palabra_clave, id_editorial) values (31, 'In a Better World (Hævnen)', CONVERT (DATE, '08/14/2007',103), 1, 2, 64, 12);
insert into EJEMPLAR (id, nombre, fecha_publicacion, id_idioma, id_formato, id_palabra_clave, id_editorial) values (32, 'The Missing', CONVERT (DATE, '08/05/2001',103), 1, 2, 64, 16);
insert into EJEMPLAR (id, nombre, fecha_publicacion, id_idioma, id_formato, id_palabra_clave, id_editorial) values (33, 'Nightmaster (Watch the Shadows Dance)', CONVERT (DATE, '06/02/2013',103), 2, 2, 47, 15);
insert into EJEMPLAR (id, nombre, fecha_publicacion, id_idioma, id_formato, id_palabra_clave, id_editorial) values (34, 'Georgia Rule', CONVERT (DATE, '07/16/2006',103), 2, 1, 100, 15);
insert into EJEMPLAR (id, nombre, fecha_publicacion, id_idioma, id_formato, id_palabra_clave, id_editorial) values (35, 'Nitro Circus: The Movie', CONVERT (DATE, '12/15/2007',103), 1, 2, 35, 5);
insert into EJEMPLAR (id, nombre, fecha_publicacion, id_idioma, id_formato, id_palabra_clave, id_editorial) values (36, 'Louis C.K.: Oh My God', CONVERT (DATE, '02/28/2005',103), 1, 2, 96, 20);
insert into EJEMPLAR (id, nombre, fecha_publicacion, id_idioma, id_formato, id_palabra_clave, id_editorial) values (37, 'Jonah Who Will Be 25 in the Year 2000 (Jonas qui aura 25 ans en l''an 2000)', CONVERT (DATE, '05/13/2009',103), 1, 2, 50, 2);
insert into EJEMPLAR (id, nombre, fecha_publicacion, id_idioma, id_formato, id_palabra_clave, id_editorial) values (38, '...All the Marbles (California Dolls, The)', CONVERT (DATE, '08/22/2020',103), 1, 2, 32, 10);
insert into EJEMPLAR (id, nombre, fecha_publicacion, id_idioma, id_formato, id_palabra_clave, id_editorial) values (39, 'Bonsái', CONVERT (DATE, '12/06/2002',103), 2, 2, 90, 19);
insert into EJEMPLAR (id, nombre, fecha_publicacion, id_idioma, id_formato, id_palabra_clave, id_editorial) values (40, 'Recess: School''s Out', CONVERT (DATE, '08/26/2013',103), 1, 2, 61, 13);
insert into EJEMPLAR (id, nombre, fecha_publicacion, id_idioma, id_formato, id_palabra_clave, id_editorial) values (41, 'The Big Cube', CONVERT (DATE, '04/27/2004',103), 2, 1, 85, 12);
insert into EJEMPLAR (id, nombre, fecha_publicacion, id_idioma, id_formato, id_palabra_clave, id_editorial) values (42, 'Study in Terror, A', CONVERT (DATE, '03/17/2015',103), 2, 2, 68, 11);
insert into EJEMPLAR (id, nombre, fecha_publicacion, id_idioma, id_formato, id_palabra_clave, id_editorial) values (43, 'An American Hippie in Israel', CONVERT (DATE, '06/07/2001',103), 1, 1, 28, 3);
insert into EJEMPLAR (id, nombre, fecha_publicacion, id_idioma, id_formato, id_palabra_clave, id_editorial) values (44, 'Panic Room', CONVERT (DATE, '10/22/2013',103), 2, 1, 9, 7);
insert into EJEMPLAR (id, nombre, fecha_publicacion, id_idioma, id_formato, id_palabra_clave, id_editorial) values (45, 'Slasher House', CONVERT (DATE, '09/16/2008',103), 2, 1, 54, 14);
insert into EJEMPLAR (id, nombre, fecha_publicacion, id_idioma, id_formato, id_palabra_clave, id_editorial) values (46, 'Criminal', CONVERT (DATE, '07/21/2008',103), 2, 1, 71, 17);
insert into EJEMPLAR (id, nombre, fecha_publicacion, id_idioma, id_formato, id_palabra_clave, id_editorial) values (47, 'You, Me and Dupree', CONVERT (DATE, '04/02/2005',103), 1, 1, 63, 2);
insert into EJEMPLAR (id, nombre, fecha_publicacion, id_idioma, id_formato, id_palabra_clave, id_editorial) values (48, 'Black Death', CONVERT (DATE, '09/17/2009',103), 1, 2, 95, 12);
insert into EJEMPLAR (id, nombre, fecha_publicacion, id_idioma, id_formato, id_palabra_clave, id_editorial) values (49, 'Quadrille', CONVERT (DATE, '01/08/2012',103), 1, 1, 37, 16);
insert into EJEMPLAR (id, nombre, fecha_publicacion, id_idioma, id_formato, id_palabra_clave, id_editorial) values (50, 'Father, The (Pedar)', CONVERT (DATE, '06/15/2011',103), 2, 1, 48, 20);
insert into EJEMPLAR (id, nombre, fecha_publicacion, id_idioma, id_formato, id_palabra_clave, id_editorial) values (51, 'Keeping Up with the Steins', CONVERT (DATE, '05/12/2012',103), 1, 2, 25, 6);
insert into EJEMPLAR (id, nombre, fecha_publicacion, id_idioma, id_formato, id_palabra_clave, id_editorial) values (52, 'How Much Wood Would a Woodchuck Chuck (Beobachtungen zu einer neuen Sprache)', CONVERT (DATE, '11/19/2002',103), 2, 1, 53, 3);
insert into EJEMPLAR (id, nombre, fecha_publicacion, id_idioma, id_formato, id_palabra_clave, id_editorial) values (53, 'Last Resort (National Lampoon''s Last Resort)', CONVERT (DATE, '04/27/2008',103), 1, 1, 11, 17);
insert into EJEMPLAR (id, nombre, fecha_publicacion, id_idioma, id_formato, id_palabra_clave, id_editorial) values (54, 'The Child and the Policeman', CONVERT (DATE, '08/09/2005',103), 1, 2, 89, 18);
insert into EJEMPLAR (id, nombre, fecha_publicacion, id_idioma, id_formato, id_palabra_clave, id_editorial) values (55, 'Possessed (Besat)', CONVERT (DATE, '03/25/2011',103), 2, 2, 81, 1);
insert into EJEMPLAR (id, nombre, fecha_publicacion, id_idioma, id_formato, id_palabra_clave, id_editorial) values (56, 'Roman Holiday', CONVERT (DATE, '04/17/2014',103), 1, 1, 12, 19);
insert into EJEMPLAR (id, nombre, fecha_publicacion, id_idioma, id_formato, id_palabra_clave, id_editorial) values (57, 'After Alice (Eye of the Killer)', CONVERT (DATE, '03/23/2011',103), 2, 2, 22, 19);
insert into EJEMPLAR (id, nombre, fecha_publicacion, id_idioma, id_formato, id_palabra_clave, id_editorial) values (58, 'Jönssonligan dyker upp igen', CONVERT (DATE, '11/13/2017',103), 1, 2, 81, 20);
insert into EJEMPLAR (id, nombre, fecha_publicacion, id_idioma, id_formato, id_palabra_clave, id_editorial) values (59, 'Equilibrium', CONVERT (DATE, '01/31/2013',103), 2, 2, 87, 14);
insert into EJEMPLAR (id, nombre, fecha_publicacion, id_idioma, id_formato, id_palabra_clave, id_editorial) values (60, 'Gospel According to St. Matthew, The (Vangelo secondo Matteo, Il)', CONVERT (DATE, '10/14/2017',103), 1, 1, 57, 19);
insert into EJEMPLAR (id, nombre, fecha_publicacion, id_idioma, id_formato, id_palabra_clave, id_editorial) values (61, 'Big Snit, The', CONVERT (DATE, '03/15/2022',103), 1, 1, 91, 8);
insert into EJEMPLAR (id, nombre, fecha_publicacion, id_idioma, id_formato, id_palabra_clave, id_editorial) values (62, 'Love and Honor', CONVERT (DATE, '12/15/2017',103), 2, 1, 93, 13);
insert into EJEMPLAR (id, nombre, fecha_publicacion, id_idioma, id_formato, id_palabra_clave, id_editorial) values (63, 'The Gentleman from Epsom', CONVERT (DATE, '05/26/2016',103), 1, 1, 68, 8);
insert into EJEMPLAR (id, nombre, fecha_publicacion, id_idioma, id_formato, id_palabra_clave, id_editorial) values (64, 'Futuresport', CONVERT (DATE, '10/03/2013',103), 1, 2, 94, 3);
insert into EJEMPLAR (id, nombre, fecha_publicacion, id_idioma, id_formato, id_palabra_clave, id_editorial) values (65, 'Not Reconciled (Nicht versöhnt oder Es hilft nur Gewalt wo Gewalt herrscht)', CONVERT (DATE, '12/15/2016',103), 2, 1, 14, 9);
insert into EJEMPLAR (id, nombre, fecha_publicacion, id_idioma, id_formato, id_palabra_clave, id_editorial) values (66, 'Sicily! (Sicilia!)', CONVERT (DATE, '05/19/2003',103), 2, 1, 81, 3);
insert into EJEMPLAR (id, nombre, fecha_publicacion, id_idioma, id_formato, id_palabra_clave, id_editorial) values (67, 'Matrix Revolutions, The', CONVERT (DATE, '10/11/2020',103), 2, 1, 9, 10);
insert into EJEMPLAR (id, nombre, fecha_publicacion, id_idioma, id_formato, id_palabra_clave, id_editorial) values (68, 'Teenage Caveman', CONVERT (DATE, '03/11/2016',103), 2, 2, 32, 2);
insert into EJEMPLAR (id, nombre, fecha_publicacion, id_idioma, id_formato, id_palabra_clave, id_editorial) values (69, 'Little Soldier, The (Petit soldat, Le)', CONVERT (DATE, '03/14/2005',103), 2, 2, 99, 17);
insert into EJEMPLAR (id, nombre, fecha_publicacion, id_idioma, id_formato, id_palabra_clave, id_editorial) values (70, 'Workingman''s Death', CONVERT (DATE, '07/11/2016',103), 1, 2, 4, 9);
insert into EJEMPLAR (id, nombre, fecha_publicacion, id_idioma, id_formato, id_palabra_clave, id_editorial) values (71, 'Mutant Action (Acción Mutante)', CONVERT (DATE, '04/25/2003',103), 2, 1, 32, 11);
insert into EJEMPLAR (id, nombre, fecha_publicacion, id_idioma, id_formato, id_palabra_clave, id_editorial) values (72, 'Saving Face', CONVERT (DATE, '01/14/2013',103), 1, 2, 64, 4);
insert into EJEMPLAR (id, nombre, fecha_publicacion, id_idioma, id_formato, id_palabra_clave, id_editorial) values (73, 'Why Not Me? (Pourquoi pas moi ?)', CONVERT (DATE, '11/28/2009',103), 1, 1, 50, 13);
insert into EJEMPLAR (id, nombre, fecha_publicacion, id_idioma, id_formato, id_palabra_clave, id_editorial) values (74, 'Meatballs 4', CONVERT (DATE, '01/18/2007',103), 2, 1, 27, 2);
insert into EJEMPLAR (id, nombre, fecha_publicacion, id_idioma, id_formato, id_palabra_clave, id_editorial) values (75, 'Plaza Suite', CONVERT (DATE, '08/15/2015',103), 1, 1, 40, 3);
insert into EJEMPLAR (id, nombre, fecha_publicacion, id_idioma, id_formato, id_palabra_clave, id_editorial) values (76, 'Grey Gardens', CONVERT (DATE, '02/23/2022',103), 1, 2, 74, 6);
insert into EJEMPLAR (id, nombre, fecha_publicacion, id_idioma, id_formato, id_palabra_clave, id_editorial) values (77, 'Erin Brockovich', CONVERT (DATE, '06/18/2019',103), 2, 2, 96, 10);
insert into EJEMPLAR (id, nombre, fecha_publicacion, id_idioma, id_formato, id_palabra_clave, id_editorial) values (78, 'Love at First Bite', CONVERT (DATE, '06/18/2001',103), 1, 1, 44, 4);
insert into EJEMPLAR (id, nombre, fecha_publicacion, id_idioma, id_formato, id_palabra_clave, id_editorial) values (79, 'Buck and the Preacher', CONVERT (DATE, '10/25/2020',103), 1, 1, 33, 3);
insert into EJEMPLAR (id, nombre, fecha_publicacion, id_idioma, id_formato, id_palabra_clave, id_editorial) values (80, 'Far and Away', CONVERT (DATE, '12/04/2013',103), 2, 2, 47, 20);
insert into EJEMPLAR (id, nombre, fecha_publicacion, id_idioma, id_formato, id_palabra_clave, id_editorial) values (81, 'Trou, Le (Hole, The) (Night Watch, The)', CONVERT (DATE, '12/03/2012',103), 1, 2, 13, 4);
insert into EJEMPLAR (id, nombre, fecha_publicacion, id_idioma, id_formato, id_palabra_clave, id_editorial) values (82, 'Powder Blue', CONVERT (DATE, '06/25/2007',103), 2, 1, 49, 6);
insert into EJEMPLAR (id, nombre, fecha_publicacion, id_idioma, id_formato, id_palabra_clave, id_editorial) values (83, 'Dead Man and Being Happy, The (El muerto y ser feliz)', CONVERT (DATE, '12/31/2017',103), 2, 2, 16, 5);
insert into EJEMPLAR (id, nombre, fecha_publicacion, id_idioma, id_formato, id_palabra_clave, id_editorial) values (84, 'Playing', CONVERT (DATE, '05/06/2019',103), 2, 1, 9, 8);
insert into EJEMPLAR (id, nombre, fecha_publicacion, id_idioma, id_formato, id_palabra_clave, id_editorial) values (85, 'Falling in Love', CONVERT (DATE, '10/02/2013',103), 2, 2, 51, 12);
insert into EJEMPLAR (id, nombre, fecha_publicacion, id_idioma, id_formato, id_palabra_clave, id_editorial) values (86, 'Garden State', CONVERT (DATE, '09/09/2010',103), 2, 1, 45, 17);
insert into EJEMPLAR (id, nombre, fecha_publicacion, id_idioma, id_formato, id_palabra_clave, id_editorial) values (87, 'Brother of Sleep (Schlafes Bruder)', CONVERT (DATE, '12/22/2002',103), 1, 1, 15, 6);
insert into EJEMPLAR (id, nombre, fecha_publicacion, id_idioma, id_formato, id_palabra_clave, id_editorial) values (88, 'You Kill Me', CONVERT (DATE, '06/06/2004',103), 2, 2, 45, 14);
insert into EJEMPLAR (id, nombre, fecha_publicacion, id_idioma, id_formato, id_palabra_clave, id_editorial) values (89, 'Thrust in Me', CONVERT (DATE, '10/24/2019',103), 2, 2, 96, 1);
insert into EJEMPLAR (id, nombre, fecha_publicacion, id_idioma, id_formato, id_palabra_clave, id_editorial) values (90, 'Viva Max!', CONVERT (DATE, '10/27/2005',103), 2, 2, 82, 6);
insert into EJEMPLAR (id, nombre, fecha_publicacion, id_idioma, id_formato, id_palabra_clave, id_editorial) values (91, 'Our Folks (Sami swoi)', CONVERT (DATE, '04/06/2010',103), 2, 1, 47, 6);
insert into EJEMPLAR (id, nombre, fecha_publicacion, id_idioma, id_formato, id_palabra_clave, id_editorial) values (92, 'Malta G.C.', CONVERT (DATE, '01/01/2019',103), 2, 1, 59, 3);
insert into EJEMPLAR (id, nombre, fecha_publicacion, id_idioma, id_formato, id_palabra_clave, id_editorial) values (93, 'Fade to Black', CONVERT (DATE, '09/04/2006',103), 2, 2, 52, 8);
insert into EJEMPLAR (id, nombre, fecha_publicacion, id_idioma, id_formato, id_palabra_clave, id_editorial) values (94, 'Good Night to Die, A', CONVERT (DATE, '02/13/2003',103), 1, 1, 99, 8);
insert into EJEMPLAR (id, nombre, fecha_publicacion, id_idioma, id_formato, id_palabra_clave, id_editorial) values (95, 'Night of the Generals, The', CONVERT (DATE, '11/11/2008',103), 2, 1, 22, 9);
insert into EJEMPLAR (id, nombre, fecha_publicacion, id_idioma, id_formato, id_palabra_clave, id_editorial) values (96, 'Fahrenheit 9/11', CONVERT (DATE, '10/29/2015',103), 2, 2, 72, 20);
insert into EJEMPLAR (id, nombre, fecha_publicacion, id_idioma, id_formato, id_palabra_clave, id_editorial) values (97, 'Happiness of the Katakuris, The (Katakuri-ke no kôfuku)', CONVERT (DATE, '09/30/2019',103), 1, 1, 22, 13);
insert into EJEMPLAR (id, nombre, fecha_publicacion, id_idioma, id_formato, id_palabra_clave, id_editorial) values (98, 'Mercredi, folle journée!', CONVERT (DATE, '01/28/2020',103), 2, 1, 21, 12);
insert into EJEMPLAR (id, nombre, fecha_publicacion, id_idioma, id_formato, id_palabra_clave, id_editorial) values (99, 'Summer in Berlin (Sommer vorm Balkon)', CONVERT (DATE, '12/14/2001',103), 1, 2, 49, 11);
insert into EJEMPLAR (id, nombre, fecha_publicacion, id_idioma, id_formato, id_palabra_clave, id_editorial) values (100, 'Jaws: The Revenge', CONVERT (DATE, '08/19/2015',103), 2, 1, 94, 6);

--Ocupaciones
insert into OCUPACION (Id, Nombre) values (1, 'Account Representative IV');
insert into OCUPACION (Id, Nombre) values (2, 'Associate Professor');
insert into OCUPACION (Id, Nombre) values (3, 'Research Associate');
insert into OCUPACION (Id, Nombre) values (4, 'Assistant Manager');
insert into OCUPACION (Id, Nombre) values (5, 'Web Designer I');
insert into OCUPACION (Id, Nombre) values (6, 'Clinical Specialist');
insert into OCUPACION (Id, Nombre) values (7, 'General Manager');
insert into OCUPACION (Id, Nombre) values (8, 'Marketing Manager');
insert into OCUPACION (Id, Nombre) values (9, 'Web Developer II');
insert into OCUPACION (Id, Nombre) values (10, 'Compensation Analyst');
insert into OCUPACION (Id, Nombre) values (11, 'Research Nurse');
insert into OCUPACION (Id, Nombre) values (12, 'Help Desk Technician');
insert into OCUPACION (Id, Nombre) values (13, 'Accountant IV');
insert into OCUPACION (Id, Nombre) values (14, 'VP Marketing');
insert into OCUPACION (Id, Nombre) values (15, 'Computer Systems Analyst I');
insert into OCUPACION (Id, Nombre) values (16, 'Project Manager');
insert into OCUPACION (Id, Nombre) values (17, 'Project Manager');
insert into OCUPACION (Id, Nombre) values (18, 'Junior Executive');
insert into OCUPACION (Id, Nombre) values (19, 'Human Resources Manager');
insert into OCUPACION (Id, Nombre) values (20, 'Engineer II');
insert into OCUPACION (Id, Nombre) values (21, 'Senior Cost Accountant');
insert into OCUPACION (Id, Nombre) values (22, 'VP Product Management');
insert into OCUPACION (Id, Nombre) values (23, 'Tax Accountant');
insert into OCUPACION (Id, Nombre) values (24, 'Paralegal');
insert into OCUPACION (Id, Nombre) values (25, 'Analog Circuit Design manager');

--Instituciones

insert into INSTITUCION (Id, Nombre) values (1, 'Twinder');
insert into INSTITUCION (Id, Nombre) values (2, 'Dynazzy');
insert into INSTITUCION (Id, Nombre) values (3, 'Photospace');
insert into INSTITUCION (Id, Nombre) values (4, 'Vipe');
insert into INSTITUCION (Id, Nombre) values (5, 'Skibox');
insert into INSTITUCION (Id, Nombre) values (6, 'Devshare');
insert into INSTITUCION (Id, Nombre) values (7, 'Tazz');
insert into INSTITUCION (Id, Nombre) values (8, 'Devbug');
insert into INSTITUCION (Id, Nombre) values (9, 'Jaxbean');
insert into INSTITUCION (Id, Nombre) values (10, 'Meeveo');
insert into INSTITUCION (Id, Nombre) values (11, 'Avaveo');
insert into INSTITUCION (Id, Nombre) values (12, 'Eamia');
insert into INSTITUCION (Id, Nombre) values (13, 'Browsecat');
insert into INSTITUCION (Id, Nombre) values (14, 'Kwideo');
insert into INSTITUCION (Id, Nombre) values (15, 'Divape');
insert into INSTITUCION (Id, Nombre) values (16, 'Meemm');
insert into INSTITUCION (Id, Nombre) values (17, 'Gigaclub');
insert into INSTITUCION (Id, Nombre) values (18, 'Centidel');
insert into INSTITUCION (Id, Nombre) values (19, 'Eare');
insert into INSTITUCION (Id, Nombre) values (20, 'Einti');

--Usuario


--Administrador

insert into ADMINISTRADOR (Id, Nombre, Contraseña, Id_Tipo) values (1, 'Richard', 'X3sq8SAqaT', 1);
insert into ADMINISTRADOR (Id, Nombre, Contraseña, Id_Tipo) values (2, 'Robles', 'oRIGXF1R', 2);
insert into ADMINISTRADOR (Id, Nombre, Contraseña, Id_Tipo) values (3, 'Alejo', 'SHwQOct7', 1);
insert into ADMINISTRADOR (Id, Nombre, Contraseña, Id_Tipo) values (4, 'Tony', 'qSLXjEX2e', 2);

--Tipo

insert into TIPO (Id, TIPO) values (1, 'Admin');
insert into TIPO (Id, Tipo) values (2, 'User');

insert into USUARIO (id, Nombre, Email, Dirección, Telefono, Id_Institucion, Id_Ocupacion) values (1, 'Tricia Lembcke', 'tlembcke0@themeforest.net', 'tlembcke0@google.com', '+62 (221) 921-6473', 19, 2);
insert into USUARIO (id, Nombre, Email, Dirección, Telefono, Id_Institucion, Id_Ocupacion) values (2, 'Cesaro Zavattari', 'czavattari1@multiply.com', 'czavattari1@telegraph.co.uk', '+880 (537) 383-5336', 1, 15);
insert into USUARIO (id, Nombre, Email, Dirección, Telefono, Id_Institucion, Id_Ocupacion) values (3, 'Leslie Turrill', 'lturrill2@goo.ne.jp', 'lturrill2@webnode.com', '+55 (347) 423-2885', 17, 20);
insert into USUARIO (id, Nombre, Email, Dirección, Telefono, Id_Institucion, Id_Ocupacion) values (4, 'Jerrine Willars', 'jwillars3@cornell.edu', 'jwillars3@360.cn', '+48 (100) 281-8077', 18, 21);
insert into USUARIO (id, Nombre, Email, Dirección, Telefono, Id_Institucion, Id_Ocupacion) values (5, 'Anabelle Wiggins', 'awiggins4@census.gov', 'awiggins4@bloglovin.com', '+60 (906) 641-2872', 12, 24);
insert into USUARIO (id, Nombre, Email, Dirección, Telefono, Id_Institucion, Id_Ocupacion) values (6, 'Gaspar Grigorescu', 'ggrigorescu5@home.pl', 'ggrigorescu5@xing.com', '+86 (180) 919-9458', 1, 7);
insert into USUARIO (id, Nombre, Email, Dirección, Telefono, Id_Institucion, Id_Ocupacion) values (7, 'Brendis Shelley', 'bshelley6@aol.com', 'bshelley6@biblegateway.com', '+33 (698) 383-8768', 9, 7);
insert into USUARIO (id, Nombre, Email, Dirección, Telefono, Id_Institucion, Id_Ocupacion) values (8, 'Bernard Osbourne', 'bosbourne7@yandex.ru', 'bosbourne7@e-recht24.de', '+49 (376) 880-4767', 17, 15);
insert into USUARIO (id, Nombre, Email, Dirección, Telefono, Id_Institucion, Id_Ocupacion) values (9, 'Blinny Duell', 'bduell8@nih.gov', 'bduell8@discovery.com', '+66 (949) 977-2594', 3, 24);
insert into USUARIO (id, Nombre, Email, Dirección, Telefono, Id_Institucion, Id_Ocupacion) values (10, 'Doroteya Jammet', 'djammet9@multiply.com', 'djammet9@mozilla.org', '+507 (799) 926-5234', 15, 6);
insert into USUARIO (id, Nombre, Email, Dirección, Telefono, Id_Institucion, Id_Ocupacion) values (11, 'Leopold Dampier', 'ldampiera@marriott.com', 'ldampiera@surveymonkey.com', '+55 (452) 909-6559', 18, 12);
insert into USUARIO (id, Nombre, Email, Dirección, Telefono, Id_Institucion, Id_Ocupacion) values (12, 'Shoshanna Wormstone', 'swormstoneb@studiopress.com', 'swormstoneb@networksolutions.com', '+86 (794) 330-0050', 13, 4);
insert into USUARIO (id, Nombre, Email, Dirección, Telefono, Id_Institucion, Id_Ocupacion) values (13, 'Fair Glenn', 'fglennc@cyberchimps.com', 'fglennc@google.ru', '+86 (882) 315-5365', 8, 17);
insert into USUARIO (id, Nombre, Email, Dirección, Telefono, Id_Institucion, Id_Ocupacion) values (14, 'Jerrine Cleveley', 'jcleveleyd@github.io', 'jcleveleyd@surveymonkey.com', '+261 (472) 526-1323', 20, 21);
insert into USUARIO (id, Nombre, Email, Dirección, Telefono, Id_Institucion, Id_Ocupacion) values (15, 'Claudelle Hymus', 'chymuse@nhs.uk', 'chymuse@bravesites.com', '+63 (181) 140-0498', 16, 18);
insert into USUARIO (id, Nombre, Email, Dirección, Telefono, Id_Institucion, Id_Ocupacion) values (16, 'Curry Banane', 'cbananef@mysql.com', 'cbananef@cisco.com', '+86 (242) 980-9594', 6, 11);
insert into USUARIO (id, Nombre, Email, Dirección, Telefono, Id_Institucion, Id_Ocupacion) values (17, 'Deni Tewes', 'dtewesg@g.co', 'dtewesg@army.mil', '+251 (400) 516-9134', 16, 13);
insert into USUARIO (id, Nombre, Email, Dirección, Telefono, Id_Institucion, Id_Ocupacion) values (18, 'Abram Wooffinden', 'awooffindenh@vinaora.com', 'awooffindenh@patch.com', '+66 (857) 315-3152', 18, 19);
insert into USUARIO (id, Nombre, Email, Dirección, Telefono, Id_Institucion, Id_Ocupacion) values (19, 'Heddi Sexti', 'hsextii@utexas.edu', 'hsextii@cargocollective.com', '+51 (225) 786-0693', 17, 21);
insert into USUARIO (id, Nombre, Email, Dirección, Telefono, Id_Institucion, Id_Ocupacion) values (20, 'Matthias Justham', 'mjusthamj@example.com', 'mjusthamj@usnews.com', '+358 (494) 239-8896', 11, 1);
insert into USUARIO (id, Nombre, Email, Dirección, Telefono, Id_Institucion, Id_Ocupacion) values (21, 'Hashim Ploughwright', 'hploughwrightk@latimes.com', 'hploughwrightk@pinterest.com', '+1 (805) 970-5328', 12, 18);
insert into USUARIO (id, Nombre, Email, Dirección, Telefono, Id_Institucion, Id_Ocupacion) values (22, 'Noe Baalham', 'nbaalhaml@chronoengine.com', 'nbaalhaml@blogs.com', '+86 (949) 647-9568', 20, 11);
insert into USUARIO (id, Nombre, Email, Dirección, Telefono, Id_Institucion, Id_Ocupacion) values (23, 'Peyter Gales', 'pgalesm@disqus.com', 'pgalesm@hhs.gov', '+46 (551) 239-4170', 18, 18);
insert into USUARIO (id, Nombre, Email, Dirección, Telefono, Id_Institucion, Id_Ocupacion) values (24, 'Norina Zini', 'nzinin@baidu.com', 'nzinin@imdb.com', '+55 (851) 712-5046', 4, 17);
insert into USUARIO (id, Nombre, Email, Dirección, Telefono, Id_Institucion, Id_Ocupacion) values (25, 'Erick Drable', 'edrableo@mashable.com', 'edrableo@yale.edu', '+374 (320) 391-8034', 7, 21);
insert into USUARIO (id, Nombre, Email, Dirección, Telefono, Id_Institucion, Id_Ocupacion) values (26, 'Annmaria Ambrosi', 'aambrosip@sitemeter.com', 'aambrosip@census.gov', '+86 (976) 325-9957', 1, 6);
insert into USUARIO (id, Nombre, Email, Dirección, Telefono, Id_Institucion, Id_Ocupacion) values (27, 'Nicky Blaschke', 'nblaschkeq@pinterest.com', 'nblaschkeq@biglobe.ne.jp', '+62 (488) 182-0448', 14, 1);
insert into USUARIO (id, Nombre, Email, Dirección, Telefono, Id_Institucion, Id_Ocupacion) values (28, 'Perrine Giacopelo', 'pgiacopelor@ftc.gov', 'pgiacopelor@themeforest.net', '+351 (315) 931-4493', 8, 2);
insert into USUARIO (id, Nombre, Email, Dirección, Telefono, Id_Institucion, Id_Ocupacion) values (29, 'Elsie Dutchburn', 'edutchburns@sbwire.com', 'edutchburns@wikispaces.com', '+380 (696) 617-3923', 4, 7);
insert into USUARIO (id, Nombre, Email, Dirección, Telefono, Id_Institucion, Id_Ocupacion) values (30, 'Fernanda Heigho', 'fheighot@princeton.edu', 'fheighot@go.com', '+31 (878) 238-6089', 11, 20);
insert into USUARIO (id, Nombre, Email, Dirección, Telefono, Id_Institucion, Id_Ocupacion) values (31, 'Caterina Grocock', 'cgrococku@yellowbook.com', 'cgrococku@addthis.com', '+62 (300) 448-3796', 5, 22);
insert into USUARIO (id, Nombre, Email, Dirección, Telefono, Id_Institucion, Id_Ocupacion) values (32, 'Lucita Griffiths', 'lgriffithsv@addtoany.com', 'lgriffithsv@slashdot.org', '+86 (840) 710-0704', 14, 3);
insert into USUARIO (id, Nombre, Email, Dirección, Telefono, Id_Institucion, Id_Ocupacion) values (33, 'Maritsa Cookman', 'mcookmanw@businessinsider.com', 'mcookmanw@umn.edu', '+52 (796) 810-3228', 8, 3);
insert into USUARIO (id, Nombre, Email, Dirección, Telefono, Id_Institucion, Id_Ocupacion) values (34, 'Gunilla Margrett', 'gmargrettx@exblog.jp', 'gmargrettx@cbc.ca', '+373 (640) 520-4487', 11, 24);
insert into USUARIO (id, Nombre, Email, Dirección, Telefono, Id_Institucion, Id_Ocupacion) values (35, 'Dougie Mallord', 'dmallordy@nature.com', 'dmallordy@arizona.edu', '+46 (255) 559-1054', 3, 21);
insert into USUARIO (id, Nombre, Email, Dirección, Telefono, Id_Institucion, Id_Ocupacion) values (36, 'Leticia MacFaul', 'lmacfaulz@cyberchimps.com', 'lmacfaulz@rakuten.co.jp', '+260 (999) 423-7945', 14, 24);
insert into USUARIO (id, Nombre, Email, Dirección, Telefono, Id_Institucion, Id_Ocupacion) values (37, 'Jacinthe Shingler', 'jshingler10@mac.com', 'jshingler10@dropbox.com', '+62 (428) 461-5469', 20, 14);
insert into USUARIO (id, Nombre, Email, Dirección, Telefono, Id_Institucion, Id_Ocupacion) values (38, 'Silvano Brosius', 'sbrosius11@google.es', 'sbrosius11@slideshare.net', '+62 (638) 584-5685', 9, 7);
insert into USUARIO (id, Nombre, Email, Dirección, Telefono, Id_Institucion, Id_Ocupacion) values (39, 'Hyacinthie Wolverson', 'hwolverson12@vistaprint.com', 'hwolverson12@opera.com', '+86 (943) 418-7820', 1, 4);
insert into USUARIO (id, Nombre, Email, Dirección, Telefono, Id_Institucion, Id_Ocupacion) values (40, 'Leilah Phippard', 'lphippard13@com.com', 'lphippard13@ask.com', '+7 (505) 376-3838', 18, 20);
insert into USUARIO (id, Nombre, Email, Dirección, Telefono, Id_Institucion, Id_Ocupacion) values (41, 'Aldo Coyish', 'acoyish14@dropbox.com', 'acoyish14@nps.gov', '+86 (332) 723-5674', 1, 21);
insert into USUARIO (id, Nombre, Email, Dirección, Telefono, Id_Institucion, Id_Ocupacion) values (42, 'Chrysler Hehir', 'chehir15@vinaora.com', 'chehir15@google.nl', '+55 (481) 564-9071', 1, 15);
insert into USUARIO (id, Nombre, Email, Dirección, Telefono, Id_Institucion, Id_Ocupacion) values (43, 'Bride Anthoney', 'banthoney16@uol.com.br', 'banthoney16@apache.org', '+355 (824) 980-2297', 7, 13);
insert into USUARIO (id, Nombre, Email, Dirección, Telefono, Id_Institucion, Id_Ocupacion) values (44, 'Steffen Bamborough', 'sbamborough17@csmonitor.com', 'sbamborough17@yelp.com', '+385 (305) 797-3767', 4, 3);
insert into USUARIO (id, Nombre, Email, Dirección, Telefono, Id_Institucion, Id_Ocupacion) values (45, 'Torrin Pieracci', 'tpieracci18@studiopress.com', 'tpieracci18@angelfire.com', '+55 (474) 564-6374', 10, 6);
insert into USUARIO (id, Nombre, Email, Dirección, Telefono, Id_Institucion, Id_Ocupacion) values (46, 'Emalia Castilljo', 'ecastilljo19@shinystat.com', 'ecastilljo19@cocolog-nifty.com', '+52 (656) 546-9642', 9, 25);
insert into USUARIO (id, Nombre, Email, Dirección, Telefono, Id_Institucion, Id_Ocupacion) values (47, 'Agosto Mapham', 'amapham1a@feedburner.com', 'amapham1a@quantcast.com', '+48 (388) 443-2051', 15, 3);
insert into USUARIO (id, Nombre, Email, Dirección, Telefono, Id_Institucion, Id_Ocupacion) values (48, 'Domenic Lambot', 'dlambot1b@flavors.me', 'dlambot1b@naver.com', '+62 (264) 534-3215', 17, 10);
insert into USUARIO (id, Nombre, Email, Dirección, Telefono, Id_Institucion, Id_Ocupacion) values (49, 'Adrian D''Alesio', 'adalesio1c@tamu.edu', 'adalesio1c@tinyurl.com', '+63 (385) 720-0694', 11, 13);
insert into USUARIO (id, Nombre, Email, Dirección, Telefono, Id_Institucion, Id_Ocupacion) values (50, 'Jeremie Hauck', 'jhauck1d@businessinsider.com', 'jhauck1d@google.de', '+62 (455) 244-4436', 4, 12);
insert into USUARIO (id, Nombre, Email, Dirección, Telefono, Id_Institucion, Id_Ocupacion) values (51, 'Vinnie Umbert', 'vumbert1e@cpanel.net', 'vumbert1e@discovery.com', '+66 (848) 745-1354', 4, 11);
insert into USUARIO (id, Nombre, Email, Dirección, Telefono, Id_Institucion, Id_Ocupacion) values (52, 'Bethanne Godon', 'bgodon1f@behance.net', 'bgodon1f@fotki.com', '+81 (591) 908-0812', 18, 21);
insert into USUARIO (id, Nombre, Email, Dirección, Telefono, Id_Institucion, Id_Ocupacion) values (53, 'Berti Northway', 'bnorthway1g@ehow.com', 'bnorthway1g@miibeian.gov.cn', '+86 (946) 867-8219', 9, 1);
insert into USUARIO (id, Nombre, Email, Dirección, Telefono, Id_Institucion, Id_Ocupacion) values (54, 'Yoko Winckworth', 'ywinckworth1h@acquirethisname.com', 'ywinckworth1h@yellowpages.com', '+55 (923) 577-9793', 18, 6);
insert into USUARIO (id, Nombre, Email, Dirección, Telefono, Id_Institucion, Id_Ocupacion) values (55, 'Ronni Mealham', 'rmealham1i@jugem.jp', 'rmealham1i@buzzfeed.com', '+223 (953) 401-7575', 10, 17);
insert into USUARIO (id, Nombre, Email, Dirección, Telefono, Id_Institucion, Id_Ocupacion) values (56, 'Noreen Lowey', 'nlowey1j@opensource.org', 'nlowey1j@youtu.be', '+98 (997) 921-5052', 14, 9);
insert into USUARIO (id, Nombre, Email, Dirección, Telefono, Id_Institucion, Id_Ocupacion) values (57, 'Rona Merricks', 'rmerricks1k@newyorker.com', 'rmerricks1k@dedecms.com', '+86 (211) 633-7278', 12, 3);
insert into USUARIO (id, Nombre, Email, Dirección, Telefono, Id_Institucion, Id_Ocupacion) values (58, 'Cassie Cogswell', 'ccogswell1l@stanford.edu', 'ccogswell1l@live.com', '+27 (551) 657-4538', 20, 23);
insert into USUARIO (id, Nombre, Email, Dirección, Telefono, Id_Institucion, Id_Ocupacion) values (59, 'Prent Retallick', 'pretallick1m@hud.gov', 'pretallick1m@cyberchimps.com', '+504 (990) 468-3558', 12, 25);
insert into USUARIO (id, Nombre, Email, Dirección, Telefono, Id_Institucion, Id_Ocupacion) values (60, 'Euphemia Gilffilland', 'egilffilland1n@ning.com', 'egilffilland1n@microsoft.com', '+62 (204) 713-0210', 16, 20);
insert into USUARIO (id, Nombre, Email, Dirección, Telefono, Id_Institucion, Id_Ocupacion) values (61, 'Menard Stokes', 'mstokes1o@booking.com', 'mstokes1o@hibu.com', '+970 (234) 376-4245', 10, 2);
insert into USUARIO (id, Nombre, Email, Dirección, Telefono, Id_Institucion, Id_Ocupacion) values (62, 'Miguela Hedylstone', 'mhedylstone1p@adobe.com', 'mhedylstone1p@bigcartel.com', '+86 (125) 189-0933', 4, 8);
insert into USUARIO (id, Nombre, Email, Dirección, Telefono, Id_Institucion, Id_Ocupacion) values (63, 'Calypso Gotcliffe', 'cgotcliffe1q@wp.com', 'cgotcliffe1q@mlb.com', '+55 (250) 203-4913', 13, 13);
insert into USUARIO (id, Nombre, Email, Dirección, Telefono, Id_Institucion, Id_Ocupacion) values (64, 'Tedi Coleborn', 'tcoleborn1r@elegantthemes.com', 'tcoleborn1r@issuu.com', '+62 (186) 950-3623', 19, 8);
insert into USUARIO (id, Nombre, Email, Dirección, Telefono, Id_Institucion, Id_Ocupacion) values (65, 'Minnnie Culley', 'mculley1s@hao123.com', 'mculley1s@samsung.com', '+62 (357) 591-6931', 7, 18);
insert into USUARIO (id, Nombre, Email, Dirección, Telefono, Id_Institucion, Id_Ocupacion) values (66, 'Marleah De Maria', 'mde1t@quantcast.com', 'mde1t@imageshack.us', '+86 (268) 469-1392', 8, 5);
insert into USUARIO (id, Nombre, Email, Dirección, Telefono, Id_Institucion, Id_Ocupacion) values (67, 'Burton Penhale', 'bpenhale1u@goodreads.com', 'bpenhale1u@yolasite.com', '+420 (758) 529-6268', 11, 1);
insert into USUARIO (id, Nombre, Email, Dirección, Telefono, Id_Institucion, Id_Ocupacion) values (68, 'Kerby Swarbrigg', 'kswarbrigg1v@discuz.net', 'kswarbrigg1v@unicef.org', '+62 (413) 804-7548', 10, 12);
insert into USUARIO (id, Nombre, Email, Dirección, Telefono, Id_Institucion, Id_Ocupacion) values (69, 'Jemie Divell', 'jdivell1w@liveinternet.ru', 'jdivell1w@blogger.com', '+81 (381) 349-1817', 13, 2);
insert into USUARIO (id, Nombre, Email, Dirección, Telefono, Id_Institucion, Id_Ocupacion) values (70, 'Anni Hartford', 'ahartford1x@nature.com', 'ahartford1x@macromedia.com', '+234 (315) 383-6595', 2, 8);
insert into USUARIO (id, Nombre, Email, Dirección, Telefono, Id_Institucion, Id_Ocupacion) values (71, 'Travis Weigh', 'tweigh1y@hhs.gov', 'tweigh1y@hp.com', '+86 (606) 857-3325', 8, 4);
insert into USUARIO (id, Nombre, Email, Dirección, Telefono, Id_Institucion, Id_Ocupacion) values (72, 'Jodie Dunge', 'jdunge1z@so-net.ne.jp', 'jdunge1z@abc.net.au', '+1 (796) 594-9720', 9, 4);
insert into USUARIO (id, Nombre, Email, Dirección, Telefono, Id_Institucion, Id_Ocupacion) values (73, 'Fanny Shyram', 'fshyram20@tumblr.com', 'fshyram20@nifty.com', '+86 (244) 834-5114', 14, 17);
insert into USUARIO (id, Nombre, Email, Dirección, Telefono, Id_Institucion, Id_Ocupacion) values (74, 'Delcina Baron', 'dbaron21@wordpress.org', 'dbaron21@buzzfeed.com', '+86 (441) 449-9874', 12, 18);
insert into USUARIO (id, Nombre, Email, Dirección, Telefono, Id_Institucion, Id_Ocupacion) values (75, 'Dennie Lace', 'dlace22@printfriendly.com', 'dlace22@amazon.com', '+351 (275) 745-1228', 3, 13);
insert into USUARIO (id, Nombre, Email, Dirección, Telefono, Id_Institucion, Id_Ocupacion) values (76, 'Lindsey Jersh', 'ljersh23@sogou.com', 'ljersh23@hhs.gov', '+7 (282) 155-6090', 5, 22);
insert into USUARIO (id, Nombre, Email, Dirección, Telefono, Id_Institucion, Id_Ocupacion) values (77, 'Cherry Kuzma', 'ckuzma24@ezinearticles.com', 'ckuzma24@blogspot.com', '+676 (442) 856-8787', 6, 4);
insert into USUARIO (id, Nombre, Email, Dirección, Telefono, Id_Institucion, Id_Ocupacion) values (78, 'Thedrick Almond', 'talmond25@cbslocal.com', 'talmond25@wikimedia.org', '+86 (876) 382-2147', 9, 20);
insert into USUARIO (id, Nombre, Email, Dirección, Telefono, Id_Institucion, Id_Ocupacion) values (79, 'Pansie Seeds', 'pseeds26@fema.gov', 'pseeds26@oracle.com', '+86 (687) 186-3022', 2, 3);
insert into USUARIO (id, Nombre, Email, Dirección, Telefono, Id_Institucion, Id_Ocupacion) values (80, 'Carey Newham', 'cnewham27@joomla.org', 'cnewham27@cloudflare.com', '+351 (787) 419-1454', 20, 14);
insert into USUARIO (id, Nombre, Email, Dirección, Telefono, Id_Institucion, Id_Ocupacion) values (81, 'Joel Kellington', 'jkellington28@flickr.com', 'jkellington28@jiathis.com', '+234 (671) 818-8485', 8, 4);
insert into USUARIO (id, Nombre, Email, Dirección, Telefono, Id_Institucion, Id_Ocupacion) values (82, 'Jody Roscoe', 'jroscoe29@w3.org', 'jroscoe29@instagram.com', '+48 (686) 844-0053', 1, 12);
insert into USUARIO (id, Nombre, Email, Dirección, Telefono, Id_Institucion, Id_Ocupacion) values (83, 'Rutherford Misken', 'rmisken2a@npr.org', 'rmisken2a@yahoo.com', '+54 (675) 878-8670', 9, 8);
insert into USUARIO (id, Nombre, Email, Dirección, Telefono, Id_Institucion, Id_Ocupacion) values (84, 'Eliza Deal', 'edeal2b@smugmug.com', 'edeal2b@mtv.com', '+86 (440) 491-1199', 11, 2);
insert into USUARIO (id, Nombre, Email, Dirección, Telefono, Id_Institucion, Id_Ocupacion) values (85, 'Roxane Swett', 'rswett2c@altervista.org', 'rswett2c@washington.edu', '+30 (853) 726-6354', 3, 6);
insert into USUARIO (id, Nombre, Email, Dirección, Telefono, Id_Institucion, Id_Ocupacion) values (86, 'Bron Fernehough', 'bfernehough2d@topsy.com', 'bfernehough2d@phoca.cz', '+63 (874) 656-6532', 16, 17);
insert into USUARIO (id, Nombre, Email, Dirección, Telefono, Id_Institucion, Id_Ocupacion) values (87, 'Trefor Hanburry', 'thanburry2e@freewebs.com', 'thanburry2e@posterous.com', '+46 (102) 396-8978', 17, 13);
insert into USUARIO (id, Nombre, Email, Dirección, Telefono, Id_Institucion, Id_Ocupacion) values (88, 'Perle Sygroves', 'psygroves2f@cdbaby.com', 'psygroves2f@state.gov', '+64 (904) 986-7898', 17, 13);
insert into USUARIO (id, Nombre, Email, Dirección, Telefono, Id_Institucion, Id_Ocupacion) values (89, 'Ashli Fills', 'afills2g@irs.gov', 'afills2g@arstechnica.com', '+86 (218) 415-5317', 13, 24);
insert into USUARIO (id, Nombre, Email, Dirección, Telefono, Id_Institucion, Id_Ocupacion) values (90, 'Bud Brandsen', 'bbrandsen2h@independent.co.uk', 'bbrandsen2h@google.com.br', '+353 (166) 202-6434', 20, 10);
insert into USUARIO (id, Nombre, Email, Dirección, Telefono, Id_Institucion, Id_Ocupacion) values (91, 'Tabina Cunnow', 'tcunnow2i@rakuten.co.jp', 'tcunnow2i@vkontakte.ru', '+7 (426) 699-0013', 3, 24);
insert into USUARIO (id, Nombre, Email, Dirección, Telefono, Id_Institucion, Id_Ocupacion) values (92, 'Rochette Grimbleby', 'rgrimbleby2j@live.com', 'rgrimbleby2j@baidu.com', '+374 (649) 319-0821', 10, 5);
insert into USUARIO (id, Nombre, Email, Dirección, Telefono, Id_Institucion, Id_Ocupacion) values (93, 'Harriet Blowick', 'hblowick2k@newsvine.com', 'hblowick2k@simplemachines.org', '+994 (124) 591-8246', 11, 14);
insert into USUARIO (id, Nombre, Email, Dirección, Telefono, Id_Institucion, Id_Ocupacion) values (94, 'Prudence Rove', 'prove2l@ocn.ne.jp', 'prove2l@free.fr', '+504 (125) 570-2467', 13, 2);
insert into USUARIO (id, Nombre, Email, Dirección, Telefono, Id_Institucion, Id_Ocupacion) values (95, 'Alexandre MacCaughey', 'amaccaughey2m@omniture.com', 'amaccaughey2m@joomla.org', '+62 (228) 991-3232', 4, 21);
insert into USUARIO (id, Nombre, Email, Dirección, Telefono, Id_Institucion, Id_Ocupacion) values (96, 'Tiler Bartolijn', 'tbartolijn2n@jalbum.net', 'tbartolijn2n@shareasale.com', '+62 (795) 144-0220', 14, 8);
insert into USUARIO (id, Nombre, Email, Dirección, Telefono, Id_Institucion, Id_Ocupacion) values (97, 'Griffie Castelot', 'gcastelot2o@gmpg.org', 'gcastelot2o@bizjournals.com', '+63 (390) 382-4455', 5, 3);
insert into USUARIO (id, Nombre, Email, Dirección, Telefono, Id_Institucion, Id_Ocupacion) values (98, 'Verna Garr', 'vgarr2p@indiatimes.com', 'vgarr2p@home.pl', '+57 (136) 487-0464', 18, 2);
insert into USUARIO (id, Nombre, Email, Dirección, Telefono, Id_Institucion, Id_Ocupacion) values (99, 'Reidar Murrum', 'rmurrum2q@bbc.co.uk', 'rmurrum2q@devhub.com', '+39 (567) 371-8982', 8, 10);
insert into USUARIO (id, Nombre, Email, Dirección, Telefono, Id_Institucion, Id_Ocupacion) values (100, 'Natala Hawkin', 'nhawkin2r@cocolog-nifty.com', 'nhawkin2r@yelp.com', '+230 (154) 238-7430', 5, 24);